country,country_code,year,internet_pct,mobile_subs,fixed_broadband,electricity_access,gdp_per_capita,secondary_enroll,urban_pop,mobile_subs_capped,connectivity_index,target_lag1,target_lag2
Aruba,ABW,2004,23.0,105.552873526225,7.46998809178977,100.0,23700.6319899197,100.940940856934,65.0886533661558,105.552873526225,54.64731712333391,44.00060101115241,52.83706960581219
Aruba,ABW,2005,25.4,109.74954897591,13.0255757189855,100.0,24171.8371325422,99.2053527832031,64.9580226442175,109.74954897591,55.11318035954554,54.64731712333391,44.00060101115241
Aruba,ABW,2006,28.0,114.296796377055,14.6270127474002,100.0,24845.65848362,99.8657531738281,64.811270283981,114.296796377055,55.456447747451,55.11318035954554,54.64731712333391
Aruba,ABW,2007,30.9,117.599676975162,16.5612349488026,100.0,26736.3089444046,106.236473083496,64.6532664765254,117.599676975162,56.490996323660326,55.456447747451,55.11318035954554
Aruba,ABW,2008,52.0,123.517202597004,18.8088543530494,100.0,28171.9094008501,97.0627517700195,64.4888814129295,123.517202597004,66.27936433716314,56.490996323660326,55.456447747451
Aruba,ABW,2009,58.0,129.26028780611,18.9851047715223,100.0,25134.7712303589,97.9976272583008,64.3229852842726,129.26028780611,68.15994722397537,66.27936433716314,56.490996323660326
Aruba,ABW,2010,62.0,131.649919092235,19.1951175659748,93.4,24093.1401510626,98.2207412719727,64.1612965549477,131.649919092235,68.75953362938259,68.15994722397537,66.27936433716314
Aruba,ABW,2011,69.0,131.649919092235,,100.0,25712.3843015186,96.633918762207,63.9992605838571,,81.7114515391995,68.75953362938259,68.15994722397537
Aruba,ABW,2012,74.0,132.661183337755,,100.0,25119.6655449838,108.976188659668,63.8252085199599,132.661183337755,85.31929258076312,81.7114515391995,68.75953362938259
Aruba,ABW,2013,78.9,135.338052614131,18.7211139062774,100.0,25813.5714408438,108.976188659668,63.6382914355326,135.338052614131,76.43816319865972,85.31929258076312,81.7114515391995
Aruba,ABW,2014,83.78,135.141671422905,18.573515327987,100.0,26129.8390617693,108.976188659668,63.4392531303795,135.141671422905,78.69919109210363,76.43816319865972,85.31929258076312
Aruba,ABW,2015,88.661226932496,135.337479843354,18.2369653689626,100.0,27458.2201537506,108.976188659668,63.2288374043053,135.337479843354,81.15256685926643,78.69919109210363,76.43816319865972
Aruba,ABW,2016,93.542453865048,135.337479843354,,100.0,27441.5502144601,108.976188659668,63.0077880571142,,96.77353956677386,81.15256685926643,78.69919109210363
Aruba,ABW,2017,97.17,135.337479843354,,100.0,28440.0416881491,108.976188659668,62.7768488886109,,98.36744764809724,96.77353956677386,81.15256685926643
Afghanistan,AFG,2004,0.105809030021958,2.54661861253936,0.000848872870846454,23.8,221.763653873013,19.2143802642822,19.3993593959593,2.54661861253936,4.685499431267148,4.446679779048833,3.2726212155666405
Afghanistan,AFG,2005,1.22414808372471,4.91711244047067,0.00090147061408629,28.7,254.184249149336,20.2735099792481,19.7059095753667,4.91711244047067,6.423019786829235,4.685499431267148,4.446679779048833
Afghanistan,AFG,2006,2.10712364546412,9.91329720539894,0.00196663841787243,33.5,274.218553561575,29.523889541626,20.1104530189181,9.91329720539894,8.459790919408837,6.423019786829235,4.685499431267148
Afghanistan,AFG,2007,1.899999976,18.0166833836025,0.00192976787362583,38.4,376.223152003876,28.8154907226562,20.5906579215423,18.0166833836025,10.38608409805359,8.459790919408837,6.423019786829235
Afghanistan,AFG,2008,1.84,29.8267633771309,0.00188803057340772,42.4,381.73323802844,38.930850982666,21.1241481349633,29.8267633771309,12.938105396213619,10.38608409805359,8.459790919408837
Afghanistan,AFG,2009,3.55,38.2289426518893,0.00364085168113232,48.3,452.053705477043,44.2999496459961,21.6885475109053,38.2289426518893,15.89040454032546,12.938105396213619,10.38608409805359
Afghanistan,AFG,2010,4.0,36.1186814254474,0.00530333503051839,42.7,560.621505463146,50.4406204223633,22.2614799010924,36.1186814254474,14.202965141239282,15.89040454032546,12.938105396213619
Afghanistan,AFG,2011,5.0,47.0151842862822,,43.2,606.694676337726,52.4474296569824,22.8205691572485,47.0151842862822,20.02023582144983,14.202965141239282,15.89040454032546
Afghanistan,AFG,2012,5.454500198,50.1966555403702,0.00490837150246626,69.1,651.417134470046,54.372859954834,23.3434391310979,50.1966555403702,21.55669668755765,20.02023582144983,14.202965141239282
Afghanistan,AFG,2013,5.900000095,53.1490159728276,0.00474342738053014,68.0,637.087099117099,54.8833694458008,23.8077136743646,53.1490159728276,21.449775397039016,21.55669668755765,20.02023582144983
Afghanistan,AFG,2014,7.0,56.1322103822265,0.00457421345713473,89.5,625.054941813938,54.2936515808105,24.1910166387726,56.1322103822265,26.529318081972423,21.449775397039016,21.55669668755765
Afghanistan,AFG,2015,8.260000229,58.256016446556,0.0208886536333134,71.5,565.569730408751,53.1501083374023,24.4649118421568,58.256016446556,23.350986866136765,26.529318081972423,21.449775397039016
Afghanistan,AFG,2016,11.0,62.2553342863232,0.0253626650734575,97.7,522.082215583898,53.4350395202637,24.6588345720126,62.2553342863232,30.456828608107003,23.350986866136765,26.529318081972423
Afghanistan,AFG,2017,13.5,67.0507903920361,0.0257278621511121,97.7,525.469770891619,55.5364303588867,24.8352821238871,67.0507903920361,31.191255039318612,30.456828608107003,23.350986866136765
Afghanistan,AFG,2018,16.79999924,59.8109345283062,0.043542941562346,93.4,491.337221382603,57.3578491210938,24.9991645191406,59.8109345283062,30.19245124946257,31.191255039318612,30.456828608107003
Afghanistan,AFG,2019,17.60000038,59.6470805870469,0.0519942336405782,97.7,496.6025042585,57.3578491210938,25.1437258839803,59.6470805870469,31.66636769271785,30.19245124946257,31.191255039318612
Afghanistan,AFG,2020,17.04850006,58.0461137722591,0.0680079200431626,97.7,510.787063366811,57.3578491210938,25.2622103446137,58.0461137722591,29.92917638003839,31.66636769271785,30.19245124946257
Afghanistan,AFG,2021,16.51429939,56.6944760468967,0.066424315829547,97.7,356.496214115892,57.3578491210938,25.3478620272481,56.6944760468967,27.95116678119726,29.92917638003839,31.66636769271785
Afghanistan,AFG,2022,15.86629963,56.2655188632539,0.0796301678593983,85.3,357.261152798144,57.3578491210938,25.3939250580909,56.2655188632539,26.08885382802799,27.95116678119726,29.92917638003839
Afghanistan,AFG,2023,15.92840004,55.5474967036959,0.0800873028793967,85.3,413.757894705303,59.6136016845703,25.4730529631167,55.5474967036959,24.18273839715891,26.08885382802799,27.95116678119726
Afghanistan,AFG,2024,16.09499931,60.0990815591219,,87.8,416.871146273728,59.6136016845703,25.7007352636188,60.0990815591219,30.374967372997304,24.18273839715891,26.08885382802799
Angola,AGO,2004,0.464814617985909,3.97840414704547,,28.4,1451.47117870872,16.1495990753174,55.0445280863936,3.97840414704547,7.561880156842847,6.997209613090341,6.693809983041042
Angola,AGO,2005,1.143399954,8.35158651156351,,29.4,2145.88621098663,16.1495990753174,56.0,8.35158651156351,8.73580348872244,7.561880156842847,6.997209613090341
Angola,AGO,2006,1.5,15.2614410221311,0.0372615340510617,30.5,2930.44428606516,16.1495990753174,56.8939032662772,15.2614410221311,8.30526198607568,8.73580348872244,7.561880156842847
Angola,AGO,2007,1.700000048,23.8781501760396,0.0563080378857804,37.5,3515.05678985496,16.1495990753174,57.7564632930133,23.8781501760396,10.920019235450589,8.30526198607568,8.73580348872244
Angola,AGO,2008,1.899999976,31.3891482115081,0.0738785619400282,38.5,4578.15526451058,22.7990207672119,58.5851745819614,31.3891482115081,12.41048859854973,10.920019235450589,8.30526198607568
Angola,AGO,2009,2.299999952,36.1789120059347,0.0669201512770172,33.8,3645.14846565169,24.3320198059082,59.3775316348744,36.1789120059347,12.14020960788077,12.41048859854973,10.920019235450589
Angola,AGO,2010,2.799999952,40.3667552771914,0.0643919840565448,35.0,4101.63715564669,28.2108038778932,60.1310289535053,40.3667552771914,12.651226441899325,12.14020960788077,12.41048859854973
Angola,AGO,2011,4.699999809,49.8515258181069,0.0653099765004654,34.6,5184.15269151846,29.6869517832747,60.8431610396073,49.8515258181069,14.507004258344521,12.651226441899325,12.14020960788077
Angola,AGO,2012,7.699999809,50.7801125088641,0.081469909077961,37.3,5702.45306277434,29.6869517832747,61.5114223949332,50.7801125088641,16.035638046620925,14.507004258344521,12.651226441899325
Angola,AGO,2013,13.0,50.7734882643713,0.0851575464292457,38.4,5688.57916213471,29.6869517832747,62.1333075212361,50.7734882643713,17.94754376279892,16.035638046620925,14.507004258344521
Angola,AGO,2014,21.3623407584103,51.7384393645114,0.323076272251349,32.0,5649.68762467535,29.6869517832747,62.723115793241,51.7384393645114,19.897783905141033,17.94754376279892,16.035638046620925
Angola,AGO,2015,22.0,49.3097223014385,0.545394210158053,42.0,3641.72893920253,29.6869517832747,63.51567832685,49.3097223014385,21.68731397619279,19.897783905141033,17.94754376279892
Angola,AGO,2016,23.20000076,44.5502272379157,0.290319010302891,41.8,2082.37343594705,54.4167987304753,64.2992302517989,44.5502272379157,21.13854013628832,21.68731397619279,19.897783905141033
Angola,AGO,2017,26.0,44.0682088632918,0.32055404693903,42.9,2832.14997950512,54.4167987304753,65.0850525086068,44.0682088632918,21.43119435602039,21.13854013628832,21.68731397619279
Angola,AGO,2018,29.0,42.4588784507729,0.350066962955579,45.3,2891.83032378747,54.4167987304753,65.8732136723372,42.4588784507729,22.509924977655846,21.43119435602039,21.13854013628832
Angola,AGO,2019,32.12939835,45.8065312825399,0.367770426844486,45.6,2507.86807213642,54.4167987304753,66.6637823180533,45.8065312825399,24.45358151100978,22.509924977655846,21.43119435602039
Angola,AGO,2020,33.32089996,43.7804317055698,0.363264238710965,47.0,1749.1794838482,54.4167987304753,67.4568270208187,43.7804317055698,23.646005183229036,24.45358151100978,22.509924977655846
Angola,AGO,2021,34.55649948,44.3868689341257,0.39092529517689,48.2,2266.96834861584,53.1351542727131,68.2524163556969,44.3868689341257,22.710446771441813,23.646005183229036,24.45358151100978
Angola,AGO,2022,35.83800125,66.6008073123779,0.386698155907211,48.5,3598.53669077341,53.1351542727131,69.0506188977513,66.6008073123779,28.188204083029028,22.710446771441813,23.646005183229036
Angola,AGO,2023,37.88589859,70.0519587723571,0.373668982990052,51.1,2885.51349130806,51.4839046246776,69.8515032220457,70.0519587723571,28.513905380995254,28.188204083029028,22.710446771441813
Angola,AGO,2024,40.70479965,69.7039467163584,0.362845240712436,55.5,2720.81900669715,51.4839046246776,70.6551379036435,69.7039467163584,29.467361369207175,28.513905380995254,28.188204083029028
Albania,ALB,2004,2.42038779776014,40.6495459161824,,99.4,2446.90949947798,78.9801864624023,44.9784925669394,40.6495459161824,34.809255057570894,32.823791908573114,31.50087951101357
Albania,ALB,2005,6.04389086404814,49.7452829974003,0.0088421957382567,99.4,2741.72136549578,82.9714279174805,45.9937666920583,49.7452829974003,29.241397629351823,34.809255057570894,32.823791908573114
Albania,ALB,2006,9.609999657,62.6025752513514,,99.4,3057.77257038113,84.3257675170898,47.0701050949378,62.6025752513514,40.51309375154429,29.241397629351823,34.809255057570894
Albania,ALB,2007,15.03610039,76.8284093980357,0.330809586994155,99.4,3743.05529896187,86.2188568115234,48.2022815728384,76.8284093980357,36.789409576720914,40.51309375154429,29.241397629351823
Albania,ALB,2008,23.86,62.1341628437685,2.13837276514987,100.0,4498.50486763601,87.8338394165039,49.3850699230207,62.1341628437685,39.43856596780679,36.789409576720914,40.51309375154429
Albania,ALB,2009,41.2,83.1929248865178,3.10655587968039,99.6,4213.65007574693,89.3157196044922,50.6132439427449,83.1929248865178,49.60397305484702,39.43856596780679,36.789409576720914
Albania,ALB,2010,45.0,91.9299271149669,3.60358545467955,99.6,4149.14469936847,93.6818237304688,51.8815774292716,91.9299271149669,52.4735046906989,49.60397305484702,39.43856596780679
Albania,ALB,2011,47.0,106.474179667965,4.40356599200963,99.7,4465.70914328865,95.4705276489258,53.2917382892465,106.474179667965,55.589400524775776,52.4735046906989,49.60397305484702
Albania,ALB,2012,49.40000153,120.274748763232,5.50129828000236,99.9,4280.93316338873,97.6086120605469,53.8637553661449,120.274748763232,58.53216557947721,55.589400524775776,52.4735046906989
Albania,ALB,2013,51.79999924,126.771812779937,6.27863857588442,99.9,4542.92903556739,102.903209514161,54.2979678058548,126.771812779937,59.90140452070932,58.53216557947721,55.589400524775776
Albania,ALB,2014,54.29999924,115.700565028176,7.16191378800303,100.0,4793.59751131525,103.321377531566,54.7325813178673,115.700565028176,59.54054146543419,59.90140452070932,58.53216557947721
Albania,ALB,2015,56.90000153,117.329657576402,8.37878005900715,100.0,4199.53912925398,102.440729325166,55.1579291374894,117.329657576402,61.465160467473304,59.54054146543419,59.90140452070932
Albania,ALB,2016,59.59999847,116.284011654089,9.19224381243169,99.9,4457.63412207495,99.170755047578,55.5738734464276,116.284011654089,62.696918118543365,61.465160467473304,59.54054146543419
Albania,ALB,2017,62.40000153,125.099939894598,10.4757297699778,99.9,5006.36012951959,97.5743697537481,55.980276426546,125.099939894598,64.17215636426435,62.696918118543365,61.465160467473304
Albania,ALB,2018,65.40000153,93.8030862083918,12.5058089696365,100.0,5897.65452588774,98.822387862215,56.377000259892,93.8030862083918,62.36892025106964,64.17215636426435,62.696918118543365
Albania,ALB,2019,68.5503911218006,91.1634968336332,15.1192543526712,100.0,6069.43903131027,99.01515356567,56.7639071287255,91.1634968336332,63.666223755407906,62.36892025106964,64.17215636426435
Albania,ALB,2020,72.23767711,91.1880900599383,17.720931463387,100.0,6027.91350716348,95.9294474518951,57.1408592155544,91.1880900599383,65.5550005961247,63.666223755407906,62.36892025106964
Albania,ALB,2021,79.32371752,92.4843357131703,19.6303737145283,100.0,7242.45513146613,97.665033031442,57.5077187031778,92.4843357131703,68.57567044433688,65.5550005961247,63.666223755407906
Albania,ALB,2022,82.61367544,98.3950391992101,20.6989441252111,100.0,7756.96188744253,97.3224714726407,57.8643477747383,98.3950391992101,72.06757197304294,68.57567044433688,65.5550005961247
Albania,ALB,2023,83.13559161,92.9973271969712,22.5048592377088,100.0,9740.7023414631,96.1368771236947,58.2106086137857,92.9973271969712,70.95418463705035,72.06757197304294,68.57567044433688
Albania,ALB,2024,85.86389923,89.1328603947682,24.8815713356962,100.0,11374.0085781236,108.355392456055,58.5463634043555,89.1328603947682,71.80754685585889,70.95418463705035,72.06757197304294
Andorra,AND,2004,26.8379543894637,78.5280861083081,8.45206861755802,100.0,39021.1278078772,79.4815368652344,90.5157699584961,78.5280861083081,52.73060590408626,43.44379739332886,36.56813791408837
Andorra,AND,2005,37.6057662174867,83.388228000155,13.3568411671252,100.0,40829.801878928,85.7897186279297,89.9563631945418,83.388228000155,57.43265707363384,52.73060590408626,43.44379739332886
Andorra,AND,2006,48.9368469989479,86.7047810517057,18.3652698372809,100.0,43467.210990395,85.0033187866211,89.3789218918348,86.7047810517057,63.128726944182795,57.43265707363384,52.73060590408626
Andorra,AND,2007,70.87,77.5590214590178,22.6266228611209,100.0,48336.2283340364,82.4481887817383,89.0500030517578,77.5590214590178,71.47719746790871,63.128726944182795,57.43265707363384
Andorra,AND,2008,70.04,76.8932271393497,24.7583687645967,100.0,49132.5157047203,82.1809616088867,88.9407363930477,76.8932271393497,70.19836008832735,71.47719746790871,63.128726944182795
Andorra,AND,2009,78.53,76.9466431432386,27.3471771886325,100.0,43975.0183658196,82.6435775756836,88.84433315185,76.9466431432386,72.64522781370061,70.19836008832735,71.47719746790871
Andorra,AND,2010,81.0,81.1525784947835,30.3595767353109,100.0,42746.830952263,85.1478881835938,88.7604726056609,81.1525784947835,75.07376528327063,72.64522781370061,70.19836008832735
Andorra,AND,2011,81.0,83.6223853541262,33.1216332617667,100.0,46657.1561204071,85.8587875366211,88.6888340319763,83.6223853541262,79.25017760748509,75.07376528327063,72.64522781370061
Andorra,AND,2012,82.69999695,83.1207538329385,35.0170497436031,100.0,41500.5435782722,86.870361328125,88.6290967082924,83.1207538329385,79.90296948624163,79.25017760748509,75.07376528327063
Andorra,AND,2013,84.40000153,85.0214112828151,36.8832619623906,100.0,42470.3161158563,86.4044036865234,88.5809399121053,85.0214112828151,77.2289506714298,79.90296948624163,79.25017760748509
Andorra,AND,2014,86.09999847,89.8341402552314,39.0170470727043,100.0,44369.6596894579,88.978157043457,88.544042920911,89.8341402552314,80.4954258479122,77.2289506714298,79.90296948624163
Andorra,AND,2015,87.90000153,98.8389170615457,42.5277800870119,100.0,38654.9347217207,91.2962188720703,88.5180850122057,98.8389170615457,85.14992539541993,80.4954258479122,77.2289506714298
Andorra,AND,2016,89.69999695,105.473739626772,45.011845222427,100.0,40129.8192026671,94.6524124145508,88.5027454634853,105.473739626772,87.85321349168451,85.14992539541993,80.4954258479122
Andorra,AND,2017,91.5674670273926,108.912327318574,46.4785868253731,100.0,40672.9943362327,95.1090393066406,88.4977035522461,108.912327318574,85.27681569829542,87.85321349168451,85.14992539541993
Andorra,AND,2018,93.5,109.914584497485,47.4481786008887,100.0,42819.774579353,95.9804306030273,88.5080998493791,109.914584497485,91.30985287844025,85.27681569829542,87.85321349168451
Andorra,AND,2019,90.71869659,114.952794413788,47.5429557758192,100.0,41257.8045861543,96.2081298828125,88.5391793666245,114.952794413788,88.56394653886073,91.30985287844025,85.27681569829542
Andorra,AND,2020,93.20570374,103.876970793487,48.6559834582579,100.0,37361.090067211,97.1500396728516,88.5907780427517,103.876970793487,87.74455725731858,88.56394653886073,91.30985287844025
Andorra,AND,2021,93.89749908,119.687611658415,50.2769128681537,100.0,42425.6996761083,98.0404205322266,88.6627318165299,119.687611658415,90.57856387953593,87.74455725731858,88.56394653886073
Andorra,AND,2022,94.05169678,142.426447525249,51.2050686907973,100.0,42414.0590111349,98.5098724365234,88.7548766267286,142.426447525249,94.81553439938028,90.57856387953593,87.74455725731858
Andorra,AND,2023,94.21499634,156.09725932522,51.7401306025527,100.0,46812.448450114,99.5086517333984,88.8201609217082,150.0,96.02432816500098,94.81553439938028,90.57856387953593
Andorra,AND,2024,94.39759827,155.692108667529,52.3554394786302,100.0,49357.437070178,101.923820495605,88.8850044816278,150.0,96.3547711989375,96.02432816500098,94.81553439938028
United Arab Emirates,ARE,2018,98.4500017817194,214.842134318761,32.3591212887309,100.0,47135.3478795605,102.184448242188,84.8601805824625,150.0,93.13640110344421,87.66609239015207,82.60592973134567
United Arab Emirates,ARE,2019,99.1499979561243,209.033214126867,32.480344369022,100.0,45938.6084572227,101.747344264722,85.0298263388195,150.0,91.86263252080155,93.13640110344421,87.66609239015207
United Arab Emirates,ARE,2020,100.0,194.467749671801,34.345290333178,100.0,37991.738387966,99.1635400791877,85.1955255681984,150.0,92.51940697588181,91.86263252080155,93.13640110344421
United Arab Emirates,ARE,2021,100.0,186.30089463245,36.5005361093336,100.0,44118.4936214315,103.210663324826,85.3571908511355,150.0,93.29290249252571,92.51940697588181,91.86263252080155
United Arab Emirates,ARE,2022,100.0,195.624592490241,36.8485872897377,100.0,50759.7590190204,102.380981445312,85.5147347682487,150.0,93.34405238618461,93.29290249252571,92.51940697588181
United Arab Emirates,ARE,2023,100.0,199.423843889179,37.0968234502256,100.0,49850.6945082084,101.944972436447,85.6680699002526,150.0,93.27647087117123,93.34405238618461,93.29290249252571
United Arab Emirates,ARE,2024,100.0,203.206410299544,40.840113505519,100.0,50273.5126243239,102.129724902444,85.8171088279791,150.0,94.67008624140318,93.27647087117123,93.34405238618461
Argentina,ARG,2004,16.0366841054923,34.8114495095259,1.3985989664652,96.5,4242.02099089422,95.4575576782227,89.9397208794212,34.8114495095259,33.87880860689519,28.966622747120688,28.324327580583564
Argentina,ARG,2005,17.7205833696065,56.4972976242395,2.36307465152234,96.7,5067.65342293276,93.6376724243164,90.1233737736072,56.4972976242395,36.554484291403185,33.87880860689519,28.966622747120688
Argentina,ARG,2006,20.9272021035896,79.5272791470117,3.99704306546988,97.0,5869.38028970204,92.4075775146484,90.3033726521064,79.5272791470117,41.37277684921048,36.554484291403185,33.87880860689519
Argentina,ARG,2007,25.9466329403819,100.962116800902,6.49727715357687,97.2,7185.25155147027,92.1874084472656,90.4796632279031,100.962116800902,47.09166182905314,41.37277684921048,36.554484291403185
Argentina,ARG,2008,28.1126234799907,115.051958547154,7.70514940723055,97.5,8944.1102657357,93.183219909668,90.6521912139817,115.051958547154,49.972954967457994,47.09166182905314,41.37277684921048
Argentina,ARG,2009,34.0,128.461625505194,8.59390655660771,97.8,8150.23527028221,96.4056777954102,90.8209023233265,128.461625505194,53.95453828359331,49.972954967457994,47.09166182905314
Argentina,ARG,2010,45.0,138.251643415992,9.75627371502717,98.8,10260.1313108254,99.0709991455078,90.9930051940977,138.251643415992,60.48658591099471,53.95453828359331,49.972954967457994
Argentina,ARG,2011,51.0,145.511067881505,10.956028493199,99.0,12704.2831819684,100.884559631348,91.1072286738406,145.511067881505,65.23153991831319,60.48658591099471,53.95453828359331
Argentina,ARG,2012,55.79999924,152.573579717014,12.211510531081,99.1,12949.717486654,102.709991455078,91.2041217246797,150.0,68.0866255721518,65.23153991831319,60.48658591099471
Argentina,ARG,2013,59.90000153,158.190773641398,14.6798018103935,99.3,12963.675773326,104.540863037109,91.3014507719473,150.0,69.1832160288721,68.0866255721518,65.23153991831319
Argentina,ARG,2014,64.69999695,142.325481008062,15.1530476974157,100.0,12233.1444119186,106.038902282715,91.3975345472954,142.325481008062,70.64588992850841,69.1832160288721,68.0866255721518
Argentina,ARG,2015,68.0430641088122,142.240711022183,15.768878045253,99.7,13679.6264980954,107.504867553711,91.4923019108628,142.240711022183,72.64454844522047,70.64588992850841,69.1832160288721
Argentina,ARG,2016,70.9689808206024,145.146584717972,16.5184995378051,99.9,12699.9623137756,109.598327636719,91.5856817228217,145.146584717972,74.63054943380841,72.64454844522047,70.64588992850841
Argentina,ARG,2017,74.2949068657957,139.758240519621,17.7082272589602,100.0,14532.5009308511,110.377799987793,91.6776028433824,139.758240519621,73.6952685376111,74.63054943380841,72.64454844522047
Argentina,ARG,2018,77.7,131.224265691711,18.9758759187853,100.0,11752.7998922979,109.671241760254,91.7679941327998,131.224265691711,75.9509914675262,73.6952685376111,74.63054943380841
Argentina,ARG,2019,79.9469520347551,125.302657911726,19.551931344405,100.0,9955.97478680428,110.460151672363,91.8567844513802,125.302657911726,75.30425332972189,75.9509914675262,73.6952685376111
Argentina,ARG,2020,85.51438646,121.180612527028,21.1797871590669,100.0,8535.59938004389,112.376731872559,91.9439026594897,121.180612527028,77.09982044126136,75.30425332972189,75.9509914675262
Argentina,ARG,2021,87.15070683,130.352799939601,23.1500020932515,100.0,10738.0179223384,115.735778808594,92.0292776175651,130.352799939601,79.60341546472642,77.09982044126136,75.30425332972189
Argentina,ARG,2022,88.37535691,131.483556254876,24.6831785056628,100.0,13962.1894087223,114.14811706543,92.112838186126,131.483556254876,81.0824918039084,79.60341546472642,77.09982044126136
Argentina,ARG,2023,89.22897166,137.706086781571,25.3580730689248,100.0,14261.8465667948,105.574584297051,92.1945132257907,137.706086781571,82.31330852058807,81.0824918039084,79.60341546472642
Argentina,ARG,2024,89.66715228,140.234979049333,26.0976420359532,98.4,13969.7836603737,105.574584297051,92.2742315972952,140.234979049333,82.7273758208475,82.31330852058807,81.0824918039084
Armenia,ARM,2004,4.8990085713054,6.72642653978887,0.0330847455832692,99.1,1130.08791444158,88.6511611938477,64.5972633621116,6.72642653978887,23.30401168737239,22.647707374624115,21.026801006259582
Armenia,ARM,2005,5.252999783,10.5790707738385,0.0661932023240134,99.8,1557.48458908655,92.0563430786133,64.5334210637509,10.5790707738385,23.76740760453709,23.30401168737239,22.647707374624115
Armenia,ARM,2006,5.631800175,42.1271966711889,,99.1,2041.65267068997,95.2676467895508,64.4758978663344,42.1271966711889,34.786481868050224,23.76740760453709,23.30401168737239
Armenia,ARM,2007,6.021299839,63.0764762494794,0.131100413167994,99.2,2962.70234594569,96.8182601928711,64.4257647857723,63.0764762494794,30.83127349587117,34.786481868050224,23.76740760453709
Armenia,ARM,2008,6.21,48.7163807985838,0.466184007378403,99.2,3777.66859313767,96.5329437255859,64.3840928379746,48.7163807985838,29.077804709346566,30.83127349587117,34.786481868050224
Armenia,ARM,2009,15.30000019,74.4012001967736,1.35419350830431,99.3,2820.5926553347,102.957763671875,64.3519530388516,74.4012001967736,36.639315323335765,29.077804709346566,30.83127349587117
Armenia,ARM,2010,25.0,131.874825576119,3.19288671267022,99.8,3041.34450723339,107.732391357422,64.3304164043132,131.874825576119,49.16534831509446,36.639315323335765,29.077804709346566
Armenia,ARM,2011,32.0,109.850061797213,5.49292214098522,99.5,3349.55309771906,94.8774032592773,64.3207449145194,109.850061797213,50.09520496788387,49.16534831509446,36.639315323335765
Armenia,ARM,2012,37.5,113.697353797808,7.25580730107633,99.5,3511.56399687426,94.8774032592773,64.3268379506998,113.697353797808,53.28657183241232,50.09520496788387,49.16534831509446
Armenia,ARM,2013,41.9,114.499722499571,8.31673235203342,99.4,3680.16692158886,86.8721923828125,64.3584061131466,114.499722499571,54.53077428066325,53.28657183241232,50.09520496788387
Armenia,ARM,2014,54.6228058583362,118.365417451689,9.3376315946157,99.7,3852.11800610384,86.5204010009766,64.4142934233291,118.365417451689,60.797097383253536,54.53077428066325,53.28657183241232
Armenia,ARM,2015,59.1008337674937,118.599112617962,9.80149439763493,100.0,3512.39350276709,86.442138671875,64.4929623431549,118.599112617962,63.12882007445611,60.797097383253536,54.53077428066325
Armenia,ARM,2016,64.3460297653742,117.670797483754,10.2497847569184,99.8,3524.42476874707,86.442138671875,64.5928753345316,117.670797483754,65.26251114071628,63.12882007445611,60.797097383253536
Armenia,ARM,2017,64.7448843250726,119.676441862212,10.8172556564183,99.7,3869.05373867752,86.442138671875,64.7124948593667,119.676441862212,64.36506918080758,65.26251114071628,63.12882007445611
Armenia,ARM,2018,68.2450522610271,123.000001718234,11.9399374219278,99.9,4196.00562301769,83.0249410833595,64.8502833795679,123.000001718234,67.75418184303253,64.36506918080758,65.26251114071628
Armenia,ARM,2019,66.5439496866159,124.613701509519,13.2819462446608,100.0,4597.22887399548,86.8260633029699,65.0047033570428,124.613701509519,67.33494262771434,67.75418184303253,64.36506918080758
Armenia,ARM,2020,76.50770055,120.682370700808,14.8883804721864,100.0,4268.68093304583,88.5080298201293,65.174217253699,120.682370700808,70.87969764063635,67.33494262771434,67.75418184303253
Armenia,ARM,2021,78.61225758,125.395134877327,16.2565945813558,100.0,4685.17997128509,91.4853735120921,65.3572875314441,125.395134877327,72.59300069389461,70.87969764063635,67.33494262771434
Armenia,ARM,2022,77.02767465,130.540072214196,17.7300708049016,100.0,6571.97445545099,91.7106609922965,65.5624462874485,130.540072214196,73.53107575734913,72.59300069389461,70.87969764063635
Armenia,ARM,2023,79.99663036,134.519957069953,18.5458075085454,100.0,8159.08720967996,89.4111027634947,65.6956882008852,134.519957069953,75.34740550016662,73.53107575734913,72.59300069389461
Armenia,ARM,2024,81.33930206,134.88694751567,20.3090953111129,100.0,8556.21406956719,90.9458714101262,65.8113671449901,134.88694751567,76.41161088088401,75.34740550016662,73.53107575734913
Antigua and Barbuda,ATG,2007,34.0,137.546509350827,2.77342602565358,100.0,18204.5124043068,112.227951049805,27.7201265838981,137.546509350827,54.49829153627606,52.58821311776268,50.11589957864728
Antigua and Barbuda,ATG,2008,38.0,164.743342338865,6.01360478579699,100.0,18786.6743142216,122.261581420898,27.0585906639822,150.0,58.88892778734619,54.49829153627606,52.58821311776268
Antigua and Barbuda,ATG,2009,42.0,160.294868900954,19.0251030615518,98.5,16472.2478528568,118.682388305664,26.4808350768849,150.0,63.75325641681121,58.88892778734619,54.49829153627606
Antigua and Barbuda,ATG,2010,47.0,196.870604781997,8.34388185654008,98.7,15217.3950790922,115.466743469238,26.0170447850587,150.0,62.45469127816365,63.75325641681121,58.88892778734619
Antigua and Barbuda,ATG,2011,52.0,203.8734188945,6.94991428439049,94.6,14911.7275084471,116.185371398926,25.694689859722,150.0,63.639153819764026,62.45469127816365,63.75325641681121
Antigua and Barbuda,ATG,2012,58.0,145.978684391474,14.9782259912904,100.0,15639.8078114787,117.228363037109,25.4555618588267,145.978684391474,69.81216892873336,63.639153819764026,62.45469127816365
Antigua and Barbuda,ATG,2013,63.40000153,129.857830668605,17.7677598110465,100.0,15051.5113587425,117.228363037109,25.2475667667937,129.857830668605,68.86208642976788,69.81216892873336,63.639153819764026
Antigua and Barbuda,ATG,2014,67.77999878,135.234608235228,12.1151354700614,100.0,15532.1062063584,115.270439147949,25.0899726107741,135.234608235228,69.76357876023837,68.86208642976788,69.81216892873336
Antigua and Barbuda,ATG,2015,70.0,196.848192016464,11.1845563645718,100.0,16077.6340769406,117.55770111084,25.0,150.0,72.82838829499846,69.76357876023837,68.86208642976788
Antigua and Barbuda,ATG,2016,70.27159882,200.06891262546,10.2935455545799,100.0,16556.8551801588,117.55770111084,24.9239807471655,150.0,72.59646162683168,72.82838829499846,69.76357876023837
Antigua and Barbuda,ATG,2017,70.54419708,203.386832913295,9.94826900119379,100.0,16965.7288273816,117.209930419922,24.8500263836871,150.0,71.2439891558241,72.59646162683168,72.82838829499846
Antigua and Barbuda,ATG,2018,70.81790161,203.386832913295,,100.0,18273.4270684912,121.685249328613,24.7781432093764,,79.89895943693857,71.2439891558241,72.59646162683168
Antigua and Barbuda,ATG,2019,71.09259796,201.392233264743,8.75618405498884,100.0,18896.3721832248,121.685249328613,24.708337524045,150.0,71.4580710118338,79.89895943693857,71.2439891558241
Antigua and Barbuda,ATG,2020,71.36840057,200.3353439453,8.71023234544781,100.0,15369.6082250401,121.685249328613,24.6406156275043,150.0,70.93535653899897,71.4580710118338,79.89895943693857
Antigua and Barbuda,ATG,2021,71.64530182,199.244171566557,8.66279006811119,100.0,17348.6006987182,121.685249328613,24.574983819566,150.0,70.98832104376717,70.93535653899897,71.4580710118338
Antigua and Barbuda,ATG,2022,71.9233017,200.540715208962,10.6818181818182,100.0,20003.3909394099,107.799908772997,24.5114484000414,150.0,71.7733973017067,70.98832104376717,70.93535653899897
Antigua and Barbuda,ATG,2023,72.12409973,200.540715208962,,100.0,22012.2625947994,108.880778588808,24.4500156687422,,79.98018534800926,71.7733973017067,70.98832104376717
Antigua and Barbuda,ATG,2024,72.73040009,200.540715208962,,100.0,23059.8330702839,108.880778588808,24.3906919254799,,80.11057150973136,79.98018534800926,71.7733973017067
Australia,AUS,2015,84.5605149091408,107.608142007003,28.5117731324726,100.0,56970.3613028094,159.110763549805,86.8778642539361,107.608142007003,79.46418144430584,77.88939388852263,76.5225733402404
Australia,AUS,2016,86.54000092,109.128813718295,30.3083074972206,100.0,50084.4440606385,155.594390869141,87.0166295249235,109.128813718295,81.2081506051195,79.46418144430584,77.88939388852263
Australia,AUS,2017,86.5450488476768,107.799761578952,32.0326223266488,100.0,54117.547718609,153.576126098633,87.12809266445,107.799761578952,78.39009670138188,81.2081506051195,79.46418144430584
Australia,AUS,2018,90.0082016,110.033134941946,33.5486251312018,100.0,57410.1737346009,136.105545043945,87.2267680845925,110.033134941946,84.00836906394349,78.39009670138188,81.2081506051195
Australia,AUS,2019,93.60990143,109.752830879788,34.5434163723691,100.0,55194.7585097428,144.056564331055,87.3019647888406,109.752830879788,84.11240189162947,84.00836906394349,78.39009670138188
Australia,AUS,2020,94.6934967,104.930155780087,35.346849265518,100.0,51983.4523666382,137.490737915039,87.2713470458985,104.930155780087,83.6910015813323,84.11240189162947,84.00836906394349
Australia,AUS,2021,96.97219849,105.118514623956,35.8359861455454,100.0,60758.9044397144,135.526565551758,87.2353407632761,105.118514623956,84.18124933410631,83.6910015813323,84.11240189162947
Australia,AUS,2022,96.11940002,109.469171081514,36.3933201898066,100.0,65169.5191118657,133.277267456055,87.3343268253813,109.469171081514,85.27254298534118,84.18124933410631,83.6910015813323
Australia,AUS,2023,96.1160965,112.513177133796,36.627426494239,100.0,65058.3773146674,134.099243164062,87.4866955653765,112.513177133796,84.96835447763387,85.27254298534118,84.18124933410631
Australia,AUS,2024,96.13140106,112.581025002429,36.4788276060473,100.0,64609.9865116088,131.931564331055,87.6021469990446,112.581025002429,84.68258668702879,84.96835447763387,85.27254298534118
Austria,AUT,2004,54.28,97.7795167328134,10.6441666113048,100.0,36614.2506533707,99.2856369018555,66.9558612872944,97.7795167328134,70.79829656064246,61.84783226864739,59.28874616818392
Austria,AUT,2005,58.0,105.295724835598,14.266264392036,100.0,38157.37022862,100.199432373047,66.9797950654143,105.295724835598,70.35932558873193,70.79829656064246,61.84783226864739
Austria,AUT,2006,63.6,112.226293480282,17.3158121176343,100.0,40382.2078298575,100.416679382324,67.0006968062814,112.226293480282,72.54997092627096,70.35932558873193,70.79829656064246
Austria,AUT,2007,69.37,119.465557954295,19.5493477604788,100.0,46622.9622913635,100.102569580078,67.0211044863084,119.465557954295,75.07354874442096,72.54997092627096,70.35932558873193
Austria,AUT,2008,72.87,129.949191740297,20.7731280065619,100.0,51581.3982361071,100.126129150391,67.0435560819078,129.949191740297,77.06955867549172,75.07354874442096,72.54997092627096
Austria,AUT,2009,73.45,137.015093709265,22.510594883252,100.0,47857.4446635266,100.594093322754,67.0705895694924,137.015093709265,76.9824962767486,77.06955867549172,75.07354874442096
Austria,AUT,2010,75.17,146.334314075685,24.5113861270145,100.0,46611.1393420232,100.263969421387,67.1047429254747,146.334314075685,79.47294607042136,76.9824962767486,77.06955867549172
Austria,AUT,2011,78.7399930986888,155.15499918387,24.9926429150975,100.0,51116.8953522042,99.6729583740234,67.1484255415056,150.0,83.82427565967438,79.47294607042136,76.9824962767486
Austria,AUT,2012,80.0299939169903,161.155633431895,25.2644782408466,100.0,48250.4059142637,100.108726501465,67.2085909812279,150.0,84.00469623492405,83.82427565967438,79.47294607042136
Austria,AUT,2013,80.6188,156.483488704585,26.3222866586035,100.0,50305.3545774973,101.173210144043,67.2981308784247,150.0,81.68502552555996,84.00469623492405,83.82427565967438
Austria,AUT,2014,80.9958249574764,151.531145320495,27.597689562142,100.0,51314.9722616322,101.304809570312,67.4154327591781,150.0,83.03123125075834,81.68502552555996,84.00469623492405
Austria,AUT,2015,83.9401419315026,155.837138171172,28.4068593397138,100.0,43915.228020857,101.411582946777,67.5576175537383,150.0,85.46100514603435,83.03123125075834,81.68502552555996
Austria,AUT,2016,84.3237425711653,126.797525496643,28.8775983744406,100.0,45061.4993920192,100.227989196777,67.7218061923556,126.797525496643,82.36272270701383,85.46100514603435,83.03123125075834
Austria,AUT,2017,87.9355865856062,123.414865109678,28.5425998928488,100.0,47163.7425775142,100.337898254395,67.9051196052802,123.414865109678,80.26430799773757,82.36272270701383,85.46100514603435
Austria,AUT,2018,87.4791372262556,124.230205900482,28.5150396136468,100.0,51194.0749841299,100.692596435547,68.1046787227623,124.230205900482,82.99507477837788,80.26430799773757,82.36272270701383
Austria,AUT,2019,87.7522047870069,120.776373862218,28.3631930003301,100.0,49885.9947355204,101.543632507324,68.3176044750522,120.776373862218,81.10279038386614,82.99507477837788,80.26430799773757
Austria,AUT,2020,87.52942813,120.131806593244,29.2106456326106,100.0,48716.4098900349,101.690559387207,68.5410177924001,120.131806593244,80.72745256267059,81.10279038386614,82.99507477837788
Austria,AUT,2021,92.52915104,121.357731973824,29.2537339731419,100.0,53648.6437976214,102.307662963867,68.773601700253,121.357731973824,82.61683849402144,80.72745256267059,81.10279038386614
Austria,AUT,2022,93.61409139,121.16645744796,29.2342573265435,100.0,52336.7725223758,101.458000183105,68.998085127906,121.16645744796,83.40020930968649,82.61683849402144,80.72745256267059
Austria,AUT,2023,95.33467117,121.746207105931,29.3725409835617,100.0,56579.504175468,100.504371643066,69.2265358276021,121.746207105931,83.62791488891013,83.40020930968649,82.61683849402144
Austria,AUT,2024,94.91974877,124.45929984531,30.12779672163,100.0,58268.8787651601,100.622657775879,69.4658181096788,124.45929984531,84.0067182525528,83.62791488891013,83.40020930968649
Azerbaijan,AZE,2010,46.0,99.489026332669,5.1962691859745,99.9,5843.5337683582,83.0853181521079,53.2848367714869,99.489026332669,54.488614492426564,43.422698532245995,37.329137080296164
Azerbaijan,AZE,2011,50.0,109.333848306261,10.5213182586713,99.9,7189.81869211976,82.9176205382172,53.5085461893249,109.333848306261,59.90292096474598,54.488614492426564,43.422698532245995
Azerbaijan,AZE,2012,54.20000076,107.988529658291,14.6071625537092,100.0,7495.86527658099,82.762274922741,53.8076442276208,107.988529658291,62.729260015198,59.90292096474598,54.488614492426564
Azerbaijan,AZE,2013,73.000001372,106.583186813615,18.0145551396199,100.0,7875.34536661549,83.1376553563209,54.1821087431318,106.583186813615,69.5931305728563,62.729260015198,59.90292096474598
Azerbaijan,AZE,2014,75.0000156363396,109.566699179266,19.7076399486748,100.0,7890.84028062087,83.4386600193183,54.6319175926151,109.566699179266,71.75289067927554,69.5931305728563,62.729260015198
Azerbaijan,AZE,2015,77.0,109.682113433509,19.4759070425568,100.0,5500.50364628486,84.8098586425184,55.1570486328276,109.682113433509,73.04280328065204,71.75289067927554,69.5931305728563
Azerbaijan,AZE,2016,78.2,103.248460646417,18.2770953995915,100.0,3880.6852276838,86.5856935803605,55.7574797205266,103.248460646417,72.07346455647158,73.04280328065204,71.75289067927554
Azerbaijan,AZE,2017,79.0,101.589906615934,18.1091657629876,100.0,4147.1981423222,89.2625164667822,56.4331887124691,101.589906615934,69.84066737025825,72.07346455647158,73.04280328065204
Azerbaijan,AZE,2018,79.7999954887896,102.987275423455,18.8342000186458,100.0,4739.7943123408,108.488781124,57.1841534654123,102.987275423455,72.46094305564347,69.84066737025825,72.07346455647158
Azerbaijan,AZE,2019,81.0999990651547,106.328337689377,19.2178211211639,100.0,4805.75371765917,107.863960509557,58.1308191977779,106.328337689377,72.71704976239815,72.46094305564347,69.84066737025825
Azerbaijan,AZE,2020,84.59999573,101.596683471276,19.5985750948022,100.0,4229.91064904503,91.365513501165,58.2934691761937,101.596683471276,73.12346341424643,72.71704976239815,72.46094305564347
Azerbaijan,AZE,2021,85.99998954,105.693559477177,20.0856994533421,100.0,5408.04535175023,91.4106367606057,58.3659969744818,105.693559477177,73.83425608683787,73.12346341424643,72.71704976239815
Azerbaijan,AZE,2022,88.0,107.506296074404,20.3655958095069,100.0,7770.594223351,90.9530364179442,58.4382815854684,107.506296074404,75.66877605680781,73.83425608683787,73.12346341424643
Azerbaijan,AZE,2023,89.0,107.686732782159,20.8825041017301,100.0,7133.02838048328,92.7402972401367,58.5075350483702,107.686732782159,75.43451545054648,75.66877605680781,73.83425608683787
Azerbaijan,AZE,2024,90.43979645,109.543149535867,21.7534102440295,100.0,7294.64276088105,91.1228035886648,58.573795837717,109.543149535867,76.35614646187352,75.43451545054648,75.66877605680781
Burundi,BDI,2004,0.349060461879596,1.37552635495365,,3.7,125.194965184533,11.8093099594116,8.9185547789176,1.37552635495365,0.5482364598948469,0.5168185576624745,0.710424526779829
Burundi,BDI,2005,0.542100012,2.01652788429717,,3.2,147.234619294225,12.9770698547363,9.1806167624459,2.01652788429717,0.5656844783999179,0.5482364598948469,0.5168185576624745
Burundi,BDI,2006,0.657599986,2.54273479009152,,2.7,161.892755640319,14.3381099700928,9.4646291775586,2.54273479009152,0.6163041919386902,0.5656844783999179,0.5482364598948469
Burundi,BDI,2007,0.7,3.30806380985543,,4.7,166.162744906755,15.3361196517944,9.77289185737152,3.30806380985543,1.172453529840398,0.6163041919386902,0.5656844783999179
Burundi,BDI,2008,0.81,5.65018234377978,0.00188110543631241,4.8,189.502074570768,15.3361196517944,10.1064353383035,5.65018234377978,1.6252679401392909,1.172453529840398,0.6163041919386902
Burundi,BDI,2009,0.899999976,10.2904048729688,0.00178817981846846,5.4,198.431524048225,20.8934001922607,10.4979900434482,10.2904048729688,2.25021469960563,1.6252679401392909,1.172453529840398
Burundi,BDI,2010,1.0,17.8962195049637,0.00375408843693835,5.3,216.727705301976,23.7647094726562,10.9843097335487,17.8962195049637,2.5660151430746856,2.25021469960563,1.6252679401392909
Burundi,BDI,2011,1.110000014,19.7014852266593,0.00511423261094026,6.2,230.069761381132,26.7943801879883,11.5616652230006,19.7014852266593,2.9441826533236455,2.5660151430746856,2.25021469960563
Burundi,BDI,2012,1.220000029,22.3127768088819,0.00697049000360241,6.5,231.098787811507,29.5732898712158,12.2244596804615,22.3127768088819,2.921952745789716,2.9441826533236455,2.5660151430746856
Burundi,BDI,2013,1.2642181112,24.3006814319026,0.0146944141397431,6.9,234.844770150871,34.2124507321275,12.9670962745892,24.3006814319026,2.6444297798969414,2.921952745789716,2.9441826533236455
Burundi,BDI,2014,1.04239212643994,29.567783062348,0.0157410541043178,7.0,250.544492155185,40.2641258748146,13.7839781740413,29.567783062348,2.94771590892001,2.6444297798969414,2.921952745789716
Burundi,BDI,2015,2.0,45.2379254099088,0.0250824162395746,7.9,254.402585226788,43.9351929825496,14.6695085474754,45.2379254099088,5.483414858051586,2.94771590892001,2.6444297798969414
Burundi,BDI,2016,2.200000048,47.6697304877258,0.0288715169450892,8.5,232.937812100153,47.4715342848197,15.6180905635494,47.6697304877258,5.813177426769135,5.483414858051586,2.94771590892001
Burundi,BDI,2017,2.6607485347534,51.4533280518012,0.0340147819169285,9.3,246.060725714184,48.2243487332289,16.6241273909209,51.4533280518012,5.851016782471366,5.813177426769135,5.483414858051586
Burundi,BDI,2018,4.019499779,53.2736942349584,0.0331803020141076,9.5,245.661678332009,46.330394174756,17.6820221982475,53.2736942349584,5.936723754073628,5.851016782471366,5.813177426769135
Burundi,BDI,2019,6.072199821,53.2995504978403,0.0317494355111928,9.8,234.31061590725,41.8352417514484,18.786178154187,53.2995504978403,7.057960184053753,5.936723754073628,5.851016782471366
Burundi,BDI,2020,6.430099964,52.5571219738138,0.0335260991567275,9.1,252.702452750006,44.9151717353101,19.9309984273971,52.5571219738138,5.040031541426226,7.057960184053753,5.936723754073628
Burundi,BDI,2021,6.777999878,59.700785493419,0.0304886490520483,10.2,264.172844085398,44.9151717353101,21.1108861865354,59.700785493419,4.779739899110615,5.040031541426226,7.057960184053753
Burundi,BDI,2022,7.144800186,56.2599912004244,0.0300650914860841,10.3,301.832255755105,44.9151717353101,22.3202446002597,56.2599912004244,5.590614143505864,4.779739899110615,5.040031541426226
Burundi,BDI,2023,7.172299862,63.1631365759764,0.0203441336211462,11.6,249.795164039029,44.9151717353101,23.5534768372276,63.1631365759764,5.027802428455432,5.590614143505864,4.779739899110615
Burundi,BDI,2024,8.595999718,63.1631365759764,,20.1,216.231928531758,44.9151717353101,24.8302838651025,,2.578906851424173,5.027802428455432,5.590614143505864
Belgium,BEL,2004,53.86,87.6254594919709,15.5445601178817,100.0,35429.4077933344,151.638092041016,83.2655230829461,87.6254594919709,72.81625676897194,68.12951476080869,65.39605459662299
Belgium,BEL,2005,55.81999969,91.6575960459919,19.1870013663666,100.0,36809.7013403619,157.343399047852,83.5645449743707,91.6575960459919,70.87134049046004,72.81625676897194,68.12951476080869
Belgium,BEL,2006,61.9818700222023,93.3538336751532,23.2412047200904,100.0,38705.1067959147,158.685104370117,83.8578905877926,93.3538336751532,72.45100360152924,70.87134049046004,72.81625676897194
Belgium,BEL,2007,66.7604202433135,101.059979052266,25.6893868359802,100.0,44319.165448813,159.439895629883,84.1454309580577,101.059979052266,74.1429307501294,72.45100360152924,70.87134049046004
Belgium,BEL,2008,68.8573221425131,105.901150619606,27.8485650589166,100.0,48303.397956286,160.468811035156,84.427037120012,105.901150619606,74.71681327979942,74.1429307501294,72.45100360152924
Belgium,BEL,2009,74.5441455527336,108.89957259523,29.1619435426182,100.0,44923.3400135081,159.661544799805,84.7025801085014,108.89957259523,75.79349358750837,74.71681327979942,74.1429307501294
Belgium,BEL,2010,77.6397855126946,111.131540934105,30.842629161864,100.0,44197.393671162,160.66047668457,84.9719309583717,111.131540934105,77.81395859762878,75.79349358750837,74.71681327979942
Belgium,BEL,2011,81.6099959955952,113.201845409997,32.1032472233196,100.0,47760.8298776546,159.349304199219,85.2349607044689,113.201845409997,83.08632958376329,77.81395859762878,75.79349358750837
Belgium,BEL,2012,80.7199905482042,110.856223685615,33.2388297727719,100.0,44874.1709182123,160.110534667969,85.4915403816388,110.856223685615,82.20580832617301,83.08632958376329,77.81395859762878
Belgium,BEL,2013,82.1702,110.348677756715,34.3084525866565,100.0,46964.5946777056,161.845886230469,85.7415410247275,110.348677756715,79.13849980702571,82.20580832617301,83.08632958376329
Belgium,BEL,2014,85.0012379539925,113.600257053471,35.7819662752911,100.0,47995.7786961339,162.421981811523,85.9848336685807,113.600257053471,82.34145329057525,79.13849980702571,82.20580832617301
Belgium,BEL,2015,85.0529417508701,113.29233233425,36.5492377831789,100.0,40893.804537772,164.079818725586,86.2212893480444,113.29233233425,83.73004784841399,82.34145329057525,79.13849980702571
Belgium,BEL,2016,86.5164766644457,110.74871736226,37.6812994536783,100.0,41854.5498296444,160.689270019531,86.4507790979645,110.74871736226,84.39365235980972,83.73004784841399,82.34145329057525
Belgium,BEL,2017,87.6796808175598,99.8303971992992,38.4911160919085,100.0,44035.3239358548,158.670288085938,86.6731739531869,99.8303971992992,79.69736705738195,84.39365235980972,83.73004784841399
Belgium,BEL,2018,88.6473429951691,100.164027018171,39.4006967604533,100.0,47487.2100392561,156.509765625,86.8883449485575,100.164027018171,84.40006817760089,79.69736705738195,84.39365235980972
Belgium,BEL,2019,90.275428012141,100.164960666171,39.9517850127817,100.0,46716.6227467964,156.635375976562,87.0961631189222,100.164960666171,83.2652849047993,84.40006817760089,79.69736705738195
Belgium,BEL,2020,91.52641629,99.9100614924974,41.0239697084264,100.0,45906.2875805246,151.727508544922,87.2964994991269,99.9100614924974,83.63517194282784,83.2652849047993,84.40006817760089
Belgium,BEL,2021,92.78867618,101.462935633736,43.0218054966431,100.0,51658.238294958,143.163513183594,87.4305564090635,101.462935633736,84.38651804417624,83.63517194282784,83.2652849047993
Belgium,BEL,2022,94.00783071,101.680355820653,43.5657139519422,100.0,50639.0264882739,142.918075561523,87.489200269855,101.680355820653,85.76210407393545,84.38651804417624,83.63517194282784
Belgium,BEL,2023,94.62625074,103.196426365374,43.7026445985633,100.0,55244.68145811,142.960266113281,87.551492636772,103.196426365374,85.25134746130203,85.76210407393545,84.38651804417624
Belgium,BEL,2024,95.77579144,103.90465332676,44.2321563183446,100.0,56581.9375642531,142.960266113281,87.6126557010527,103.90465332676,85.75201158686063,85.25134746130203,85.76210407393545
Benin,BEN,2004,1.18254096518994,5.62957112640203,0.000992757284080806,25.2,758.695803786371,26.7041492462158,39.8525699078742,5.62957112640203,6.006239876509041,5.4141715637637295,5.371829394666301
Benin,BEN,2005,1.271000028,7.07639223825275,0.00232609364378297,26.1,779.437777753268,26.7041492462158,40.3097749006517,7.07639223825275,6.196778665656558,6.006239876509041,5.4141715637637295
Benin,BEN,2006,1.537899971,12.1442265152632,0.0172317761313903,27.9,809.147072506221,26.7041492462158,40.7877794072449,12.1442265152632,7.360282806680862,6.196778665656558,6.006239876509041
Benin,BEN,2007,1.79,22.9147096667411,0.00792944447317162,28.0,912.338247188342,26.7041492462158,41.2857782552618,22.9147096667411,8.851016062126126,7.360282806680862,6.196778665656558
Benin,BEN,2008,1.85,39.2846004959004,0.0912827765741349,29.0,1060.60254502099,26.7041492462158,41.8029662723105,39.2846004959004,11.528003470060806,8.851016062126126,7.360282806680862
Benin,BEN,2009,2.24,52.9301199452375,0.200443286622122,30.0,1024.10277858112,26.7041492462158,42.338538285999,52.9301199452375,13.63102155635882,11.528003470060806,8.851016062126126
Benin,BEN,2010,3.13,72.2115392074128,0.275927983143427,34.2,973.244254931526,26.7041492462158,42.8916891239353,72.2115392074128,16.971774384579927,13.63102155635882,11.528003470060806
Benin,BEN,2011,4.14832306562512,76.9318013957922,0.371868455954814,36.9,1059.41358852588,45.7294692993164,43.4616136137276,76.9318013957922,18.55526232459417,16.971774384579927,13.63102155635882
Benin,BEN,2012,4.5,80.8628905531314,0.401638561456682,38.4,1071.5258366283,45.7294692993164,44.0475065829838,80.8628905531314,19.279934646722584,18.55526232459417,16.971774384579927
Benin,BEN,2013,4.900000095,89.9019164924958,0.396653828045145,34.7,1168.92699279226,52.0378494262695,44.6502883669319,89.9019164924958,19.541648730687612,19.279934646722584,18.55526232459417
Benin,BEN,2014,6.0,78.5170340826712,0.411776822565069,34.1,1204.39918670094,52.5952682495117,45.2880529235999,78.5170340826712,17.968260992096226,19.541648730687612,19.279934646722584
Benin,BEN,2015,11.25500011,82.0193349324746,0.644882115781616,29.6,1002.41886879614,55.1333084106445,45.9407403257663,82.0193349324746,19.558614067374428,17.968260992096226,19.541648730687612
Benin,BEN,2016,14.5,76.0182091705462,0.190616354708843,37.0,1010.5338961993,55.2945899963379,46.6094559006664,76.0182091705462,21.203082794170605,19.558614067374428,17.968260992096226
Benin,BEN,2017,18.7,72.867145412956,0.237670455772448,34.5,1054.97408066814,55.2945899963379,47.2942774880391,72.867145412956,21.110995904201282,21.203082794170605,19.558614067374428
Benin,BEN,2018,19.0,76.4080341122638,0.218309314921079,39.0,1151.7409703472,55.2945899963379,47.9952829275963,76.4080341122638,22.107326165394955,21.110995904201282,21.203082794170605
Benin,BEN,2019,20.50099945,81.3235345537806,0.199854558369357,40.0,1130.82135339795,55.2945899963379,48.7125500590248,81.3235345537806,23.893022628336812,22.107326165394955,21.110995904201282
Benin,BEN,2020,22.12059975,85.2390738023357,0.229384945213792,41.0,1200.19426557789,43.9858703613281,49.4461567219896,85.2390738023357,23.859238317322426,23.893022628336812,22.107326165394955
Benin,BEN,2021,28.20470047,94.9182598289459,0.154166533404575,42.0,1318.65158075198,44.2737998962402,50.1961807561354,94.9182598289459,27.041388802706507,23.859238317322426,23.893022628336812
Benin,BEN,2022,30.53730011,105.745019386968,0.153072411564925,56.5,1266.42711031904,43.5606498718262,50.9627000010887,105.745019386968,33.6255551505649,27.041388802706507,23.859238317322426
Benin,BEN,2023,32.39400101,116.036046685168,0.170880461346773,57.0,1394.17784721831,43.5606498718262,51.7457922964593,116.036046685168,35.3419992446374,33.6255551505649,27.041388802706507
Benin,BEN,2024,33.98379898,125.940873932186,0.277382047807868,59.0,1485.38018885134,43.5606498718262,52.5455354818423,125.940873932186,37.41513722239776,35.3419992446374,33.6255551505649
Burkina Faso,BFA,2004,0.400295285492178,2.93276569154714,0.00114069570438441,10.7,403.81283743461,12.3676996231079,21.3392180754924,2.93276569154714,2.1758864613709203,2.2927188937188925,2.009863604298687
Burkina Faso,BFA,2005,0.469900012,4.54743329498311,0.00275622028315426,11.1,441.164148016012,13.3723297119141,22.0179778440204,4.54743329498311,2.3914931979389946,2.1758864613709203,2.2927188937188925
Burkina Faso,BFA,2006,0.632700026,7.07267095398563,0.0119315079958149,11.6,455.513655620024,14.1544599533081,22.5528306908743,7.07267095398563,2.9234309173169275,2.3914931979389946,2.1758864613709203
Burkina Faso,BFA,2007,0.75,12.5404933901545,0.045436423529831,12.0,514.684451177238,15.2793703079224,22.9741760828193,12.5404933901545,3.7202050247212597,2.9234309173169275,2.3914931979389946
Burkina Faso,BFA,2008,0.920000017,19.819973570747,0.0672823268281298,12.5,619.437533256264,17.9947395324707,23.3633747838557,19.819973570747,5.1573218375594205,3.7202050247212597,2.9234309173169275
Burkina Faso,BFA,2009,1.129999995,24.3386946942171,0.0760467842719439,12.6,601.569520671859,19.4353504180908,23.7452325601116,24.3386946942171,5.7269424125309545,5.1573218375594205,3.7202050247212597
Burkina Faso,BFA,2010,2.400000095,35.2848311173407,0.0847216746170896,13.1,624.957252224766,21.1780201888507,24.115092498158,35.2848311173407,7.177663722766498,5.7269424125309545,5.1573218375594205
Burkina Faso,BFA,2011,3.0,46.1057641177709,0.0844020984871601,14.8,725.024767725475,23.1764371916742,24.4682976845657,46.1057641177709,9.155404376147464,7.177663722766498,5.7269424125309545
Burkina Faso,BFA,2012,3.724999905,58.0942130771516,0.0834367606364837,15.1,731.470138867833,25.2399681000378,24.8001912059054,58.0942130771516,10.804884328178959,9.155404376147464,7.177663722766498
Burkina Faso,BFA,2013,5.0,63.5243073500025,0.0732506380609795,15.4,759.762065168498,27.6008880705968,25.106116148748,63.5243073500025,11.65825370210662,10.804884328178959,9.155404376147464
Burkina Faso,BFA,2014,6.0,68.5395525408019,0.0296662638571705,19.2,764.861675106225,29.5668744354491,25.3814155996643,68.5395525408019,13.25282721419924,11.65825370210662,10.804884328178959
Burkina Faso,BFA,2015,6.545700073,76.9373292602998,0.049814972578599,16.2,630.124750752312,32.8931343608996,25.621432645225,76.9373292602998,13.813409628754219,13.25282721419924,11.65825370210662
Burkina Faso,BFA,2016,7.140999794,79.6697942824089,0.0640501279140636,16.6,663.742364842886,34.9336280775566,25.821510372001,79.6697942824089,14.357176029053496,13.813409628754219,13.25282721419924
Burkina Faso,BFA,2017,7.790400028,90.2081424191231,0.062133040708376,17.0,709.091535894695,37.1627510802261,25.9769918665632,90.2081424191231,15.595526714502373,14.357176029053496,13.813409628754219
Burkina Faso,BFA,2018,8.498900414,94.6219614871852,0.0676084024258783,14.4,777.465618514048,39.6278467471779,26.0832202154822,94.6219614871852,15.180029481658002,15.595526714502373,14.357176029053496
Burkina Faso,BFA,2019,9.27180600953186,97.1498646690919,0.0573181352576325,17.6,764.853077774946,40.0770460332282,26.1187254401157,97.1498646690919,16.852027492242833,15.180029481658002,15.595526714502373
Burkina Faso,BFA,2020,12.97319984,102.972844247019,0.0650831126106853,18.5,825.237038782475,39.2540084845692,26.3578373628627,102.972844247019,17.663260252893263,16.852027492242833,15.180029481658002
Burkina Faso,BFA,2021,18.1522007,112.198419449151,0.0740660150924452,19.0,895.535288442991,38.1480312365517,26.8114307743017,112.198419449151,20.491122056903308,17.663260252893263,16.852027492242833
Burkina Faso,BFA,2022,25.3987999,113.996146792235,0.214398323020291,19.5,827.330843486661,33.6212866168282,27.2791369742712,113.996146792235,24.453780573873082,20.491122056903308,17.663260252893263
Burkina Faso,BFA,2023,25.36120033,116.16313821519,0.459463342299517,21.7,873.198061670247,30.8551216331757,27.7872478365158,116.16313821519,24.450302402520016,24.453780573873082,20.491122056903308
Burkina Faso,BFA,2024,28.25270081,116.5895933212,0.851360416490348,34.0,982.493100418428,29.9905774531085,28.3352514896662,116.5895933212,27.65825467065759,24.450302402520016,24.453780573873082
Bangladesh,BGD,2004,0.199036333744363,1.94646914544521,,40.6,455.614016909798,46.3084297180176,25.0094809886101,1.94646914544521,10.138101842898426,10.029407872966836,9.516165105671044
Bangladesh,BGD,2005,0.241600007,6.21908656184889,,44.2,480.08585075452,45.1695098876953,25.4769540701509,6.21908656184889,11.683392354482324,10.138101842898426,10.029407872966836
Bangladesh,BGD,2006,1.0,13.0670782127175,,50.5,490.388026533289,45.7007904052734,25.9479149992596,13.0670782127175,14.848875902800442,11.683392354482324,10.138101842898426
Bangladesh,BGD,2007,1.799999952,23.2246555051103,0.0295359235417042,46.5,537.955492792911,46.4658813476562,26.415303779311,23.2246555051103,12.720797752528364,14.848875902800442,11.683392354482324
Bangladesh,BGD,2008,2.5,29.8646728911139,0.0334505744748139,54.3,613.06204104124,44.5729598999023,26.87206041368,29.8646728911139,15.657114205943916,12.720797752528364,14.848875902800442
Bangladesh,BGD,2009,3.099999905,34.0412611569965,0.209909991345477,57.1,679.211477428056,48.1255798339844,27.3111249057412,34.0412611569965,16.993818425247525,15.657114205943916,12.720797752528364
Bangladesh,BGD,2010,3.700000048,44.6274657883724,0.272380817434958,55.3,757.385280361508,49.5031106793162,27.7254372588696,44.6274657883724,17.963790348068045,16.993818425247525,15.657114205943916
Bangladesh,BGD,2011,4.5,54.9307304807214,0.30503074280175,59.6,837.336944695647,49.7515496494472,28.1100162712427,54.9307304807214,20.426786916912924,17.963790348068045,16.993818425247525
Bangladesh,BGD,2012,5.0,62.6684314857059,0.387219068103915,65.5,859.680536375497,51.6718482971191,28.4787972894576,62.6684314857059,22.535049587821206,20.426786916912924,17.963790348068045
Bangladesh,BGD,2013,6.63,74.4595169116099,0.974448436120221,61.5,958.262989798283,55.6214332189314,28.8407036106763,74.4595169116099,23.78944846288399,22.535049587821206,20.426786916912924
Bangladesh,BGD,2014,9.052900314,80.3128212085608,1.95813780918421,62.4,1094.46199702838,55.6214332189314,29.1944442321013,80.3128212085608,25.96813094295584,23.78944846288399,22.535049587821206
Bangladesh,BGD,2015,12.36880016,82.4275967039157,3.06992245398744,74.0,1224.38647668165,59.4217414855957,29.5395099477892,82.4275967039157,30.376461724383166,25.96813094295584,23.78944846288399
Bangladesh,BGD,2016,16.89909935,84.5595499717024,4.09944456111627,75.9,1649.28380858601,64.1664546117285,29.8753915517965,84.5595499717024,33.249433853116855,30.376461724383166,25.96813094295584
Bangladesh,BGD,2017,21.5,93.0689844922452,4.5013092271068,88.0,1811.08221668646,62.3408639225315,30.2015798381799,93.0689844922452,37.93959929051667,33.249433853116855,30.376461724383166
Bangladesh,BGD,2018,25.56509972,98.9289060885788,4.92461851093909,86.9,1965.24372731467,65.2714888764112,30.5175656009959,98.9289060885788,40.49770059337541,37.93959929051667,33.249433853116855
Bangladesh,BGD,2019,30.38310051,100.399571155843,4.90288655437254,92.2,2129.79896954606,65.1185413488915,30.8228396343012,100.399571155843,43.875934786786516,40.49770059337541,37.93959929051667
Bangladesh,BGD,2020,36.10910034,106.002140470412,6.04506220711318,96.2,2248.85078828233,66.4329548486639,31.1168927321524,106.002140470412,47.29453942845599,43.875934786786516,40.49770059337541
Bangladesh,BGD,2021,38.91744466,110.012054001037,6.64246518111116,99.0,2482.84917843357,66.8282318620991,31.3992156886061,110.012054001037,49.24182827012223,47.29453942845599,43.875934786786516
Bangladesh,BGD,2022,41.61650085,109.8665408168,7.17020479104462,99.4,2716.48592780431,67.0384586440383,31.673734726234,109.8665408168,51.138603868854574,49.24182827012223,47.29453942845599
Bangladesh,BGD,2023,44.50274195,111.280894357567,7.89245848428319,99.5,2551.01773827307,65.9856598598849,32.1578465036834,111.280894357567,52.11829336894843,51.138603868854574,49.24182827012223
Bangladesh,BGD,2024,53.42171316,108.077037369691,8.08931134401926,99.5,2593.41611680774,64.2997191043961,32.6783196323307,108.077037369691,54.86905070723224,52.11829336894843,51.138603868854574
Bulgaria,BGR,2004,18.13,61.0332759957829,0.0858256671781021,90.1,3389.86047992391,90.5342712402344,69.9193344116211,61.0332759957829,36.897924473837755,38.972302841394566,35.77240583385795
Bulgaria,BGR,2005,19.97,81.1550542231694,2.15033040720983,90.6,3900.02501966492,91.3667678833008,70.0869598388672,81.1550542231694,39.47853890778795,36.897924473837755,38.972302841394566
Bulgaria,BGR,2006,27.09,108.024848258457,5.034780075217,91.2,4523.37797301782,92.4120101928711,70.5075225830078,108.024848258457,47.302862425259995,39.47853890778795,36.897924473837755
Bulgaria,BGR,2007,33.64,130.455029782962,8.29162101773481,91.7,5888.87094585161,93.1541595458984,70.6844177246094,130.455029782962,54.093539265310405,47.302862425259995,39.47853890778795
Bulgaria,BGR,2008,39.67,138.396717869014,11.1942366306456,92.3,7271.67443724077,92.3840713500977,70.902099609375,138.396717869014,58.44110108022375,54.093539265310405,47.302862425259995
Bulgaria,BGR,2009,45.0,139.620815193781,13.3284392878162,92.9,6988.63048446496,92.5213775634766,71.3017349243164,139.620815193781,60.70091756109167,58.44110108022375,54.093539265310405
Bulgaria,BGR,2010,46.23,137.140251847404,15.1221247609612,93.5,6854.2987837778,94.1819229125977,71.5149307250977,137.140251847404,61.45153722907425,60.70091756109167,58.44110108022375
Bulgaria,BGR,2011,47.9799930506026,141.938313217096,17.0296984088807,94.1,7849.98219737366,96.4361267089844,72.6101653885532,141.938313217096,65.03191488926117,61.45153722907425,60.70091756109167
Bulgaria,BGR,2012,51.8999876658503,147.337862138845,18.2006758494654,94.7,7432.33753378983,95.3903503417969,72.7684860229492,147.337862138845,67.72533334653542,65.03191488926117,61.45153722907425
Bulgaria,BGR,2013,53.0615,144.355146876635,19.5682074718498,95.3,7796.37945241455,100.78581237793,72.9632821572019,144.355146876635,66.22633124835582,67.72533334653542,65.03191488926117
Bulgaria,BGR,2014,55.4903766299262,131.33514197996,20.5011345688189,95.9,8070.01289303544,104.942199707031,73.0844879150391,131.33514197996,66.34421096303134,66.22633124835582,67.72533334653542
Bulgaria,BGR,2015,56.6562516053086,128.103256321093,22.4944225140811,96.6,7269.02586513711,103.889343261719,73.1030578613281,128.103256321093,67.90412764537653,66.34421096303134,66.22633124835582
Bulgaria,BGR,2016,59.825547661014,125.906027330453,23.8176881048635,97.3,7822.89886431732,103.003921508789,73.1750030517578,125.906027330453,69.53682501745163,67.90412764537653,66.34421096303134
Bulgaria,BGR,2017,63.4101013837926,120.595632675282,25.3925159519229,98.1,8697.13373333715,103.46102142334,73.3904571533203,120.595632675282,68.30915580402265,69.53682501745163,67.90412764537653
Bulgaria,BGR,2018,64.78201069118,119.394511829255,27.103417988838,98.7,9849.88769989118,104.043922424316,73.600212097168,119.394511829255,71.89128031360767,68.30915580402265,69.53682501745163
Bulgaria,BGR,2019,67.9469809417603,116.616975862125,28.8836779290396,99.2,10354.2500414088,102.656936645508,73.7162322998047,116.616975862125,72.3110911112187,71.89128031360767,68.30915580402265
Bulgaria,BGR,2020,70.16248359,114.596737765322,30.5042854761098,99.7,10760.7616180234,101.354942321777,73.3239898681641,114.596737765322,72.85837121507407,72.3110911112187,71.89128031360767
Bulgaria,BGR,2021,75.27144583,114.911988483727,32.7688420838347,99.8,12966.8085197381,98.7087631225586,73.346765618041,114.911988483727,75.36020185838476,72.85837121507407,72.3110911112187
Bulgaria,BGR,2022,79.12686326,116.679163253179,34.9667968772891,100.0,13999.9113358453,96.6720733642578,73.4799164005224,116.679163253179,78.54507025095862,75.36020185838476,72.85837121507407
Bulgaria,BGR,2023,80.38956462,117.932685806225,37.0235717545079,100.0,15854.0192893772,95.6239624023438,73.7322671584613,117.932685806225,79.26834767120103,78.54507025095862,75.36020185838476
Bulgaria,BGR,2024,82.438955,118.067152838789,,100.0,17596.9167621233,94.7816314697266,73.9499356882481,118.067152838789,83.21682188683043,79.26834767120103,78.54507025095862
Bahrain,BHR,2004,21.4586805077435,74.5619329800492,1.7162358481689,100.0,15963.9493171617,80.4924011230469,89.8569005979296,74.5619329800492,44.11054567059374,40.54799683114332,39.488520045391176
Bahrain,BHR,2005,21.30369949,82.2538826768918,2.29808150082993,100.0,17966.1657837625,81.2799224853516,91.168165501421,82.2538826768918,42.28130944741942,44.11054567059374,40.54799683114332
Bahrain,BHR,2006,28.24399948,91.2343231270699,3.88370208461942,100.0,19267.282615072,83.5526885986328,92.7186075361661,91.2343231270699,46.77117650766131,42.28130944741942,44.11054567059374
Bahrain,BHR,2007,32.91,105.539410159778,6.45476425778202,100.0,20908.4042548073,83.5526885986328,94.460505558445,105.539410159778,51.344504714211936,46.77117650766131,42.28130944741942
Bahrain,BHR,2008,51.95,128.559293450425,8.353424691759,100.0,23299.4992780392,89.0208892822266,96.3461384245376,128.559293450425,63.03474881166629,51.344504714211936,46.77117650766131
Bahrain,BHR,2009,53.0,118.449482724389,11.7871249276575,100.0,19465.3140745038,90.1288833618164,98.3277849907243,118.449482724389,62.265174585567145,63.03474881166629,51.344504714211936
Bahrain,BHR,2010,55.0,129.157861073288,12.7684126193907,100.0,21819.3291098099,90.1969414818577,100.0,129.157861073288,64.76959923938077,62.265174585567145,63.03474881166629
Bahrain,BHR,2011,76.9999665032303,140.350600963929,24.1579709760609,100.0,25032.7867743333,93.2938990893653,100.0,140.350600963929,81.42027820873344,64.76959923938077,62.265174585567145
Bahrain,BHR,2012,88.0,174.619564368418,24.285642640033,100.0,26438.6733230428,98.4732914840696,100.0,150.0,86.92810978615508,81.42027820873344,64.76959923938077
Bahrain,BHR,2013,90.0000397,175.802157646776,23.8669490925491,100.0,26989.7601148469,107.610472634995,100.0,150.0,84.82977799380043,86.92810978615508,81.42027820873344
Bahrain,BHR,2014,90.5031334814656,177.400125528622,21.9044398132914,100.0,26451.7965647453,104.203846916518,100.0,150.0,84.86220393703393,84.82977799380043,86.92810978615508
Bahrain,BHR,2015,93.4783007986129,183.919614500055,18.4748658416384,100.0,23734.0551143019,100.303914816394,100.0,150.0,85.4063635777759,84.86220393703393,84.82977799380043
Bahrain,BHR,2016,97.9999807024146,209.489131255928,16.2552007409045,100.0,23800.001440631,100.583649344321,100.0,150.0,86.41122998934358,85.4063635777759,84.86220393703393
Bahrain,BHR,2017,95.8781357543453,159.546894557674,13.1014612060095,100.0,24784.7693514607,100.923412884105,100.0,150.0,82.69921900824403,86.41122998934358,85.4063635777759
Bahrain,BHR,2018,98.6446725799886,139.735421260048,8.43441553498671,100.0,26324.4066549559,100.701887411111,100.0,139.735421260048,81.56657122469059,82.69921900824403,86.41122998934358
Bahrain,BHR,2019,99.7015043807778,129.142743677937,9.49012903269232,100.0,27259.7438599327,102.128281941881,100.0,129.142743677937,80.30232631020893,81.56657122469059,82.69921900824403
Bahrain,BHR,2020,99.67103159,119.41160169027,10.1824112975928,100.0,24342.8444554718,102.128281941881,100.0,119.41160169027,78.87108558112669,80.30232631020893,81.56657122469059
Bahrain,BHR,2021,100.0,128.078912532195,16.5057891919103,100.0,27147.8083882286,102.128281941881,100.0,128.078912532195,82.31356609378096,78.87108558112669,80.30232631020893
Bahrain,BHR,2022,100.0,139.636142863944,18.0025680504011,100.0,30470.5219276023,103.393222951005,100.0,139.636142863944,84.92500631899804,82.31356609378096,78.87108558112669
Bahrain,BHR,2023,100.0,153.899937948583,17.1582362107608,100.0,29290.1284215098,104.392938701638,100.0,150.0,86.14070969064215,84.92500631899804,82.31356609378096
Bahrain,BHR,2024,100.0,159.536143577452,16.9915789748788,100.0,29717.1424605273,98.8139181413527,100.0,150.0,86.10350725164855,86.14070969064215,84.92500631899804
"Bahamas, The",BHS,2004,22.0,54.7430411263693,3.76800419092242,100.0,26650.2934234303,85.4551467895508,81.6708410883427,54.7430411263693,42.68646501689625,38.49950626559708,38.09746648832346
"Bahamas, The",BHS,2005,25.0,66.2329089777664,3.89131534717093,100.0,28602.4181869995,86.3187637329102,81.8605578035102,66.2329089777664,42.92241241397923,42.68646501689625,38.49950626559708
"Bahamas, The",BHS,2006,26.0,72.6191603875135,4.76239684248296,100.0,29184.7865087908,86.5019989013672,82.0396098391364,72.6191603875135,43.74392498977498,42.92241241397923,42.68646501689625
"Bahamas, The",BHS,2007,27.0,105.848573870615,5.80187584551727,100.0,30051.8489587756,89.3580932617188,82.1964954293015,105.848573870615,48.48463251965953,43.74392498977498,42.92241241397923
"Bahamas, The",BHS,2008,31.54,99.9804534792807,7.12051826203507,100.0,29392.3824416397,89.3178863525391,82.3197128080855,99.9804534792807,49.75199552214748,48.48463251965953,43.74392498977498
"Bahamas, The",BHS,2009,33.88,98.8980458091012,8.706761114633,100.0,27512.9130950084,89.0210571289062,82.3977602095684,98.8980458091012,50.41808434215311,49.75199552214748,48.48463251965953
"Bahamas, The",BHS,2010,43.0,116.572148536783,6.72203506060227,100.0,27473.100430502,91.0886370856719,82.4198104431593,116.572148536783,56.00258378852603,50.41808434215311,49.75199552214748
"Bahamas, The",BHS,2011,65.0,80.3784477401548,4.16862822109655,100.0,27090.8376801379,89.2416368950958,82.4130347470308,80.3784477401548,59.662807092832885,56.00258378852603,50.41808434215311
"Bahamas, The",BHS,2012,71.74819946,79.9000716437309,20.7553752773198,100.0,28552.0242683151,92.1807628524046,82.3947485339925,79.9000716437309,68.769754231455,59.662807092832885,56.00258378852603
"Bahamas, The",BHS,2013,72.0,75.734985605075,19.1290212770449,100.0,27642.7419759179,84.6595407759303,82.3635791100868,75.734985605075,65.0723300135459,68.769754231455,59.662807092832885
"Bahamas, The",BHS,2014,76.91999817,82.3551261058127,20.1853004724063,100.0,29137.2175632622,91.6218404766036,82.3180931037043,82.3551261058127,68.73139108452605,65.0723300135459,68.769754231455
"Bahamas, The",BHS,2015,78.0,80.7521033045627,21.0247414012342,100.0,30719.405417469,76.0440338812974,82.2568571432361,80.7521033045627,69.77921267875178,68.73139108452605,65.0723300135459
"Bahamas, The",BHS,2016,80.0,92.8218938037134,21.9370965455928,100.0,30616.5363157284,85.0686327399149,82.1784378570728,92.8218938037134,72.72271941812556,69.77921267875178,68.73139108452605
"Bahamas, The",BHS,2017,80.59999847,90.5386890661613,22.2461810312816,100.0,31875.4881749619,92.6182585115999,82.0814018736052,90.5386890661613,70.11521488967804,72.72271941812556,69.77921267875178
"Bahamas, The",BHS,2018,83.0,98.9789084760782,20.678503859013,100.0,32642.3353203452,80.8808929269834,81.9643158212241,98.9789084760782,73.96518319027375,70.11521488967804,72.72271941812556
"Bahamas, The",BHS,2019,90.69329834,107.811997212897,20.8513333755622,100.0,33640.3369861278,78.566734376867,81.8257463283204,107.811997212897,77.51208502291973,73.96518319027375,70.11521488967804
"Bahamas, The",BHS,2020,92.4437027,117.717493173143,20.9668496424268,100.0,26178.7537607708,78.566734376867,81.6642600232849,117.717493173143,79.45228863300164,77.51208502291973,73.96518319027375
"Bahamas, The",BHS,2021,92.34980011,100.257333370336,20.7423310871326,100.0,30367.8605757708,72.6381880061026,81.4784235345083,100.257333370336,75.88102402193381,79.45228863300164,77.51208502291973
"Bahamas, The",BHS,2022,92.2559967,101.623744145214,21.135589553703,100.0,34957.1613279737,72.6381880061026,81.3200717047725,101.623744145214,76.87607769927482,75.88102402193381,79.45228863300164
"Bahamas, The",BHS,2023,92.38729858,100.047566593231,23.816342880032,100.0,38231.774484278,87.1455240465819,81.3213799173676,100.047566593231,76.62633833692034,76.87607769927482,75.88102402193381
"Bahamas, The",BHS,2024,92.47270203,96.6798992232414,25.2679530406222,100.0,39455.4466548546,79.4858750299258,81.3249262966481,96.6798992232414,76.19542282027882,76.62633833692034,76.87607769927482
Bosnia and Herzegovina,BIH,2007,27.92,61.0557219969781,2.11019319164883,99.7,3931.48948737505,80.9894485473633,44.7926078011574,61.0557219969781,41.22155866511325,37.72126765795532,34.98613343151281
Bosnia and Herzegovina,BIH,2008,34.66,80.5319966034577,4.77410764769183,99.3,4841.69311934649,85.227912902832,45.1090576163352,80.5319966034577,47.5037306575432,41.22155866511325,37.72126765795532
Bosnia and Herzegovina,BIH,2009,37.74,83.953916109979,7.52908530710651,99.4,4539.91863774968,87.0009307861328,45.4246010387901,83.953916109979,49.5792651188106,47.5037306575432,41.22155866511325
Bosnia and Herzegovina,BIH,2010,42.75,81.6018850459875,10.2559326160601,99.5,4506.47828548389,85.5183715820312,45.7392153332604,81.6018850459875,52.21213005971795,49.5792651188106,47.5037306575432
Bosnia and Herzegovina,BIH,2011,43.88769913,84.7529182494619,11.4984026395866,99.7,4982.69375768263,87.7279968261719,46.0528777644843,84.7529182494619,54.34685834797088,52.21213005971795,49.5792651188106
Bosnia and Herzegovina,BIH,2012,45.0644989,91.4833140015035,12.7897151940553,99.7,4693.78899115381,90.7853088378906,46.3655655972,91.4833140015035,55.7448986070402,54.34685834797088,52.21213005971795
Bosnia and Herzegovina,BIH,2013,48.52130127,96.6063476862431,14.2931086481084,99.5,5034.56634817068,92.2983932495117,46.6954224739896,96.6063476862431,56.63093550775203,55.7448986070402,54.34685834797088
Bosnia and Herzegovina,BIH,2014,49.91770172,97.9342347136426,15.2154563374569,99.9,5206.06573475132,90.2868576049805,47.130783484831,97.9342347136426,58.059049796034344,56.63093550775203,55.7448986070402
Bosnia and Herzegovina,BIH,2015,52.59999847,97.8678378339204,18.0468836372803,99.7,4662.25869219448,85.716178894043,47.5711645087011,97.8678378339204,60.61626089199267,58.059049796034344,56.63093550775203
Bosnia and Herzegovina,BIH,2016,60.2565354318987,98.0143984902979,19.0747891666088,100.0,4928.5665903114,83.1699523925781,48.0248845752382,98.0143984902979,64.21605573438038,60.61626089199267,58.059049796034344
Bosnia and Herzegovina,BIH,2017,64.8920205128383,100.332576774399,20.4261287573476,100.0,5345.01978766473,83.668083190918,48.4918401819106,100.332576774399,64.57571827273054,64.21605573438038,60.61626089199267
Bosnia and Herzegovina,BIH,2018,70.1201350394885,102.186536758193,21.1504576321228,100.0,6047.84707207392,85.6409912109375,48.971927825824,102.186536758193,69.26639212399238,64.57571827273054,64.21605573438038
Bosnia and Herzegovina,BIH,2019,69.9463476317266,112.254788698841,22.2950124838105,100.0,6122.37541352353,85.5401306152344,49.4650440037758,112.254788698841,70.17942470789754,69.26639212399238,64.57571827273054
Bosnia and Herzegovina,BIH,2020,73.21175294,106.374742411306,23.3507882918721,100.0,6130.31187968266,85.5591125488281,49.9710852122997,106.374742411306,70.3570222985095,70.17942470789754,69.26639212399238
Bosnia and Herzegovina,BIH,2021,75.67620138,114.911613799718,24.5890868366952,100.0,7295.34378682258,85.6761474609375,50.4899479477034,114.911613799718,72.59942189586613,70.3570222985095,70.17942470789754
Bosnia and Herzegovina,BIH,2022,78.8455371,118.944352880459,27.3190356221695,100.0,7655.59421024383,87.0373992919922,51.0215287060993,118.944352880459,76.00284213882188,72.59942189586613,70.3570222985095
Bosnia and Herzegovina,BIH,2023,83.3771539,117.733690876159,28.440133083292,100.0,8663.02326458629,87.8663787841797,51.5657239834305,117.733690876159,77.44948938149719,76.00284213882188,72.59942189586613
Bosnia and Herzegovina,BIH,2024,86.10091103,121.232373011893,29.3909178564419,100.0,9397.90942855997,87.8663787841797,52.1224302754935,121.232373011893,79.30254611144179,77.44948938149719,76.00284213882188
Belarus,BLR,2008,23.0,85.2943083888757,5.01586780557515,93.2,6376.17569162063,115.713592529297,73.5531692504883,85.2943083888757,41.85831107387157,37.54193436284241,33.84767207394707
Belarus,BLR,2009,27.43,101.881315451425,11.4889164021429,93.8,5352.48809190697,113.701538085938,74.1909646620571,101.881315451425,47.658064427516706,41.85831107387157,37.54193436284241
Belarus,BLR,2010,31.8,108.873353765855,17.5605789720351,94.4,6034.67885177216,111.028998547015,74.5501403808594,108.873353765855,52.419891934363605,47.658064427516706,41.85831107387157
Belarus,BLR,2011,39.6488956598961,112.901923256589,22.1484924892336,95.0,6527.6593428786,108.98986744867,75.0597534179688,112.901923256589,59.924410819466075,52.419891934363605,47.658064427516706
Belarus,BLR,2012,46.91,112.822416305227,26.7549579016379,95.6,6953.21591683101,107.657786407767,75.5281066894531,112.822416305227,64.62843484806702,59.924410819466075,52.419891934363605
Belarus,BLR,2013,54.17,117.433516760028,29.4347914242904,96.2,7998.0802045456,104.523124130077,75.94970703125,117.433516760028,66.11671135576279,64.62843484806702,59.924410819466075
Belarus,BLR,2014,59.0163187101542,120.366076944418,28.3376939308168,96.8,8341.31809294883,103.510351178762,76.3405227661133,120.366076944418,69.24364696121215,66.11671135576279,64.62843484806702
Belarus,BLR,2015,62.230360906803,120.669626204229,30.6040616643757,97.4,5967.05595058777,102.895731001158,76.6263885498047,120.669626204229,72.5096994938618,69.24364696121215,66.11671135576279
Belarus,BLR,2016,71.1130457603832,120.431507778029,32.2929606538076,98.0,5039.77560949445,102.969005936733,76.8458709716797,120.431507778029,76.9125689699361,72.5096994938618,69.24364696121215
Belarus,BLR,2017,74.4364454136036,120.212652133209,33.3125100702522,98.7,5785.54491935194,102.480850468241,77.0208206176758,120.212652133209,75.46566955794579,76.9125689699361,72.5096994938618
Belarus,BLR,2018,79.1298866919307,122.56975741957,33.7711870351479,99.3,6360.037502312,101.596010989492,77.2132720947266,122.56975741957,81.31572604369657,75.46566955794579,76.9125689699361
Belarus,BLR,2019,82.7891520910901,123.229810991965,34.0723501521236,100.0,6837.77339645635,100.438744155791,77.4550771852757,123.229810991965,81.56063320857007,81.31572604369657,75.46566955794579
Belarus,BLR,2020,85.08791245,125.164732031333,34.8152229336418,100.0,6542.85579976768,100.575710351095,77.7890385790408,125.164732031333,82.50000580649098,81.56063320857007,81.31572604369657
Belarus,BLR,2021,86.88841196,127.117317282369,35.0097634241001,100.0,7489.71894713888,100.42063921059,78.131086803694,127.117317282369,83.26425142228064,82.50000580649098,81.56063320857007
Belarus,BLR,2022,89.50733148,128.314999383533,34.0671782490739,100.0,7994.64806074889,99.0602032881737,78.4732787892908,128.314999383533,84.480940879142,83.26425142228064,82.50000580649098
Belarus,BLR,2023,91.51249979,128.979176539764,35.0931910729644,100.0,7896.75388295584,97.4265999006565,78.8146420666327,128.979176539764,85.27596232645689,84.480940879142,83.26425142228064
Belarus,BLR,2024,94.26182128,131.123016605614,36.2627055164488,100.0,8605.60954569694,94.7902702871216,79.1551015210848,131.123016605614,87.12063956003863,85.27596232645689,84.480940879142
Belize,BLZ,2005,17.0,34.3186847364075,1.79529619527332,83.5,5270.41479135312,75.2656326293945,46.7271194028137,34.3186847364075,30.148140273059617,26.529092006157978,28.546893507423654
Belize,BLZ,2006,24.0,40.989585866235,2.51669109831248,91.0,5524.78167834986,76.0926818847656,46.4084814638913,40.989585866235,35.57483760174941,30.148140273059617,26.529092006157978
Belize,BLZ,2007,24.60000038,39.9574468085106,2.52617359000338,85.2,5762.21023302938,75.4892196655273,46.0812472097226,39.9574468085106,34.121804184592314,35.57483760174941,30.148140273059617
Belize,BLZ,2008,26.29999924,52.5796669087038,2.6438998426211,86.1,5711.81458859709,75.4095230102539,45.7599120745023,52.5796669087038,36.6051474371327,34.121804184592314,35.57483760174941
Belize,BLZ,2009,27.20000076,51.751680986776,2.66782677679183,86.9,5399.67100001919,75.1112899780273,45.4589714924251,51.751680986776,36.61835733150532,36.6051474371327,34.121804184592314
Belize,BLZ,2010,28.2,60.6413839404206,2.78380614841762,89.9,5461.40735999001,75.6223037349759,45.1914838193558,60.6413839404206,38.74365578870807,36.61835733150532,36.6051474371327
Belize,BLZ,2011,30.70000076,67.9524470054812,2.96304896455218,91.7,5596.05222152289,76.1272789038614,44.9417819131729,67.9524470054812,41.15543991415059,38.74365578870807,36.61835733150532
Belize,BLZ,2012,31.0,51.5597433121819,2.98223160513615,90.9,5732.66519942347,78.8095397154118,44.6903068035216,51.5597433121819,38.23789977542475,41.15543991415059,38.74365578870807
Belize,BLZ,2013,33.59999847,51.1127633354507,2.89789741443153,91.1,5957.34953619006,80.6694303700292,44.4380542363795,51.1127633354507,38.459777188908326,38.23789977542475,41.15543991415059
Belize,BLZ,2014,38.70000076,49.3805223502033,2.83730221280913,91.5,6128.12053089077,80.3583033664053,44.1850161758379,49.3805223502033,40.044008183617805,38.459777188908326,38.23789977542475
Belize,BLZ,2015,41.59000015,59.4797562953754,4.87717949221655,91.8,6154.62264230369,81.2936199454549,43.931184585988,59.4797562953754,43.452962193697466,40.044008183617805,38.459777188908326
Belize,BLZ,2016,44.57569885,61.1255672392756,5.03804444688173,93.3,6140.86713919469,87.7313726328389,43.6765514309211,61.1255672392756,45.203095178425926,43.452962193697466,40.044008183617805
Belize,BLZ,2017,48.8771019,64.1585522049721,5.09268439075889,94.2,6071.85451846453,86.323893201399,43.4211086747287,64.1585522049721,46.22158419543702,45.203095178425926,43.452962193697466
Belize,BLZ,2018,53.59360123,64.7801570644827,6.48509044620831,91.7,6011.99036888587,86.2833561409511,43.164848281502,64.7801570644827,48.692594268539494,46.22158419543702,45.203095178425926
Belize,BLZ,2019,58.76520157,66.0704612665196,7.67179242617844,92.7,6171.61449761423,87.4526596660355,42.9077622153323,66.0704612665196,51.405086006730215,48.692594268539494,46.22158419543702
Belize,BLZ,2020,64.43589783,67.551661668526,9.21159022752628,96.8,5238.54078175696,86.1886596150512,42.649842440311,67.551661668526,54.78221383340818,51.405086006730215,48.692594268539494
Belize,BLZ,2021,70.65370178,66.7769498110516,9.10594770150703,97.7,6142.98930557031,88.8215546932903,42.3910809205294,66.7769498110516,56.17420312786397,54.78221383340818,51.405086006730215
Belize,BLZ,2022,69.98329926,67.1750266305468,9.75385677359442,98.6,7068.21728043145,87.4381668552162,42.1373251262137,67.1750266305468,57.548305694031896,56.17420312786397,54.78221383340818
Belize,BLZ,2023,70.18720245,67.1750266305468,,99.6,7424.75821321022,83.619553808705,41.9459437504976,,78.43832180373313,57.548305694031896,56.17420312786397
Belize,BLZ,2024,80.00582262,67.1750266305468,,99.6,7681.24400583113,86.4571583269413,41.7532107338224,,85.2630286008376,78.43832180373313,57.548305694031896
Bermuda,BMU,2004,60.9908670086326,78.3310686595796,,100.0,71692.1589001679,87.598030090332,100.0,78.3310686595796,77.77364921561532,72.42920905144304,69.27156635500526
Bermuda,BMU,2005,65.4470657898838,84.0681858047233,29.4796766117587,100.0,77628.103522508,86.630241394043,100.0,84.0681858047233,81.26665974948895,77.77364921561532,72.42920905144304
Bermuda,BMU,2006,69.8996551617012,95.6488525320686,37.6277174777986,100.0,97781.4558996721,82.0112533569336,100.0,95.6488525320686,83.95017734674136,81.26665974948895,77.77364921561532
Bermuda,BMU,2007,74.3505940302669,109.506427551182,45.7054435803841,100.0,107395.651483891,82.0112533569336,100.0,109.506427551182,87.39090615383927,83.95017734674136,81.26665974948895
Bermuda,BMU,2008,82.3,124.80252764613,53.6413902053713,100.0,110268.562401264,82.0112533569336,100.0,124.80252764613,92.78980241443102,87.39090615383927,83.95017734674136
Bermuda,BMU,2009,83.25,133.721387556045,62.92771179108,100.0,104711.712420357,82.0112533569336,100.0,133.721387556045,93.61099499863646,92.78980241443102,87.39090615383927
Bermuda,BMU,2010,84.21,138.407218517066,62.9266378972146,100.0,104111.824244802,89.5964279174805,100.0,138.407218517066,94.49925630388393,93.61099499863646,92.78980241443102
Bermuda,BMU,2011,88.336,138.407218517066,,100.0,99049.0169927667,88.0554428100586,100.0,,95.40748804672917,94.49925630388393,93.61099499863646
Bermuda,BMU,2012,91.2993045243401,142.978348992867,,100.0,100213.493385287,86.2392807006836,100.0,142.978348992867,96.19490309914849,95.40748804672917,94.49925630388393
Bermuda,BMU,2013,95.3,148.331078742882,63.0761002925724,100.0,101704.40746217,85.0652008056641,100.0,148.331078742882,99.23750897291933,96.19490309914849,95.40748804672917
Bermuda,BMU,2014,96.8,93.6438476916054,54.6695210061547,100.0,100961.576602811,85.4845428466797,100.0,93.6438476916054,91.18452325232516,99.23750897291933,96.19490309914849
Bermuda,BMU,2015,98.3236096537251,59.8764653977058,47.2708937350309,100.0,104855.366822135,86.8070526123047,100.0,59.8764653977058,85.55267512687522,91.18452325232516,99.23750897291933
Bermuda,BMU,2016,98.0,100.6966224842,35.9296442812337,100.0,108747.356144305,86.8070526123047,100.0,100.6966224842,86.9219920262703,85.55267512687522,91.18452325232516
Bermuda,BMU,2017,98.37,102.231904117777,35.8740444807952,100.0,112339.425587467,86.8070526123047,100.0,102.231904117777,83.63477324044135,86.9219920262703,85.55267512687522
Bolivia,BOL,2004,4.43992460120042,19.5646767642078,0.0947710561393837,75.9,953.191893246277,86.3809967041016,63.7564671612252,19.5646767642078,20.479395856278618,18.423040271418422,16.485274059162446
Bolivia,BOL,2005,5.22758395663196,25.8675957086363,0.138589263215335,68.3,1020.12326200737,87.4255523681641,64.2133062205259,25.8675957086363,19.33870466664572,20.479395856278618,18.423040271418422
Bolivia,BOL,2006,6.20067125473576,30.2062270674877,0.184725630085167,76.2,1202.71150446327,86.5906295776367,64.6631431424362,30.2062270674877,21.880786622126134,19.33870466664572,20.479395856278618
Bolivia,BOL,2007,10.49919987,33.5992508744616,0.350786086252679,80.2,1354.54905949929,86.0495986938477,65.1067327824433,33.5992508744616,25.04780061175864,21.880786622126134,19.33870466664572
Bolivia,BOL,2008,12.5,51.1488440905351,0.805148140395486,84.7,1692.67248455876,85.3683776855469,65.5448299960338,51.1488440905351,29.36350408230284,25.04780061175864,21.880786622126134
Bolivia,BOL,2009,16.79999924,64.5388630004667,0.959777961367874,86.8,1731.18172112209,83.7523803710938,65.9781896386949,64.5388630004667,33.28814521219843,29.36350408230284,25.04780061175864
Bolivia,BOL,2010,22.39999962,70.5072652714085,0.942297673080219,88.0,1929.78373077158,87.7601876397411,66.4075665659133,70.5072652714085,36.592390170103066,33.28814521219843,29.36350408230284
Bolivia,BOL,2011,30.0,80.7163040735906,0.710624258800113,88.3,2315.52121930607,85.300407946135,66.833715633176,80.7163040735906,40.919165968566176,36.592390170103066,33.28814521219843
Bolivia,BOL,2012,35.34,90.2755917829226,1.10983398611253,90.4,2575.59857098084,87.0108512162742,67.2581444827699,90.2755917829226,44.587665673753165,40.919165968566176,36.592390170103066
Bolivia,BOL,2013,36.99,97.5951190945133,1.44251291444936,89.5,2870.02377000756,88.7650557098116,67.6697055519889,97.5951190945133,45.79767591231281,44.587665673753165,40.919165968566176
Bolivia,BOL,2014,34.6016202324676,96.3263792565653,1.59263327264509,90.0,3041.43503162408,89.4564819756877,68.037425413,96.3263792565653,44.46583822077698,45.79767591231281,44.587665673753165
Bolivia,BOL,2015,37.4868176324391,92.2660116634989,1.64281294868996,91.5,2996.01289811344,90.6139031958796,68.3958051297665,92.2660116634989,45.27443996432157,44.46583822077698,45.79767591231281
Bolivia,BOL,2016,39.69749832,90.3953302409119,2.57234781333128,91.8,3035.87347732132,90.6152852803158,68.7446327876947,90.3953302409119,46.26334693011257,45.27443996432157,44.46583822077698
Bolivia,BOL,2017,43.83229828,96.6383703523099,3.34957984808085,91.8,4048.40119739839,89.4000212849504,69.0838016274736,96.6383703523099,48.12094205221422,46.26334693011257,45.27443996432157
Bolivia,BOL,2018,44.2861422024283,99.4565867202022,4.38026486466196,92.8,4206.8552936661,88.7218999579042,69.4133879813999,99.4565867202022,49.438436857231096,48.12094205221422,46.26334693011257
Bolivia,BOL,2019,47.4748191121692,100.14945954148,6.39917144373428,95.1,4203.15492855788,88.8235046622532,69.7334986708387,100.14945954148,52.06679074448737,49.438436857231096,48.12094205221422
Bolivia,BOL,2020,59.94010155,99.898817726261,7.88671647526861,97.2,3580.96761778303,88.8672369779995,70.0442635528254,99.898817726261,57.43555723291735,52.06679074448737,49.438436857231096
Bolivia,BOL,2021,65.9773785,100.809064985893,9.44574009663778,98.6,4010.76053686204,90.4144137410078,70.3450412826165,100.809064985893,60.232284516367244,57.43555723291735,52.06679074448737
Bolivia,BOL,2022,72.62270355,101.57150434614,10.9975247479663,99.9,4219.46113742445,90.3729338176816,70.6352598708131,101.57150434614,64.71683178328647,60.232284516367244,57.43555723291735
Bolivia,BOL,2023,77.30039978,101.57150434614,11.1529423948186,99.8,4274.70820547613,91.3676827044767,70.9151414044538,,67.7060668336381,64.71683178328647,60.232284516367244
Bolivia,BOL,2024,79.70469666,98.0287940811943,12.0711429622144,96.6,4421.16609889999,90.5272216796875,71.2361453773988,98.0287940811943,65.32483372590221,67.7060668336381,64.71683178328647
Brazil,BRA,2012,48.56,126.131962754994,9.71151141846763,99.5,12521.7213519966,94.5829467773438,84.8973874181312,126.131962754994,60.71700988992008,58.80101797645144,52.87131420673582
Brazil,BRA,2013,51.04,136.589138644321,10.7622017659472,99.6,12458.8912138813,104.086219787598,85.1676585442726,136.589138644321,62.36092975531325,60.71700988992008,58.80101797645144
Brazil,BRA,2014,54.5510018796392,140.304679417776,11.9790772854396,99.7,12274.9939689363,102.780311584473,85.4331367898168,140.304679417776,64.94807359182671,62.36092975531325,60.71700988992008
Brazil,BRA,2015,58.3279517340924,127.83616904008,12.6353840484725,99.7,8936.19661712113,101.086227416992,85.6935697061881,127.83616904008,65.25441588745119,64.94807359182671,62.36092975531325
Brazil,BRA,2016,60.8725400681261,120.101181531485,13.217709027651,99.7,8836.28652735657,102.692901611328,85.9487048448108,120.101181531485,65.3619504987787,65.25441588745119,64.94807359182671
Brazil,BRA,2017,67.4712845236305,108.092570205646,14.1218273097456,99.8,10080.5092819305,102.989486694336,86.1982897571091,108.092570205646,64.7744813247781,65.3619504987787,65.25441588745119
Brazil,BRA,2018,70.4342825404361,101.602460284017,15.1537620986579,99.7,9300.66164923219,104.818481445312,86.4420719945072,101.602460284017,66.71684307981059,64.7744813247781,65.3619504987787
Brazil,BRA,2019,73.9124399133589,97.3747376780285,15.8621991239093,99.8,9029.83326681073,103.667556762695,86.6797991084296,97.3747376780285,67.07359675807729,66.71684307981059,64.7744813247781
Brazil,BRA,2020,81.34269353,98.6456198619193,17.418059685583,99.7,7074.19378337644,103.882659912109,86.9112186503004,98.6456198619193,70.41673315853525,67.07359675807729,66.71684307981059
Brazil,BRA,2021,80.68989314,104.824727184587,19.8363162401481,99.5,7972.5366498646,106.298461914062,87.1360781715439,104.824727184587,71.20705103720536,70.41673315853525,67.07359675807729
Brazil,BRA,2022,80.52775094,101.245468903076,20.9534469027015,100.0,9281.33334441234,105.702369689941,87.349556243881,101.245468903076,71.69965381377307,71.20705103720536,70.41673315853525
Brazil,BRA,2023,84.15060238,101.020256020808,22.4192301618889,99.8,10377.5892792557,105.702369689941,87.6159710235763,101.020256020808,72.69963059012863,71.69965381377307,71.20705103720536
Brazil,BRA,2024,84.46347227,101.926846460424,24.079199344422,99.8,10310.5486973693,104.144660949707,87.8958549533146,101.926846460424,73.1606440396359,72.69963059012863,71.69965381377307
Barbados,BRB,2004,49.8,74.8744846575732,11.0850062477085,99.9,12886.3665272467,108.061492919922,61.101971231796,74.8744846575732,65.15259911209985,56.664990363917084,51.272409784263324
Barbados,BRB,2005,52.5,76.7344234963119,11.8873415554547,99.9,14214.4202213572,108.776031494141,60.6389887108416,76.7344234963119,62.37979849034912,65.15259911209985,56.664990363917084
Barbados,BRB,2006,55.29999924,87.8212013244346,14.3702639239709,100.0,15619.6005955511,107.878128051758,60.1960940466703,87.8212013244346,64.00393566081749,62.37979849034912,65.15259911209985
Barbados,BRB,2007,58.20000076,94.9529651145646,17.3737872666686,100.0,17235.4396434785,109.740669250488,59.803942722226,94.9529651145646,65.89853907646355,64.00393566081749,62.37979849034912
Barbados,BRB,2008,61.40000153,105.84788459705,18.0467449415872,100.0,17565.6929970592,110.919006347656,59.4931902204528,105.84788459705,67.7692018007082,65.89853907646355,64.00393566081749
Barbados,BRB,2009,64.69999695,122.959766236325,20.9048492829861,100.0,16294.9099491834,110.282241821289,59.2944920242948,122.959766236325,70.81275891304031,67.7692018007082,65.89853907646355
Barbados,BRB,2010,65.09999847,127.182525986129,20.4146881119593,100.0,19723.2381931602,107.682540893555,59.2366008990356,127.182525986129,71.27185112829252,70.81275891304031,67.7692018007082
Barbados,BRB,2011,66.5,125.993430844611,22.6820550519847,100.0,20146.2381264508,107.300071716309,59.236693205614,125.993430844611,74.38150212026338,71.27185112829252,70.81275891304031
Barbados,BRB,2012,71.19999695,126.127869775907,24.1512540713084,100.0,19811.2953079751,107.300071716309,59.2372151062924,126.127869775907,76.47733463311938,74.38150212026338,71.27185112829252
Barbados,BRB,2013,71.80000305,110.819872868385,24.4171933805125,100.0,20384.4910233555,107.300071716309,59.2385370835674,110.819872868385,71.73339778746237,76.47733463311938,74.38150212026338
Barbados,BRB,2014,71.92459869,109.738888010692,27.9254745857703,100.0,20423.7177921163,108.186309814453,59.2410313429534,109.738888010692,73.51846485425732,71.73339778746237,76.47733463311938
Barbados,BRB,2015,72.04940033,120.001433743145,28.0544105523495,100.0,20429.4747123553,108.196029663086,59.2450700899645,120.001433743145,75.97456103983063,73.51846485425732,71.73339778746237
Barbados,BRB,2016,71.57299805,118.816300545784,31.0756872366755,100.0,20311.4094163764,108.310737609863,59.2510255301153,118.816300545784,76.7955303505301,75.97456103983063,73.51846485425732
Barbados,BRB,2017,71.14849854,117.629947424965,31.8876686023893,100.0,20870.7596432179,109.804237365723,59.25926986892,117.629947424965,73.52309636331611,76.7955303505301,75.97456103983063
Barbados,BRB,2018,70.72650146,117.318523321138,31.8263267203636,100.0,21378.2201267496,108.216751098633,59.270175311893,117.318523321138,76.32920188851077,73.52309636331611,76.7955303505301
Barbados,BRB,2019,70.30709839,117.111593950364,37.98020675161,100.0,21929.435611489,106.086326599121,59.2841140645486,117.111593950364,76.91894336862418,76.32920188851077,73.52309636331611
Barbados,BRB,2020,69.89009857,104.722078254017,45.43873225937,100.0,19180.9915228365,104.318992614746,59.3014583324011,104.722078254017,76.73453027823982,76.91894336862418,76.32920188851077
Barbados,BRB,2021,69.4756012,112.222706603295,36.3512637029634,100.0,21084.4013935998,103.569473266602,59.3220365433819,112.222706603295,73.76888624162876,76.73453027823982,76.91894336862418
Barbados,BRB,2022,69.06359863,114.580721030894,37.4843261853654,100.0,24393.2193483944,104.222328186035,59.3538514107686,114.580721030894,74.79890376922133,73.76888624162876,76.73453027823982
Barbados,BRB,2023,69.67510223,114.580721030894,,100.0,25583.8722302505,102.513702392578,59.4235740235775,,78.22137305644884,74.79890376922133,73.76888624162876
Barbados,BRB,2024,70.36470032,114.580721030894,,100.0,26897.2002039176,104.371182990274,59.5397032429174,,78.38511838390073,78.22137305644884,74.79890376922133
Brunei Darussalam,BRN,2004,29.7156041447864,57.3668715341828,1.77438504325453,100.0,24423.0946995548,90.8928298950195,73.0675067339261,57.3668715341828,45.210170772452095,38.94732290612536,37.01426028737821
Brunei Darussalam,BRN,2005,36.4663919475782,64.8898349474529,2.26403949670675,100.0,29386.2703822862,93.6873092651367,73.552870858133,64.8898349474529,46.91540528720486,45.210170772452095,38.94732290612536
Brunei Darussalam,BRN,2006,42.1863491609307,82.6516537186389,2.45815999978062,100.0,34674.7995236452,97.5592575073242,74.0148299904911,82.6516537186389,51.10890108374455,46.91540528720486,45.210170772452095
Brunei Darussalam,BRN,2007,44.68,98.7232826331386,3.13233910260386,100.0,36217.3290706015,98.3408584594727,74.4344860960786,98.7232826331386,54.18765763482878,51.10890108374455,46.91540528720486
Brunei Darussalam,BRN,2008,46.0,105.575540044416,4.47096690515706,100.0,42156.5685838672,98.7723617553711,74.7929411399737,105.575540044416,55.88537043766053,54.18765763482878,51.10890108374455
Brunei Darussalam,BRN,2009,49.0,107.255450030134,5.20298634634968,100.0,30946.4673773828,100.720039367676,75.0712970872547,107.255450030134,56.94517381606676,55.88537043766053,54.18765763482878
Brunei Darussalam,BRN,2010,53.0,110.901991170743,5.53077495590469,100.0,34937.5555357155,101.011688232422,75.2506559029998,110.901991170743,59.156397790830766,56.94517381606676,55.88537043766053
Brunei Darussalam,BRN,2011,56.0,110.959741004384,5.80511731670126,100.0,46382.8274255349,102.111122131348,75.312125504778,110.959741004384,60.682883092923234,59.156397790830766,56.94517381606676
Brunei Darussalam,BRN,2012,60.27310181,115.8258888393,4.8942565410041,100.0,46968.5971164922,105.229759216309,75.2714233503027,115.8258888393,62.2277942790317,60.682883092923234,59.156397790830766
Brunei Darussalam,BRN,2013,64.5,114.010632244007,6.70157246316895,100.0,44003.0644273461,102.392692565918,75.1756915148608,114.010632244007,63.52417574710557,62.2277942790317,60.682883092923234
Brunei Darussalam,BRN,2014,68.76999664,108.471265746851,7.26070785842831,100.0,41026.5084247957,96.2848663330078,75.0572639801502,108.471265746851,64.47424921977017,63.52417574710557,62.2277942790317
Brunei Darussalam,BRN,2015,71.19999695,109.751499246824,8.15348687389274,100.0,30625.1287744656,92.8161697387695,74.9484620568562,109.751499246824,66.13212659449098,64.47424921977017,63.52417574710557
Brunei Darussalam,BRN,2016,90.0,122.42681797345,8.44785809843673,100.0,26663.2972950602,90.0986175537109,74.8816070556641,122.42681797345,75.86601477303071,66.13212659449098,64.47424921977017
Brunei Darussalam,BRN,2017,94.86669922,125.870435240727,9.49044762600168,100.0,28024.3824580252,88.6814727783203,74.8476440654983,125.870435240727,77.37721003247054,75.86601477303071,66.13212659449098
Brunei Darussalam,BRN,2018,95.0,129.268175692652,11.2953107512391,100.0,30988.1190267227,89.1818084716797,74.8172471714305,129.268175692652,79.65089235445339,77.37721003247054,75.86601477303071
Brunei Darussalam,BRN,2019,95.0,129.845260684919,12.2424776362158,100.0,30426.5730656528,88.2910308837891,74.7923311783673,129.845260684919,79.49627648473749,79.65089235445339,77.37721003247054
Brunei Darussalam,BRN,2020,96.30549622,119.933885258067,15.886760064729,100.0,26834.3592233943,86.6857810342997,74.7748108912151,119.933885258067,79.59193554397558,79.49627648473749,79.65089235445339
Brunei Darussalam,BRN,2021,97.62879944,133.597065445264,17.580984722871,100.0,31006.9636289785,86.6857810342997,74.7667316936175,133.597065445264,82.61847558747039,79.59193554397558,79.49627648473749
Brunei Darussalam,BRN,2022,98.97042579,116.108439291126,19.8049937413532,100.0,36632.9280952155,86.6857810342997,74.7772642014221,116.108439291126,81.51487531284342,82.61847558747039,79.59193554397558
Brunei Darussalam,BRN,2023,98.97039795,118.673752421293,20.2120497048692,100.0,32890.5491812019,91.8381544399811,74.8199193881365,118.673752421293,81.38614745651444,81.51487531284342,82.61847558747039
Brunei Darussalam,BRN,2024,96.29828801,118.130579766209,21.1771240120937,100.0,33153.4738913513,91.8381544399811,74.8983133873697,118.130579766209,80.25693739013266,81.38614745651444,81.51487531284342
Bhutan,BTN,2005,3.847100019,5.43917566271067,,59.8,1299.94938578359,43.8849105834961,30.9379917831613,5.43917566271067,17.655777811502247,15.03723367740621,11.421589829704631
Bhutan,BTN,2006,4.518300056,12.235856046297,,59.7,1405.6071618158,46.4304084777832,31.5664945864425,12.235856046297,19.043063262309598,17.655777811502247,15.03723367740621
Bhutan,BTN,2007,5.92,22.0203318101912,,71.8,1850.41570433398,50.2249412536621,32.1738216649326,22.0203318101912,24.483430220088533,19.043063262309598,17.655777811502247
Bhutan,BTN,2008,6.55,36.9241102584538,0.300137976050155,67.6,1919.59774896395,53.5040893554688,32.76371954591,36.9241102584538,21.182164131720477,24.483430220088533,19.043063262309598
Bhutan,BTN,2009,7.17,48.8391730116371,0.486751932310069,71.5,1918.39599211093,58.5537414550781,33.3396804958817,48.8391730116371,23.75899353310431,21.182164131720477,24.483430220088533
Bhutan,BTN,2010,13.6,56.1998312505701,1.23640312870565,73.3,2435.5798056672,62.9354400634766,33.9051967813552,56.1998312505701,27.878875631637378,23.75899353310431,21.182164131720477
Bhutan,BTN,2011,14.39999962,68.2555256231877,1.86543967453131,81.8,2787.97967608562,66.9861221313477,34.4637606688377,68.2555256231877,31.736440494078508,27.878875631637378,23.75899353310431
Bhutan,BTN,2012,15.60000038,78.1969080371794,2.33744470422249,91.5,2751.2128864294,72.1302185058594,35.0188644248365,78.1969080371794,35.368428129811136,31.736440494078508,27.878875631637378
Bhutan,BTN,2013,22.39999962,75.052704292039,2.82390217200971,87.4,2679.95217201538,76.680793762207,35.5740003158589,75.052704292039,36.44126613263619,35.368428129811136,31.736440494078508
Bhutan,BTN,2014,30.29999924,85.1865744422272,3.40713016222026,91.4,2849.49998647303,84.1404190063477,36.1326606084122,85.1865744422272,42.01939527526552,36.44126613263619,35.368428129811136
Bhutan,BTN,2015,39.79999924,91.2409636276731,3.76361363077862,95.4,2954.04081911097,85.2313079833984,36.6983375690037,91.2409636276731,47.74258546220476,42.01939527526552,36.44126613263619
Bhutan,BTN,2016,46.50320053,93.382103211003,2.20480674345404,99.3,3152.30905106786,85.6766128540039,37.2745234641407,93.382103211003,50.95117514506049,47.74258546220476,42.01939527526552
Bhutan,BTN,2017,54.33549881,96.8565690310008,2.21479846487303,97.7,3435.28804735662,86.5600433349609,37.8645544995016,96.8565690310008,53.35068962968715,50.95117514506049,47.74258546220476
Bhutan,BTN,2018,63.48680115,92.6022594006784,1.42176663915794,100.0,3400.20417245342,87.5722870683987,38.4661892776975,92.6022594006784,56.713206212907465,53.35068962968715,50.95117514506049
Bhutan,BTN,2019,74.17939758,95.3472955869586,1.14719203372279,100.0,3576.87987100503,90.6185575459377,39.0746823405146,95.3472955869586,61.43523213921932,56.713206212907465,53.35068962968715
Bhutan,BTN,2020,76.85079956,96.7702849068709,0.414152616992595,100.0,3191.66906999331,89.7711428873908,39.6888839873439,96.7702849068709,62.076166718451454,61.43523213921932,56.713206212907465
Bhutan,BTN,2021,85.63688389,100.330908049861,0.364566273170656,100.0,3570.61257980872,92.5248380307052,40.3075199874379,100.330908049861,65.5917833357011,62.076166718451454,61.43523213921932
Bhutan,BTN,2022,88.35620117,95.129809428439,0.631823734751842,100.0,3711.32767981591,89.9829129407455,40.9365143617581,95.129809428439,66.77208188150084,65.5917833357011,62.076166718451454
Bhutan,BTN,2023,90.02140045,95.6260610260877,1.31881966212479,100.0,3831.32535564326,86.8564415582911,41.7352457989939,95.6260610260877,66.79257206871274,66.77208188150084,65.5917833357011
Bhutan,BTN,2024,91.27739716,99.7576826476519,2.92069476099272,100.0,4228.05102403654,86.1810001963554,42.5645249803412,99.7576826476519,68.19841235848499,66.79257206871274,66.77208188150084
Botswana,BWA,2004,3.30488925316113,28.9318073913231,,35.3,4956.69287735214,78.3988189697266,57.2582489329358,28.9318073913231,16.273615349256634,15.091953724825276,13.142392477110798
Botswana,BWA,2005,3.262599945,30.6423744630755,0.0869623349821754,37.5,5391.07076619634,79.5636215209961,58.4535554684584,30.6423744630755,12.673732032611156,16.273615349256634,15.091953724825276
Botswana,BWA,2006,4.28993297515968,43.9084008885494,0.0960247871984021,39.7,5291.58379144849,81.6948394775391,59.6421228144112,43.9084008885494,15.307897574805867,12.673732032611156,16.273615349256634
Botswana,BWA,2007,5.28,60.2637294559808,0.185223846157469,41.9,5529.12574632532,82.4867095947266,60.7822308289942,60.2637294559808,18.33612943563142,15.307897574805867,12.673732032611156
Botswana,BWA,2008,6.25,76.195582496141,0.456417278214537,44.5,5503.07395314313,77.806510925293,61.8321593704079,76.195582496141,21.69022736461524,18.33612943563142,15.307897574805867
Botswana,BWA,2009,6.150000095,94.1440909682303,0.502342675065166,43.4,5082.93388332404,77.806510925293,62.7501882968523,94.1440909682303,23.677839680638794,21.69022736461524,18.33612943563142
Botswana,BWA,2010,6.0,116.2460387062,0.589146386990184,52.0,6215.73216077919,77.806510925293,63.4945974665277,116.2460387062,27.98219620087195,23.677839680638794,21.69022736461524
Botswana,BWA,2011,9.0,139.870462760455,0.92233793979846,53.2,7287.38295334919,77.806510925293,64.0187810722889,139.870462760455,32.78632081550643,27.98219620087195,23.677839680638794
Botswana,BWA,2012,16.0,146.149158429435,1.05453005453337,56.0,6595.53845015424,77.806510925293,64.3993247826904,146.149158429435,37.182080665799624,32.78632081550643,27.98219620087195
Botswana,BWA,2013,30.0,151.670682520804,1.00855708601278,58.0,6666.91219583487,77.806510925293,64.7579735458393,150.0,43.75775646885054,37.182080665799624,32.78632081550643
Botswana,BWA,2014,36.74474744423,157.018320070864,1.53265771779946,60.0,7122.36423421503,77.806510925293,65.0965122400825,150.0,46.919972499167216,43.75775646885054,37.182080665799624
Botswana,BWA,2015,38.89379883,157.734742812171,1.67228482353299,62.1,6141.20394726616,77.806510925293,65.4103584313295,150.0,48.260469611554356,46.919972499167216,43.75775646885054
Botswana,BWA,2016,41.16859818,147.172960511479,2.64263621946898,64.2,6749.05994339013,77.806510925293,65.6949296854899,147.172960511479,49.55534384225136,48.260469611554356,46.919972499167216
Botswana,BWA,2017,43.57640076,142.962095019868,1.43086105330679,67.4,7104.96401088027,77.806510925293,65.9456435684731,142.962095019868,49.492933870262604,49.55534384225136,48.260469611554356
Botswana,BWA,2018,46.12509918,147.06483856362,1.74169396309317,68.3,7407.95940141786,77.806510925293,66.1579176461888,147.06483856362,51.13045411985199,49.492933870262604,49.55534384225136
Botswana,BWA,2019,48.82279968,160.661520194607,2.10301262862428,70.1,7172.08956480028,77.806510925293,66.3271694845464,150.0,53.37897400026528,51.13045411985199,49.492933870262604
Botswana,BWA,2020,51.67819977,161.858815314634,3.58604400704343,71.8,6323.2974967659,77.806510925293,66.4488166494554,150.0,54.44556499524427,53.37897400026528,51.13045411985199
Botswana,BWA,2021,54.70069885,173.25235140068,5.5483769953124,73.7,7807.88794570471,70.6292572021484,66.5182767068255,150.0,56.72599582196938,54.44556499524427,53.37897400026528
Botswana,BWA,2022,57.9,178.205018910673,4.53192190474005,75.9,8328.7090572666,70.6292572021484,66.5889787170477,150.0,58.13192269508775,56.72599582196938,54.44556499524427
Botswana,BWA,2024,57.45950036,163.999922257361,7.4409622000215,80.2,7649.81663744354,70.6292572021484,67.4623537838418,150.0,59.48363148474345,58.13192269508775,56.72599582196938
Central African Republic,CAF,2004,0.223401395464406,1.43101573974212,,7.0,303.461321152782,10.9962396621704,37.9626889392062,1.43101573974212,1.3398968424681825,1.322150571606222,1.3712414733676588
Central African Republic,CAF,2005,0.26820001,2.33164910546282,,7.4,311.950023138687,10.9962396621704,38.0448510426866,2.33164910546282,1.5454787365708167,1.3398968424681825,1.322150571606222
Central African Republic,CAF,2006,0.311199993,2.51280445195849,,7.8,333.942519903031,10.9962396621704,38.134433681123,2.51280445195849,1.727788842958851,1.5454787365708167,1.3398968424681825
Central African Republic,CAF,2007,0.375815961044797,7.61858666254367,,8.4,380.887048839475,10.9962396621704,38.2343339436079,7.61858666254367,2.667615982088927,1.727788842958851,1.5454787365708167
Central African Republic,CAF,2008,1.0,12.5027857083947,,7.5,437.24827472489,10.9962396621704,38.3474489192338,12.5027857083947,3.967244866255734,2.667615982088927,1.727788842958851
Central African Republic,CAF,2009,1.799999952,19.0689343696367,,9.4,456.471673898404,11.9955196380615,38.476675697093,19.0689343696367,5.789824745714003,3.967244866255734,2.667615982088927
Central African Republic,CAF,2010,2.0,21.7946380977499,,9.8,476.873786950728,11.9955196380615,38.6244963104203,21.7946380977499,5.585843233577881,5.789824745714003,3.967244866255734
Central African Republic,CAF,2011,2.200000048,21.7401847658532,0.0177436204565105,10.4,534.057281471636,15.9189596176147,38.8030669465007,21.7401847658532,4.565185748566439,5.585843233577881,5.789824745714003
Central African Republic,CAF,2012,2.400000095,24.7918387246771,0.0131212306282922,11.0,544.395849142785,15.6197595596313,39.0301696038517,24.7918387246771,4.697899179732812,4.565185748566439,5.585843233577881
Central African Republic,CAF,2013,2.5,29.3015343940304,,11.5,364.36696260838,15.6197595596313,39.3042963482777,29.3015343940304,6.044107679874222,4.697899179732812,4.565185748566439
Central African Republic,CAF,2014,2.700000048,24.9962039132355,,12.0,409.8504859647,15.6197595596313,39.6226521868738,24.9962039132355,4.9993745720875165,6.044107679874222,4.697899179732812
Central African Republic,CAF,2015,2.900000095,26.8396654368244,0.0401354842611874,12.7,366.322853938121,15.6197595596313,39.9824421267351,26.8396654368244,4.136424355087181,4.9993745720875165,6.044107679874222
Central African Republic,CAF,2016,3.099999905,26.4835649048309,0.0156141837038414,13.4,387.176203444318,13.9465503692627,40.3808711749566,26.4835649048309,4.0469192830113965,4.136424355087181,4.9993745720875165
Central African Republic,CAF,2017,4.0,24.5204193752763,0.0129132904879117,14.1,432.324025684263,15.8074398040772,40.8151443386334,24.5204193752763,3.219017809197659,4.0469192830113965,4.136424355087181
Central African Republic,CAF,2018,5.099999905,26.2215810621653,0.0124624461199055,14.6,455.243962859534,15.8074398040772,41.2824666248606,26.2215810621653,3.3406253446476843,3.219017809197659,4.0469192830113965
Central African Republic,CAF,2019,7.509200096,32.2626859489842,0.0100916071197805,14.3,449.228467602439,15.8074398040772,41.7800430407332,32.2626859489842,5.350440567286133,3.3406253446476843,3.219017809197659
Central African Republic,CAF,2022,13.75360012,38.8217901039988,0.0160846160651184,15.7,467.359825026238,15.8074398040772,43.2751967457285,38.8217901039988,6.9539274014252435,5.350440567286133,3.3406253446476843
Central African Republic,CAF,2023,13.8416996,38.8217901039988,,17.6,495.978897288721,15.8074398040772,43.6983692134165,,7.052249160040445,6.9539274014252435,5.350440567286133
Central African Republic,CAF,2024,13.78250027,38.8217901039988,,18.2,516.160999996036,15.8074398040772,44.1243555638904,,5.630415003471106,7.052249160040445,6.9539274014252435
Canada,CAN,2005,71.66,52.4553306173799,21.5905137127351,100.0,36383.9671341396,100.274856567383,79.9760615882965,52.4553306173799,74.55295592602928,72.7758579584308,69.93762290525287
Canada,CAN,2006,72.40000153,57.2331332804484,24.5549559236404,100.0,40504.8490329826,100.449310302734,80.219066099279,57.2331332804484,72.98387894567614,74.55295592602928,72.7758579584308
Canada,CAN,2007,73.2,61.2755204244533,27.4243778082737,100.0,44660.0838892281,101.272247314453,80.4425615136782,61.2755204244533,72.42919878707116,72.98387894567614,74.55295592602928
Canada,CAN,2008,76.69999695,66.0481445157618,29.4247301533061,100.0,46710.3654423328,102.278419494629,80.6628944916604,66.0481445157618,73.41940089332358,72.42919878707116,72.98387894567614
Canada,CAN,2009,80.3,70.3944880872526,30.4200539401656,100.0,40874.9612318547,102.979949951172,80.8591838893921,70.3944880872526,73.50529586082985,73.41940089332358,72.42919878707116
Canada,CAN,2010,80.3,75.5197130593625,31.6318242774001,100.0,47560.8378831258,102.510261535645,81.0120892252937,75.5197130593625,74.42033673118607,73.50529586082985,73.41940089332358
Canada,CAN,2011,83.0,77.6722584904981,32.6506480077297,100.0,52224.1237767406,102.823951721191,81.1031425434213,77.6722584904981,79.0924109166165,74.42033673118607,73.50529586082985
Canada,CAN,2012,83.0,79.3757242462141,33.4738596726536,100.0,52670.1429540952,110.873832702637,81.1513483248791,79.3757242462141,78.84424105304615,79.0924109166165,74.42033673118607
Canada,CAN,2013,85.80000305,80.3548920843149,34.2683042479886,100.0,52637.7313222622,111.407608032227,81.183439957458,80.3548920843149,76.31122478074803,78.84424105304615,79.0924109166165
Canada,CAN,2014,87.12000275,80.790219211487,35.2694249557112,100.0,50960.8942086685,111.68155670166,81.211183161556,80.790219211487,78.2193331266463,76.31122478074803,78.84424105304615
Canada,CAN,2015,90.0,82.767383138656,36.4698589080979,100.0,43594.2379080706,111.737281799316,81.2465670276699,82.767383138656,81.20111849979943,78.2193331266463,76.31122478074803
Canada,CAN,2016,91.16000366,84.5919452304565,36.8232874759276,100.0,42314.1033623905,111.607330322266,81.3023011093703,84.5919452304565,82.05396912574436,81.20111849979943,78.2193331266463
Canada,CAN,2017,92.70140076,86.1024018448784,37.8276923396247,100.0,45129.7335281051,111.974517822266,81.4018945832226,86.1024018448784,79.42359944849898,82.05396912574436,81.20111849979943
Canada,CAN,2018,94.64,89.0494584998715,38.7333531661948,100.0,46539.2177903178,111.833679199219,81.5500341646653,89.0494584998715,84.92930498608064,79.42359944849898,82.05396912574436
Canada,CAN,2019,91.91290283,90.9589210049458,40.076756874499,100.0,46352.9695208927,110.980072021484,81.7363672047941,90.9589210049458,82.5615618248252,84.92930498608064,79.42359944849898
Canada,CAN,2020,92.3,84.7747749116615,40.7949805592606,100.0,43537.8981198851,109.628059387207,81.9509888710566,84.7747749116615,81.55684848981662,82.5615618248252,84.92930498608064
Canada,CAN,2021,93.93710327,87.4056019628826,41.6930962576979,100.0,52886.6407813788,108.337341308594,82.1779279079275,87.4056019628826,82.0242514539714,81.55684848981662,82.5615618248252
Canada,CAN,2022,94.0,91.2386689983444,42.1792116530791,100.0,56496.9275340663,107.467987060547,82.3500897353968,91.2386689983444,83.65036164233231,82.0242514539714,81.55684848981662
Canada,CAN,2023,94.14530182,94.1497268194785,42.5241770773151,100.0,54847.5370112652,104.320877075195,82.5250564408346,94.1497268194785,83.06177742224234,83.65036164233231,82.0242514539714
Canada,CAN,2024,94.353302,94.1059718794246,42.5238215177079,100.0,55015.7066917734,104.320877075195,82.7002565766633,94.1059718794246,82.75405691935262,83.06177742224234,83.65036164233231
Switzerland,CHE,2004,67.8,84.9755978783873,16.6219495316618,100.0,55349.6164595028,93.2228698730469,73.4761317507392,84.9755978783873,79.8807415451534,74.55673882117316,71.6021891802152
Switzerland,CHE,2005,70.1,91.9590388522439,22.4603976709348,100.0,57080.0704338193,93.8099594116211,73.4951000915434,91.9590388522439,79.7017543922681,79.8807415451534,74.55673882117316
Switzerland,CHE,2006,75.7,99.4336839067788,27.4143415485627,100.0,59910.293405504,94.1694793701172,73.5115823179813,99.4336839067788,81.62501506331665,79.7017543922681,79.8807415451534
Switzerland,CHE,2007,77.2,108.793498963141,31.5502689658746,100.0,66082.1233977532,95.0716171264648,73.5283795081459,108.793498963141,82.36242608284334,81.62501506331665,79.7017543922681
Switzerland,CHE,2008,79.2,116.422699159143,33.4518187509422,100.0,75147.5376709155,95.5135726928711,73.5482927401305,116.422699159143,82.77323290585747,82.36242608284334,81.62501506331665
Switzerland,CHE,2009,81.3,120.4834287435,35.4267868324277,100.0,72788.2049524379,95.8478317260742,73.5741230920283,120.4834287435,82.25247445180366,82.77323290585747,82.36242608284334
Switzerland,CHE,2010,83.9,123.236153760539,37.2298614586992,100.0,77956.1262043942,96.6068572998047,73.6086716419323,123.236153760539,84.159624877536,82.25247445180366,82.77323290585747
Switzerland,CHE,2011,85.1930281804854,127.39653885362,38.8955434493097,100.0,91910.3964565203,97.1951599121094,73.65058748615,127.39653885362,89.43072037546057,84.159624877536,82.25247445180366
Switzerland,CHE,2012,85.2,132.03116268359,40.1600289838911,100.0,87269.5594780124,98.3727416992188,73.7522629583622,132.03116268359,90.01097111644744,89.43072037546057,84.159624877536
Switzerland,CHE,2013,86.34,136.551244178553,42.4917583320748,100.0,88851.2374497983,101.221382141113,74.1121384785551,136.551244178553,87.26198596209339,90.01097111644744,89.43072037546057
Switzerland,CHE,2014,83.6172512621702,136.137729869778,43.1731934431674,100.0,90511.6484558843,101.221382141113,74.7402679059582,136.137729869778,87.77753375209655,87.26198596209339,90.01097111644744
Switzerland,CHE,2015,87.4790555978675,135.723075533919,44.6715654663593,100.0,85265.06205193,103.913391113281,75.6044960143169,135.723075533919,91.31174304333804,87.77753375209655,87.26198596209339
Switzerland,CHE,2016,89.1346877351392,134.235676338144,45.0860971371482,100.0,83432.4111596314,104.09513092041,76.6726675773771,134.235676338144,91.94902351775582,91.31174304333804,87.77753375209655
Switzerland,CHE,2017,89.6861476710225,131.169694242519,46.3318234490564,100.0,83610.248611484,103.900062561035,77.9126273688843,131.169694242519,87.90799869751287,91.94902351775582,91.31174304333804
Switzerland,CHE,2018,91.80000305,126.681143927488,45.6049920012625,100.0,87002.3382293532,104.188026428223,79.2922201625844,126.681143927488,92.38025484023268,87.90799869751287,91.94902351775582
Switzerland,CHE,2019,93.1460869535177,126.920635838501,46.912372381587,100.0,85872.9702303454,104.071113586426,80.7792907322229,126.920635838501,91.18392143043761,92.38025484023268,87.90799869751287
Switzerland,CHE,2020,94.34999847,127.376373489656,46.4813712779996,100.0,87529.7016394892,104.211616516113,82.3416838515457,127.376373489656,91.05175371110118,91.18392143043761,92.38025484023268
Switzerland,CHE,2021,95.56937154,123.21236546636,47.9433096708255,100.0,96582.8687080693,103.605186462402,84.2006477608879,123.21236546636,91.04061943515326,91.05175371110118,91.18392143043761
Switzerland,CHE,2022,96.45279694,123.971228075124,46.6747503634479,100.0,97809.095567203,103.392356872559,84.9206266284521,123.971228075124,91.37028770246268,91.04061943515326,91.05175371110118
Switzerland,CHE,2023,97.34436623,130.221876609608,46.8364627671237,100.0,104449.75451772,102.965591430664,85.1854212679815,130.221876609608,92.20607950755628,91.37028770246268,91.04061943515326
Switzerland,CHE,2024,97.3443985,129.471369643132,47.0197818175134,100.0,107702.065940312,101.4287109375,85.4615370020764,129.471369643132,92.03668924159294,92.20607950755628,91.37028770246268
Chile,CHL,2004,28.1779101232438,57.2138183202879,2.95838310994246,97.5,6120.59152055344,91.0151062011719,86.7336754490112,57.2138183202879,44.88059410858084,41.48240136672202,39.13842944514585
Chile,CHL,2005,31.1753006,64.650532290548,4.33404869770695,97.7,7480.32330998636,92.0045623779297,86.7768244484887,64.650532290548,45.37740781454237,44.88059410858084,41.48240136672202
Chile,CHL,2006,34.4977511736017,75.4173719554466,6.12777303799489,99.4,9318.65655296121,91.9973297119141,86.8125123390851,75.4173719554466,48.525729718125575,45.37740781454237,44.88059410858084
Chile,CHL,2007,35.90000153,83.706530292478,7.81155668439604,98.0,10346.4138184533,91.5507965087891,86.8445071581285,83.706530292478,49.928038389517454,48.525729718125575,45.37740781454237
Chile,CHL,2008,37.29999924,87.8710347676476,8.47543807264427,98.2,10683.2188772511,91.5420074462891,86.8765769429469,87.8710347676476,50.807633438532264,49.928038389517454,48.525729718125575
Chile,CHL,2009,41.56,96.7106593278871,9.72781991672884,99.6,10098.8017167286,89.8597564697266,86.9124897308683,96.7106593278871,53.67844210864759,50.807633438532264,49.928038389517454
Chile,CHL,2010,45.0,115.54453101319,10.4144501306757,99.5,12632.8704724192,90.99951171875,86.9560135592209,115.54453101319,57.791339625339276,53.67844210864759,50.807633438532264
Chile,CHL,2011,52.2496072877744,128.604683221629,11.5909712274496,99.6,14487.3927832032,90.9826202392578,87.0109164653326,128.604683221629,63.86587978492647,57.791339625339276,53.67844210864759
Chile,CHL,2012,55.04999924,136.656261082535,12.3655190651996,100.0,15241.9069981119,89.5031433105469,87.0824943735696,136.656261082535,66.15150766508931,63.86587978492647,57.791339625339276
Chile,CHL,2013,58.0,133.778091102587,12.9765829219485,99.6,15683.5486369155,99.1520767211914,87.1827777654221,133.778091102587,65.5677180431848,66.15150766508931,63.86587978492647
Chile,CHL,2014,61.11000061,132.559670334991,13.9369112350151,100.0,14529.6767206336,99.8654403686523,87.3133701497978,132.559670334991,67.29239807603545,65.5677180431848,66.15150766508931
Chile,CHL,2015,76.6295919508796,128.583971575207,15.0681266925704,99.7,13433.9202987032,100.921676635742,87.4653320342387,128.583971575207,73.86831238061438,67.29239807603545,65.5677180431848
Chile,CHL,2016,83.5585860244169,127.565123343064,15.9005028734256,100.0,13649.8520452803,101.488136291504,87.6306290578181,127.565123343064,76.96447627984361,73.86831238061438,67.29239807603545
Chile,CHL,2017,82.3274869338464,124.000811902967,16.5009633130641,99.7,14879.9086227187,102.294822692871,87.8000295757281,124.000811902967,74.11006864238283,76.96447627984361,73.86831238061438
Chile,CHL,2018,84.90000153,133.270134198082,17.2066645597348,100.0,15659.4808675628,103.173049926758,87.9620493753008,133.270134198082,78.52889707241567,74.11006864238283,76.96447627984361
Chile,CHL,2019,85.01760101,130.492770400522,17.8649532986793,100.0,14496.9345640362,104.405769348145,88.1273685623538,130.492770400522,77.57170615139268,78.52889707241567,74.11006864238283
Chile,CHL,2020,87.45929718,129.413740104604,19.4305872645094,100.0,13117.9930230086,103.691688537598,88.2953490438375,129.413740104604,78.55866268015872,77.57170615139268,78.52889707241567
Chile,CHL,2021,90.23280334,136.571581265001,22.0140443723879,100.0,16216.1840860289,106.673522949219,88.4660511664452,136.571581265001,81.56115696512956,78.55866268015872,77.57170615139268
Chile,CHL,2022,92.31819916,135.114280974065,22.7901897178525,100.0,15399.1044717559,106.068328857422,88.6395352768685,135.114280974065,82.65399464659149,81.56115696512956,78.55866268015872
Chile,CHL,2023,94.45742345,135.871118507277,22.9954165646133,100.0,17081.5180740049,105.83097076416,88.8158617217972,135.871118507277,83.40418043527879,82.65399464659149,81.56115696512956
Chile,CHL,2024,95.590243,132.660408764665,23.731405742065,99.0,16658.9652720351,105.608551025391,88.9950908479196,132.660408764665,83.24611594704841,83.40418043527879,82.65399464659149
China,CHN,2004,7.3,25.7141478183928,1.91533860283619,97.7,1530.92726215723,64.0541305541992,41.7600135803223,25.7141478183928,28.849436669916535,26.68204727215229,25.01058571971991
China,CHN,2005,8.52325700269541,30.030370302192,2.85108597933654,97.9,1777.64496828464,64.0541305541992,42.9899978637695,30.030370302192,29.3661961459486,28.849436669916535,26.68204727215229
China,CHN,2006,10.5231526193851,34.9802047114251,3.85818779891054,98.2,2129.25696999613,74.0575637817383,44.3430099487305,34.9802047114251,30.92940752031142,29.3661961459486,28.849436669916535
China,CHN,2007,16.0,41.280765820364,5.00930152637401,98.5,2734.72709877693,78.1607131958008,45.8892440795898,41.280765820364,34.32167793393762,30.92940752031142,29.3661961459486
China,CHN,2008,22.6,48.075790702641,6.21365228211399,98.8,3523.44302065213,82.6792526245117,46.9895057678223,48.075790702641,38.27568991296474,34.32167793393762,30.92940752031142
China,CHN,2009,28.9,55.6574567487616,7.74497137074886,99.1,3898.24459158811,88.2874984741211,48.3417053222656,55.6574567487616,41.976561868466135,38.27568991296474,34.32167793393762
China,CHN,2010,34.3,63.5563376954813,9.34748427588032,99.7,4629.24551710077,90.7829173331445,49.2340270628041,63.5563376954813,45.911023937148784,41.976561868466135,38.27568991296474
China,CHN,2011,38.3,72.5052393725573,11.504276685286,99.9,5703.76027973346,92.0329425203903,51.8300285339355,72.5052393725573,50.35546559392716,45.911023937148784,41.976561868466135
China,CHN,2012,42.30009842,81.2075981633238,12.791553937217,99.9,6405.0574241349,92.2603063015232,53.1003112792969,81.2075981633238,53.18605067731683,50.35546559392716,45.911023937148784
China,CHN,2013,45.79999924,89.130227261039,13.6989049026864,100.0,7147.03518622344,92.2603063015232,54.4900016784668,89.130227261039,54.32850211314301,53.18605067731683,50.35546559392716
China,CHN,2014,47.90000153,92.6612034094217,14.4445199866037,100.0,7781.06597484974,92.2603063015232,55.7502555847168,92.6612034094217,56.19478739485839,54.32850211314301,53.18605067731683
China,CHN,2015,50.29999924,92.5401171363348,19.8437947555032,100.0,8175.33285077393,92.2603063015232,57.3297843933105,92.5401171363348,59.66189275747917,56.19478739485839,54.32850211314301
China,CHN,2016,53.2,97.2138770934621,22.9761329915729,100.0,8254.86859320357,92.2603063015232,58.8399238586426,97.2138770934621,62.75096311064413,59.66189275747917,56.19478739485839
China,CHN,2017,54.3,104.073181609424,27.9101271418763,100.0,8979.67652709856,92.2603063015232,60.2402687072754,104.073181609424,63.19653028260011,62.75096311064413,59.66189275747917
China,CHN,2018,65.35839844,116.229125477063,28.7089097131815,100.0,10085.6638148819,92.2603063015232,61.5001983642578,116.229125477063,72.60360085364667,63.19653028260011,62.75096311064413
China,CHN,2019,64.080881297515,122.670391850252,31.5611222411202,100.0,10342.9009524335,92.2603063015232,62.7099151611328,122.670391850252,72.82210551192156,72.60360085364667,63.19653028260011
China,CHN,2020,70.05275998,120.496715387079,33.9069794578039,100.0,10627.4637989619,92.2603063015232,63.5234230266258,120.496715387079,75.02434568731498,72.82210551192156,72.60360085364667
China,CHN,2021,73.05323517,121.491918368395,37.5611751315805,100.0,12887.4357242941,92.2603063015232,64.721076965332,121.491918368395,77.3081182245449,75.02434568731498,72.82210551192156
China,CHN,2022,75.61131603,124.195248970763,41.3736197056022,100.0,12970.6056414327,92.2603063015232,65.2176361083984,124.195248970763,80.5069838480299,77.3081182245449,75.02434568731498
China,CHN,2023,90.6,128.247014127486,44.728886496649,100.0,12951.1782397043,92.2603063015232,65.5301448035523,128.247014127486,88.20495192787693,80.5069838480299,77.3081182245449
China,CHN,2024,92.0,131.753932036803,47.1933952081567,100.0,13293.1162269366,92.2603063015232,65.8946980998325,131.753932036803,90.17065392488227,88.20495192787693,80.5069838480299
Cote d'Ivoire,CIV,2014,10.0,90.1219840101242,0.517205353442549,61.9,1991.36539423404,40.4629922041554,49.0173144557368,90.1219840101242,27.16346353274359,24.487040160073867,22.225045380547677
Cote d'Ivoire,CIV,2015,38.4400001654616,100.638777689061,0.434546121572781,62.6,1814.71855088017,43.9865647318392,49.4694894689553,100.638777689061,40.35427099521018,27.16346353274359,24.487040160073867
Cote d'Ivoire,CIV,2016,41.2078149304414,105.624772864173,0.524752298099937,64.3,1862.59597081287,46.2425069943643,49.929991034032,105.624772864173,42.53416571106622,40.35427099521018,27.16346353274359
Cote d'Ivoire,CIV,2017,43.8399208514876,118.755063895419,0.534257331996876,65.6,1964.29930338343,49.0863555848622,50.3977309654344,118.755063895419,45.18122519238208,42.53416571106622,40.35427099521018
Cote d'Ivoire,CIV,2018,37.5465361301281,123.098008449044,0.640536308885034,67.1,2130.86619381144,51.072614509286,50.8718477756395,123.098008449044,43.16494414873176,45.18122519238208,42.53416571106622
Cote d'Ivoire,CIV,2019,36.2889545655205,132.574011521792,0.768711846259475,68.6,2141.76836170115,53.791930617454,51.3514799771241,132.574011521792,44.69154114119969,43.16494414873176,45.18122519238208
Cote d'Ivoire,CIV,2020,36.01660156,138.663750301785,0.903911262107671,69.9,2179.72934832935,55.4380323721262,51.8357660823651,138.663750301785,44.612873883489605,44.69154114119969,43.16494414873176
Cote d'Ivoire,CIV,2021,35.95069885,150.343798608733,1.13037781443128,71.1,2455.98127641148,57.135967003236,52.3183461956059,150.0,46.492656497281736,44.612873883489605,44.69154114119969
Cote d'Ivoire,CIV,2022,38.41328122,161.231833444196,1.25179133069312,70.4,2333.37128301259,54.0714108290486,52.8492549676673,150.0,47.32331803451325,46.492656497281736,44.612873883489605
Cote d'Ivoire,CIV,2023,40.65284979,171.988943341282,1.36336622359986,72.4,2591.9659048119,63.9607557764462,53.4075201638704,150.0,48.67055233139059,47.32331803451325,46.492656497281736
Cote d'Ivoire,CIV,2024,41.43219902,183.875985110648,1.60153227430253,72.9,2727.8935220697,65.3065056618336,53.9733113940142,150.0,48.68632134125328,48.67055233139059,47.32331803451325
Cameroon,CMR,2004,0.976075415490902,9.2162740321822,,47.1,1133.39326749673,27.5096206665039,48.1826845960942,9.2162740321822,13.809270060140832,12.658705038909606,12.096148942449553
Cameroon,CMR,2005,1.402699947,13.1921614065904,0.00118304423519528,47.2,1142.62466252106,28.0079002380371,48.5837852394685,13.1921614065904,11.433018199866702,13.809270060140832,12.658705038909606
Cameroon,CMR,2006,2.028700113,17.8682237967473,0.00239880476845922,49.0,1191.45458990968,24.4080104827881,49.2044173412861,17.8682237967473,12.674762336590469,11.433018199866702,13.809270060140832
Cameroon,CMR,2007,2.93,25.1303387011205,0.00354572680086356,48.2,1325.67248215933,33.4497184753418,49.7027028593758,25.1303387011205,13.815000754230873,12.674762336590469,11.433018199866702
Cameroon,CMR,2008,3.400000095,33.1693465336812,0.00463011417646205,50.6,1492.14269801453,37.8488082885742,50.0858325268669,33.1693465336812,15.736049686785961,13.815000754230873,12.674762336590469
Cameroon,CMR,2009,3.84,41.8757501710529,0.00470859696680554,51.7,1461.38999232337,41.7743606567383,50.4714131335678,41.8757501710529,17.198549440025765,15.736049686785961,13.815000754230873
Cameroon,CMR,2010,4.300000191,43.9120552066482,0.0302724223113752,52.8,1398.58702025047,41.7743606567383,50.8505075371362,43.9120552066482,17.52036964680967,17.198549440025765,15.736049686785961
Cameroon,CMR,2011,5.0,51.831042080032,0.0529499754452088,53.7,1513.96056994878,49.8732461065506,51.2229843034125,51.831042080032,18.880985250319732,17.52036964680967,17.198549440025765
Cameroon,CMR,2012,7.5,62.9906520229266,0.0665368255091213,55.2,1449.09874362279,53.102088720007,51.5887119982861,62.9906520229266,21.361146789262804,18.880985250319732,17.52036964680967
Cameroon,CMR,2013,10.0,73.1912475512065,0.0789631954882019,56.3,1575.92882118897,54.9012784916851,51.9475591877024,73.1912475512065,23.650582036520156,21.361146789262804,18.880985250319732
Cameroon,CMR,2014,16.2148722257524,77.2399893326772,0.0762968342593502,56.8,1649.4433905949,59.1253563645436,52.2993944376709,77.2399893326772,26.607464017694156,23.650582036520156,21.361146789262804
Cameroon,CMR,2015,18.29999924,79.7800672605612,0.0898239605008282,58.6,1415.00009710569,60.4960883608074,52.6440863142742,79.7800672605612,27.994242214767716,26.607464017694156,23.650582036520156
Cameroon,CMR,2016,20.60000038,79.8046154795305,1.55529332300567,59.8,1441.7201725688,61.4037045147156,52.9815033836792,79.8046154795305,29.644663172581144,27.994242214767716,26.607464017694156
Cameroon,CMR,2017,23.2029719748646,83.4502920413828,1.58466709279995,60.9,1496.08951771242,61.4037045147156,53.3115142121504,83.4502920413828,30.553664998352808,29.644663172581144,27.994242214767716
Cameroon,CMR,2018,29.70000076,74.3995446655806,1.59560948486525,62.2,1610.69641591017,61.4037045147156,53.6339873660653,74.3995446655806,31.808825222145423,30.553664998352808,29.644663172581144
Cameroon,CMR,2019,36.53919983,83.9044001051513,1.57189487453881,63.2,1555.22660476477,61.4037045147156,53.9487914119331,83.9044001051513,36.397699813731194,31.808825222145423,30.553664998352808
Cameroon,CMR,2020,37.69749832,85.2721639882676,2.75682417749367,64.3,1555.60370660749,61.4037045147156,54.2557949164174,85.2721639882676,36.571062927978616,36.397699813731194,31.808825222145423
Cameroon,CMR,2021,38.89260101,80.8081013360278,2.23385126289217,65.4,1672.32657340872,45.5255767078224,54.5548664463635,80.8081013360278,35.216303321017506,36.571062927978616,36.397699813731194
Cameroon,CMR,2022,40.12559891,89.8274190453067,2.12862474053,71.0,1604.87726954895,45.6066724321371,54.8458745688318,89.8274190453067,39.25574872337143,35.216303321017506,36.571062927978616
Cameroon,CMR,2023,42.24380112,96.4817325902196,,72.0,1720.47510154506,44.840795775403,55.1286878511388,96.4817325902196,49.432123750820196,39.25574872337143,35.216303321017506
Cameroon,CMR,2024,46.25880051,108.213130152497,,72.0,1830.00833684727,44.840795775403,55.4031748609078,108.213130152497,53.127650854230815,49.432123750820196,39.25574872337143
"Congo, Dem. Rep.",COD,2007,0.370000005,10.5509558026352,,15.2,294.101615124419,33.6185607910156,38.201781337298,10.5509558026352,4.907386456234038,3.133626428247235,1.5573305766068428
"Congo, Dem. Rep.",COD,2008,0.439999998,15.4333274152911,,11.6,352.900363371995,35.8376388549805,38.5997245210844,15.4333274152911,5.188215692667157,4.907386456234038,3.133626428247235
"Congo, Dem. Rep.",COD,2009,0.560000002,14.2422314241676,,12.3,280.178991035792,37.3938407897949,38.9962670496049,14.2422314241676,5.0505975574957125,5.188215692667157,4.907386456234038
"Congo, Dem. Rep.",COD,2010,0.72,17.2401170438218,0.0,13.0,352.400398754692,37.0387916564941,39.391363708294,17.2401170438218,3.9825681393470145,5.0505975574957125,5.188215692667157
"Congo, Dem. Rep.",COD,2011,1.200000048,22.081904226281,,13.7,372.514273875789,38.9499206542969,39.7849692825859,22.081904226281,6.084776522296562,3.9825681393470145,5.0505975574957125
"Congo, Dem. Rep.",COD,2012,1.679999948,27.4285479176207,,15.4,409.931424783784,38.8012313842773,40.1770385579151,27.4285479176207,7.088116665170312,6.084776522296562,3.9825681393470145
"Congo, Dem. Rep.",COD,2013,2.200000048,37.2504622843341,0.000593750616428591,15.2,460.370334930107,38.5140419006348,40.5675263197158,37.2504622843341,6.627451789321544,7.088116665170312,6.084776522296562
"Congo, Dem. Rep.",COD,2014,3.0,47.3232446178692,0.000637728730656316,13.5,489.175952097319,41.1783905029297,40.9563873534225,47.3232446178692,7.70772413267952,6.627451789321544,7.088116665170312
"Congo, Dem. Rep.",COD,2015,3.799999952,46.5879368397055,0.00123402659013859,16.6,495.826633014883,42.1804618835449,41.3435764444694,46.5879368397055,8.242470341228872,7.70772413267952,6.627451789321544
"Congo, Dem. Rep.",COD,2016,10.1,34.4098982787676,0.0011910942123958,17.3,459.765036590388,42.1804618835449,41.7290483782911,34.4098982787676,8.934269756332617,8.242470341228872,7.70772413267952
"Congo, Dem. Rep.",COD,2018,11.69999981,40.5014483221793,0.0051306172985492,18.7,518.169626875371,42.1804618835449,42.4946599159958,40.5014483221793,9.15217544542917,8.934269756332617,8.242470341228872
"Congo, Dem. Rep.",COD,2019,13.02970028,39.9399996397964,0.012802934372309,19.1,504.00419142286,42.1804618835449,42.8747090907476,39.9399996397964,9.847640024420144,9.15217544542917,8.934269756332617
"Congo, Dem. Rep.",COD,2020,14.51049995,42.5027574227056,0.0322950314052512,20.1,486.425572682256,42.1804618835449,43.2528602500115,42.5027574227056,9.369235529069773,9.847640024420144,9.15217544542917
"Congo, Dem. Rep.",COD,2021,16.1595993,47.2882541992485,0.0312660957356555,20.8,595.743074403567,55.3636283874512,43.6290681792218,47.2882541992485,9.072608656414008,9.369235529069773,9.847640024420144
"Congo, Dem. Rep.",COD,2022,17.99620056,48.6773534153863,0.0322275167366284,21.5,687.738587554685,55.3636283874512,44.003287663813,48.6773534153863,11.596700148202272,9.072608656414008,9.369235529069773
"Congo, Dem. Rep.",COD,2023,18.96789932,53.1888827659463,0.0219936280960956,22.1,660.21205238997,55.4860992431641,44.3754734892194,53.1888827659463,10.766178793824112,11.596700148202272,9.072608656414008
"Congo, Dem. Rep.",COD,2024,19.67350006,58.532153345468,0.0320289131404702,22.5,692.887665085098,55.4860992431641,44.7455804408753,58.532153345468,10.51492906279589,10.766178793824112,11.596700148202272
"Congo, Rep.",COG,2004,1.07750492958505,10.7599828806407,,33.0,1306.10136324599,42.6813201904297,60.9205990186239,10.7599828806407,10.540509795019393,9.855594809965595,9.23457045830043
"Congo, Rep.",COG,2005,1.463400006,15.1009916964998,,33.8,1799.05158366154,42.6813201904297,61.310286636126,15.1009916964998,11.183152246550577,10.540509795019393,9.855594809965595
"Congo, Rep.",COG,2006,2.007999897,23.9093357002081,,34.9,2103.5821381211,42.6813201904297,61.6237792620651,23.9093357002081,13.217326526582386,11.183152246550577,10.540509795019393
"Congo, Rep.",COG,2007,2.75970437370903,32.3490426913675,,35.8,2206.47101863414,42.6813201904297,61.8502563370293,32.3490426913675,15.184174949704307,13.217326526582386,11.183152246550577
"Congo, Rep.",COG,2008,4.28750990276481,43.9283464733463,,36.8,2832.09177777643,42.6813201904297,62.0354815675203,43.9283464733463,18.463663632487897,15.184174949704307,13.217326526582386
"Congo, Rep.",COG,2009,4.5,68.8659935406248,0.0029197291705937,37.1,2271.15219175966,42.6813201904297,62.2172294650265,68.8659935406248,18.12959157931801,18.463663632487897,15.184174949704307
"Congo, Rep.",COG,2010,5.0,83.3372102664775,0.00560250454363118,40.0,2946.55798067708,42.6813201904297,62.3922871058739,83.3372102664775,20.409372547043873,18.12959157931801,18.463663632487897
"Congo, Rep.",COG,2011,5.6,84.2730931396327,0.0284398805655176,40.8,3396.16505817952,42.6813201904297,62.5597508130231,84.2730931396327,20.834636942593793,20.409372547043873,18.12959157931801
"Congo, Rep.",COG,2012,6.106699944,90.3528989863831,0.0293643008575135,41.6,3732.32737320389,50.520320892334,62.7187169094345,90.3528989863831,21.788190447945095,20.834636942593793,20.409372547043873
"Congo, Rep.",COG,2013,6.599999905,95.9371427265534,0.00901772848360719,42.5,3697.41705884249,50.520320892334,62.8682817180686,95.9371427265534,22.623086155105966,21.788190447945095,20.834636942593793
"Congo, Rep.",COG,2014,7.110000134,99.0799617354116,0.0100484738377935,43.4,3601.2365808718,50.520320892334,63.0075415618859,99.0799617354116,23.234372523491814,22.623086155105966,21.788190447945095
"Congo, Rep.",COG,2015,7.616000175,102.323043027664,,44.3,2439.35189403696,50.520320892334,63.135592763847,102.323043027664,29.883341022534832,23.234372523491814,22.623086155105966
"Congo, Rep.",COG,2016,8.121899605,103.857589492921,,45.3,2093.10728558843,50.520320892334,63.2515316469123,103.857589492921,30.51602398380778,29.883341022534832,23.234372523491814
"Congo, Rep.",COG,2017,8.649999619,94.4868175378447,,46.2,2211.63309874797,50.520320892334,63.3544545340423,94.4868175378447,28.36305090476601,30.51602398380778,29.883341022534832
"Congo, Rep.",COG,2018,11.8071003,91.1889913731567,,47.0,2694.43413191427,50.520320892334,63.4434577481975,91.1889913731567,28.713257243927632,28.36305090476601,30.51602398380778
"Congo, Rep.",COG,2019,16.11639977,91.0654212529473,,47.7,2488.42466724916,50.520320892334,63.5176376123385,91.0654212529473,31.46398000107432,28.713257243927632,28.36305090476601
"Congo, Rep.",COG,2020,21.99850082,97.6561289989503,,48.7,1993.586671931,50.520320892334,63.5760904494257,97.6561289989503,34.156861969406634,31.46398000107432,28.713257243927632
"Congo, Rep.",COG,2021,30.02739906,95.8614998889206,0.256899692355108,49.7,2516.16255145432,50.520320892334,63.6179125824196,95.8614998889206,29.734916575136463,34.156861969406634,31.46398000107432
"Congo, Rep.",COG,2022,40.98669815,93.6259259161068,0.435883126454822,50.6,2620.83804267402,50.520320892334,63.6422003342807,93.6259259161068,35.04953501814851,29.734916575136463,34.156861969406634
"Congo, Rep.",COG,2023,43.15039825,94.8715365076336,1.26798412068153,51.3,2477.97845544866,50.520320892334,63.6626757615625,94.8715365076336,35.42913309135585,35.04953501814851,29.734916575136463
"Congo, Rep.",COG,2024,47.25159836,95.5319320614796,,53.0,2482.2489948456,50.520320892334,63.8866111699904,95.5319320614796,45.33564835646013,35.42913309135585,35.04953501814851
Colombia,COL,2004,9.1186903029666,25.0355900853115,0.305978087228825,95.3,2818.57195413044,82.9504623413086,75.8080569479496,25.0355900853115,27.81760525502616,25.21611745014421,23.522332392167367
Colombia,COL,2005,11.0072638904585,51.8645230811088,0.756446091724468,96.8,3456.06610874512,86.9616470336914,76.004938901378,51.8645230811088,31.77796108518512,27.81760525502616,25.21611745014421
Colombia,COL,2006,15.3416745365682,69.7164658550249,1.47121352083728,95.7,3789.85361217027,90.2876663208008,76.1619191918164,69.7164658550249,35.9498626684163,31.77796108518512,27.81760525502616
Colombia,COL,2007,21.79999924,78.5031210785872,2.79190368516299,96.0,4769.926147194,93.012809753418,76.3144038775849,78.5031210785872,40.382830075344444,35.9498626684163,31.77796108518512
Colombia,COL,2008,25.6,94.5289757435806,4.0496715541246,96.8,5541.83629665898,94.2315521240234,76.4596761810047,94.5289757435806,44.610729821357864,40.382830075344444,35.9498626684163
Colombia,COL,2009,30.0,95.2296035956824,4.77684298362237,96.1,5250.97292433518,98.2700805664062,76.5964145836792,95.2296035956824,46.20865581935679,44.610729821357864,40.382830075344444
Colombia,COL,2010,36.5,99.3307638628387,5.90261556302645,96.8,6398.2958447102,99.9543685913086,76.7232975672119,99.3307638628387,49.95726055858576,46.20865581935679,44.610729821357864
Colombia,COL,2011,40.3509157546318,102.07868984477,7.39763710755465,96.7,7400.9940695669,101.20581817627,76.839003613206,102.07868984477,52.81876827348948,49.95726055858576,46.20865581935679
Colombia,COL,2012,48.98,107.329081558437,8.61552491359116,97.0,8108.59838244229,97.2326889038086,76.942211203265,107.329081558437,57.26934430496924,52.81876827348948,49.95726055858576
Colombia,COL,2013,51.7,108.978088379372,9.83199406546913,97.8,8279.10255642981,98.1015014648438,77.0315988189922,108.978088379372,57.979411112267385,57.26934430496924,52.81876827348948
Colombia,COL,2014,52.568136539247,118.822639860142,10.7989878070274,97.8,8187.20824890084,97.3632888793945,77.1058449419909,118.822639860142,60.1558017948256,57.979411112267385,57.26934430496924
Colombia,COL,2015,55.9049725142924,122.051401385652,11.7644668057911,98.2,6248.51490534512,97.6741180419922,77.1636280538646,122.051401385652,62.734866937908066,60.1558017948256,57.979411112267385
Colombia,COL,2016,58.1364935728703,123.709953422515,12.4647515240681,98.4,5959.84250367574,98.4156265258789,77.2036266362166,123.709953422515,64.19768713696433,62.734866937908066,60.1558017948256
Colombia,COL,2017,62.2598803162841,129.272014227481,13.1537299039926,98.5,6479.53231292429,99.2193298339844,77.2245191706503,129.272014227481,65.33044321649353,64.19768713696433,62.734866937908066
Colombia,COL,2018,64.1263768204459,131.595473810882,13.622877883522,98.5,6816.96818309544,100.373336791992,77.2804816598084,131.595473810882,67.75365409740542,65.33044321649353,64.19768713696433
Colombia,COL,2019,65.0069007159493,132.810761644655,13.9253307862459,99.4,6472.54544924705,101.989349365234,77.4595528518377,132.810761644655,68.08108794487416,67.75365409740542,65.33044321649353
Colombia,COL,2020,69.79533474,133.661019178018,15.3363074463544,99.7,5339.68711357943,101.499450683594,77.6382533537045,133.661019178018,70.10169388381877,68.08108794487416,67.75365409740542
Colombia,COL,2021,73.02837449,146.627837254516,16.4767904492313,100.0,6222.62164397614,102.987998962402,77.8339570326128,146.627837254516,73.85870150723812,70.10169388381877,68.08108794487416
Colombia,COL,2022,72.79637855,156.195161137443,17.007465545983,100.0,6680.44506854481,101.573776245117,78.0464633137335,150.0,74.44021910720379,73.85870150723812,70.10169388381877
Colombia,COL,2023,77.33686322,166.980107777443,17.0369815251774,98.7,7012.49169137756,101.573776245117,78.275571579544,150.0,76.03751811356703,74.44021910720379,73.85870150723812
Colombia,COL,2024,79.34543299,174.094289675393,17.2244156778185,98.9,7951.08624019412,101.573776245117,78.5210811866115,150.0,76.89430021776772,76.03751811356703,74.44021910720379
Comoros,COM,2004,1.32732717785355,1.44273158097757,0.000172204772138646,48.7,1072.28409029621,42.5534706115723,27.9596300229124,1.44273158097757,10.242875515772242,11.851624421819244,11.368887786683333
Comoros,COM,2005,2.0,2.61913318721665,0.000674903868380248,51.0,1105.78796866788,42.5534706115723,28.016895208368,2.61913318721665,11.080332815485727,10.242875515772242,11.851624421819244
Comoros,COM,2006,2.200000048,6.09786144095193,,53.2,1138.47908404345,42.5534706115723,28.1143215973031,6.09786144095193,15.049271045419866,11.080332815485727,10.242875515772242
Comoros,COM,2007,2.5,10.0666691521039,0.0132916860503755,55.5,1289.73631056361,42.5534706115723,28.2493321448949,10.0666691521039,13.118715406470066,15.049271045419866,11.080332815485727
Comoros,COM,2008,3.0,14.578099401405,0.0174795449597732,57.8,1455.02768595586,42.5534706115723,28.4193498063202,14.578099401405,14.532113665455523,13.118715406470066,15.049271045419866
Comoros,COM,2009,3.5,19.097526742862,0.0102812225931424,60.1,1410.30516959473,42.5534706115723,28.6217975367563,19.097526742862,15.708146257703875,14.532113665455523,13.118715406470066
Comoros,COM,2010,5.099999905,25.2396019766781,0.0502415872065677,69.7,1386.57533553376,42.5534706115723,28.8540982913801,25.2396019766781,18.929516227276025,15.708146257703875,14.532113665455523
Comoros,COM,2011,5.5,32.3981821883195,0.0598752200414337,69.3,1531.43969320468,42.5534706115723,29.1136750253686,32.3981821883195,19.714565274609484,18.929516227276025,15.708146257703875
Comoros,COM,2012,5.975299835,41.5930930270088,0.180889925619471,69.3,1490.31425650871,42.5534706115723,29.397950693899,41.5930930270088,20.68417014171047,19.714565274609484,18.929516227276025
Comoros,COM,2013,6.5,49.9143914322486,0.186730097444383,69.4,1603.32653496691,58.998580844006,29.7043482521482,49.9143914322486,21.582227044283265,20.68417014171047,19.714565274609484
Comoros,COM,2014,6.980000019,53.8297097833741,0.222486763934938,71.8,1615.71709756316,61.5078774291294,30.0302906552932,53.8297097833741,22.56441838145246,21.582227044283265,20.68417014171047
Comoros,COM,2015,7.459199905,58.4555555249752,0.220178840263004,74.1,1329.37048235986,61.5078774291294,30.3732008585112,58.4555555249752,23.677243737944366,22.56441838145246,21.582227044283265
Comoros,COM,2016,7.938300133,61.2597928387402,0.220292527984836,76.4,1365.48403444497,61.5078774291294,30.7305018169792,61.2597928387402,24.625945179574256,23.677243737944366,22.56441838145246
Comoros,COM,2017,8.478199959,61.9708221164076,0.217268052477371,78.7,1423.9248027797,56.9502144763063,31.0996559689293,61.9708221164076,24.428187599855313,24.625945179574256,23.677243737944366
Comoros,COM,2019,16.38380051,73.1291747290161,0.162475940084772,83.3,1519.26386436068,56.9502144763063,31.7287584068243,73.1291747290161,30.203594004437992,24.428187599855313,24.625945179574256
Comoros,COM,2020,22.42040062,97.4339379901591,0.148099575772006,85.6,1527.16991011916,56.9502144763063,32.0638072194881,97.4339379901591,35.644503320988846,30.203594004437992,24.428187599855313
Comoros,COM,2021,30.68120003,104.311430086999,0.150456993255713,87.9,1587.72988658008,56.9502144763063,32.4124444313246,104.311430086999,39.90978743706666,35.644503320988846,30.203594004437992
Comoros,COM,2022,31.37409973,100.549036907747,0.219375008990779,89.9,1533.87755393614,54.8057289123535,32.7746035528748,100.549036907747,40.65777449970024,39.90978743706666,35.644503320988846
Comoros,COM,2023,31.92749977,109.855630436495,0.387941019794517,89.8,1723.89474946474,54.8057289123535,33.1502180946901,109.855630436495,41.57334844793665,40.65777449970024,39.90978743706666
Comoros,COM,2024,32.51750183,109.855630436495,,91.7,1857.87060684189,54.8057289123535,33.5392215673301,,47.58601903461323,41.57334844793665,40.65777449970024
Cabo Verde,CPV,2004,5.31883206957883,13.7221770240107,0.0590358178442539,65.4,1929.49081468781,66.9400405883789,57.0677167011018,13.7221770240107,17.7138161410469,20.645231607147522,18.90699193788487
Cabo Verde,CPV,2005,6.07408710659813,16.8456963812704,0.1931500778166,67.0,2004.14680417563,70.2636032104492,57.7977695763157,16.8456963812704,18.291496815294273,17.7138161410469,20.645231607147522
Cabo Verde,CPV,2006,6.80891100753313,22.182960825549,0.36965488009651,68.8,2256.99666191075,81.5834884643555,58.5332660925599,22.182960825549,19.65739899467412,18.291496815294273,17.7138161410469
Cabo Verde,CPV,2007,8.28321981953034,30.6761522803765,0.772486345956186,70.5,3324.57675212498,80.4710464477539,59.287606518789,30.6761522803765,21.860535480712876,19.65739899467412,18.291496815294273
Cabo Verde,CPV,2008,14.0,55.3839096049705,1.47201085059489,72.3,3908.64885822576,82.10888671875,60.0741911239572,55.3839096049705,28.327964200404008,21.860535480712876,19.65739899467412
Cabo Verde,CPV,2009,21.0,57.4189800865767,2.16777538274908,74.1,3659.72046361628,81.2256927490234,60.906420177019,57.4189800865767,31.93772812891502,28.327964200404008,21.860535480712876
Cabo Verde,CPV,2010,30.0,72.9467774586884,3.15251165199379,81.1,3579.46006137809,83.5471330073283,61.7974262732302,72.9467774586884,39.429451090408136,31.93772812891502,28.327964200404008
Cabo Verde,CPV,2011,32.0,77.511257275925,4.17091115990513,82.3,4002.01386888785,86.7000153273789,62.7419929036884,77.511257275925,41.55892457835468,39.429451090408136,31.93772812891502
Cabo Verde,CPV,2012,34.74,83.0756609467629,3.87787989178736,83.2,3736.81517011087,89.9634082592786,63.7260454520996,83.0756609467629,43.01853883459659,41.55892457835468,39.429451090408136
Cabo Verde,CPV,2013,37.5,97.5075406315584,4.13919664210064,84.3,3960.97596791345,94.7526092529297,64.7486207521826,97.5075406315584,45.772286204862056,43.01853883459659,41.55892457835468
Cabo Verde,CPV,2014,40.25999832,119.724160007495,3.72341048473043,85.3,3985.60706548134,93.6074664791524,65.8085112712742,119.724160007495,50.020313442845506,45.772286204862056,43.01853883459659
Cabo Verde,CPV,2015,42.6830141582781,119.335511344785,3.23344925974933,86.4,3415.06266730931,96.6012286324786,66.9045094767116,119.335511344785,50.996690973715815,50.020313442845506,45.772286204862056
Cabo Verde,CPV,2016,50.3228178676892,117.442454843782,3.0320707671777,87.5,3608.96605234906,98.2528458088996,68.0354078358316,117.442454843782,53.96080646265705,50.996690973715815,50.020313442845506
Cabo Verde,CPV,2017,57.1621463484891,119.373631537182,2.9232218025982,88.6,3893.09571382506,99.462782259485,69.1999988159713,119.373631537182,56.33772223987219,53.96080646265705,50.996690973715815
Cabo Verde,CPV,2018,59.5,118.876152819844,3.04957977464624,90.2,4294.96510035729,94.8972015380859,70.3970748844677,118.876152819844,57.64919187637538,56.33772223987219,53.96080646265705
Cabo Verde,CPV,2019,61.9433977593088,115.867801067488,3.93928076809362,91.4,4380.78117331128,95.2902285572104,71.6254285086577,115.867801067488,58.7596364838719,57.64919187637538,56.33772223987219
Cabo Verde,CPV,2020,69.37339783,105.838590655535,4.82611491823059,93.7,3539.22661248299,98.3093023666237,72.8838521558784,105.838590655535,60.4951137364223,58.7596364838719,57.64919187637538
Cabo Verde,CPV,2021,70.28250122,114.230551109167,5.90962142576488,95.5,3971.44409203423,97.0059250429478,74.1607930892827,114.230551109167,62.36521097432549,60.4951137364223,58.7596364838719
Cabo Verde,CPV,2022,73.32740021,113.247367438782,6.56769429388869,97.1,4323.31362032709,96.4315940376876,75.033738060849,113.247367438782,64.58804209457985,62.36521097432549,60.4951137364223
Cabo Verde,CPV,2023,74.59919739,113.022968194497,7.23008973237277,98.6,4794.90119772843,96.4315940376876,75.9064245753376,113.022968194497,64.94686945584307,64.58804209457985,62.36521097432549
Cabo Verde,CPV,2024,74.73519897,111.84067886381,8.30537440200276,98.4,5170.20531932535,96.4315940376876,76.7721471004354,111.84067886381,64.69647939348668,64.94686945584307,64.58804209457985
Costa Rica,CRI,2004,20.7923067055542,21.977782317376,0.665011459310994,99.0,4431.01172024063,77.7891998291016,63.6596013546005,21.977782317376,33.92504264673274,32.974291621439036,32.281621229618246
Costa Rica,CRI,2005,22.07,25.8447071744375,1.05401244708113,99.1,4703.00720463794,79.1932067871094,64.8998632216384,25.8447071744375,34.06948416697904,33.92504264673274,32.974291621439036
Costa Rica,CRI,2006,25.10000038,33.4090120194199,1.92826762069173,99.1,5256.59641275583,85.9572372436523,66.1703051228767,33.4090120194199,36.40582494214454,34.06948416697904,33.92504264673274
Costa Rica,CRI,2007,28.39999962,34.4322741543401,2.1688269705277,99.2,6137.71199435022,86.9762496948242,67.4686406496983,34.4322741543401,37.794540171631965,36.40582494214454,34.06948416697904
Costa Rica,CRI,2008,32.29,42.4897794081876,2.47607237386195,99.3,6937.24261660254,88.2622985839844,68.7925833934861,42.4897794081876,40.50453142320019,37.794540171631965,36.40582494214454
Costa Rica,CRI,2009,34.33,43.3424130142933,4.05916630350165,99.4,6832.69828187486,94.3034362792969,70.1398469456228,43.3424130142933,41.55392003624639,40.50453142320019,37.794540171631965
Costa Rica,CRI,2010,36.5,68.6654541894774,8.69765814552448,99.0,8265.78820580299,97.5067367553711,71.5081448974915,68.6654541894774,47.18823134945868,41.55392003624639,40.50453142320019
Costa Rica,CRI,2011,39.2121959961842,90.0914848759163,9.10623009553708,99.2,9276.39109377477,99.7109375,72.8426586679914,90.0914848759163,51.95929953511863,47.18823134945868,41.55392003624639
Costa Rica,CRI,2012,47.5,115.312137778965,9.61836080870784,99.5,10126.9991155066,103.267303466797,73.3895020668217,115.312137778965,58.714438798739735,51.95929953511863,47.18823134945868
Costa Rica,CRI,2013,45.96,150.800664186252,10.2813377106354,99.6,10803.2401795009,108.534126281738,73.9431776192863,150.0,62.021150229126015,58.714438798739735,51.95929953511863
Costa Rica,CRI,2014,53.0,147.26739567441,10.8312169257784,99.4,10911.4978703456,114.289863586426,74.4866963181212,147.26739567441,64.84703820996488,62.021150229126015,58.714438798739735
Costa Rica,CRI,2015,59.7629501371681,156.403893036958,11.5950932724067,99.4,11714.7106121672,115.72087097168,75.0198195767549,150.0,68.65572721424559,64.84703820996488,62.021150229126015
Costa Rica,CRI,2016,65.8804491942718,171.166374015358,13.131030668186,99.5,12091.0301560892,118.203712463379,75.5423088085047,150.0,71.81773962485357,68.65572721424559,64.84703820996488
Costa Rica,CRI,2017,71.5816646195022,179.931274611112,15.1437857826005,99.6,12317.0902779911,121.514961242676,76.0539254265608,150.0,73.25832361730386,71.81773962485357,68.65572721424559
Costa Rica,CRI,2018,73.4797284369906,171.357339055205,16.8377298238862,99.7,12620.0207321581,125.964347839355,76.5544308439668,150.0,76.08546437893312,73.25832361730386,71.81773962485357
Costa Rica,CRI,2019,81.2025964435269,144.514079558713,18.0962978090241,99.7,12951.8588421841,132.849334716797,77.0435864735963,144.514079558713,78.19117608325168,76.08546437893312,73.25832361730386
Costa Rica,CRI,2020,80.53018608,142.481526800044,19.7191477697087,99.9,12475.6852076814,132.678680419922,77.5211537281257,142.481526800044,77.68761188186379,78.19117608325168,76.08546437893312
Costa Rica,CRI,2021,82.74901607,140.788061157457,20.9242986347003,100.0,12962.2716075659,138.903381347656,77.9868940200009,140.788061157457,78.6643428524317,77.68761188186379,78.19117608325168
Costa Rica,CRI,2022,82.59801121,136.518375013406,21.7575979999075,100.0,13971.7649991294,131.907592773438,78.4405687613972,136.518375013406,78.30881014261067,78.6643428524317,77.68761188186379
Costa Rica,CRI,2023,85.39514799,133.527658761832,22.5231293549635,100.0,17140.771430122,125.510070800781,78.8819393641702,133.527658761832,78.9259173460016,78.30881014261067,78.6643428524317
Costa Rica,CRI,2024,87.17019653,136.024511151268,23.287699004466,99.8,18853.2828705886,121.810760498047,79.3107672397967,136.024511151268,80.19159492791348,78.9259173460016,78.30881014261067
Cuba,CUB,2004,8.40798475900703,0.674425176594278,,96.6,3399.21962893402,91.1237411499023,75.917681659226,0.674425176594278,29.271878198587977,27.31981907872151,26.280689331789706
Cuba,CUB,2005,9.73806220781346,1.20340377502297,,96.8,3786.33799225291,92.3748474121094,76.0033319545493,1.20340377502297,29.892471411915704,29.271878198587977,27.31981907872151
Cuba,CUB,2006,11.1596013147617,1.35403043830989,,96.9,4329.98265964383,93.1539993286133,76.1121531072403,1.35403043830989,30.49942722869237,29.892471411915704,29.271878198587977
Cuba,CUB,2007,11.69,1.75642086059413,0.017240658327362,97.1,4807.43888960684,93.1459197998047,76.2356834650585,1.75642086059413,24.653057993887682,30.49942722869237,29.892471411915704
Cuba,CUB,2008,12.94,2.93785859106843,0.0198906069752444,97.3,4986.12436479175,93.1690521240234,76.365461375763,2.93785859106843,25.35695712193092,24.653057993887682,30.49942722869237
Cuba,CUB,2009,14.33,5.49952592888765,0.0255252034158619,97.6,5089.23519757167,92.1000823974609,76.4930251871133,5.49952592888765,26.201738083084233,25.35695712193092,24.653057993887682
Cuba,CUB,2010,15.9,8.87827465571973,0.032803981868763,97.8,5272.26755824835,92.4079409432897,76.6099132468685,8.87827465571973,27.297408042765717,26.201738083084233,25.35695712193092
Cuba,CUB,2011,16.0172907996413,11.6367981053254,0.0391184553014798,98.0,6104.46105236166,92.221518431358,76.707663902788,11.6367981053254,27.34544961587248,27.297408042765717,26.201738083084233
Cuba,CUB,2012,21.20000076,14.8776339391366,0.0443503705817171,98.3,6470.83673392653,90.9268566341812,76.7776920066844,14.8776339391366,29.25756027694146,27.34544961587248,27.297408042765717
Cuba,CUB,2013,27.93,17.663909552762,0.0474413238890875,98.5,6828.36428245396,91.3310039372362,76.81640625,17.663909552762,31.891574168424334,29.25756027694146,27.34544961587248
Cuba,CUB,2014,29.0701843656523,22.4242641732624,0.069051527254442,98.7,7146.70459051328,95.9867990183168,76.8442459106445,22.4242641732624,32.62258127623569,31.891574168424334,29.25756027694146
Cuba,CUB,2015,37.3050974155373,29.5816121680895,0.0723454809351432,99.0,7727.91997207998,96.0929099069438,76.8702850341797,29.5816121680895,36.83934782343411,32.62258127623569,31.891574168424334
Cuba,CUB,2016,42.9786751910106,35.3988758000897,0.128071160270743,99.2,8110.55874283616,97.8005641142909,76.9115829467773,35.3988758000897,39.97906774072048,36.83934782343411,32.62258127623569
Cuba,CUB,2017,57.1484043170788,41.0193113711099,0.298155315127924,99.4,8610.60829605429,98.8916381409707,76.9603271484375,41.0193113711099,45.58431051918639,39.97906774072048,36.83934782343411
Cuba,CUB,2018,62.6789236230601,47.8601543156489,0.880350593981465,99.6,8911.46205998726,99.5805926474392,77.0156326293945,47.8601543156489,49.23450303930217,45.58431051918639,39.97906774072048
Cuba,CUB,2019,67.9708086565152,53.9383385257639,1.6311212347291,99.8,9232.26115935183,100.467809909244,77.0728225708008,53.9383385257639,52.598600091438286,49.23450303930217,45.58431051918639
Cuba,CUB,2020,71.11907507,59.6058696780721,2.07271530590388,99.9,9605.27914559614,101.487990578922,77.1080322265625,59.6058696780721,54.49814712618749,52.598600091438286,49.23450303930217
Cuba,CUB,2021,67.64354869,63.8661095570576,2.67322881654008,100.0,9605.27914559614,100.016181545784,77.0987701416016,63.8661095570576,52.56116390086945,54.49814712618749,52.598600091438286
Cuba,CUB,2022,67.88410187,68.7180442358013,2.89200005063374,100.0,9605.27914559614,103.627148989561,77.1056060791016,68.7180442358013,54.70863736434617,52.56116390086945,54.49814712618749
Cuba,CUB,2023,69.55580139,69.5767786567811,2.97118012807884,100.0,9605.27914559614,95.5986574273359,77.1259872296321,69.5767786567811,54.07164676150292,54.70863736434617,52.56116390086945
Cuba,CUB,2024,70.47699738,72.930002350684,3.08297531927544,100.0,9605.27914559614,91.7456844321038,77.1664929228275,72.930002350684,54.33047166657314,54.07164676150292,54.70863736434617
Cayman Islands,CYM,2007,52.0,204.272747398716,,100.0,89888.2618212462,89.9581604003906,100.0,150.0,78.64639652628158,74.8063180902138,71.8377353382898
Cayman Islands,CYM,2008,61.0,192.201520986882,34.2710797442865,100.0,89655.1196222184,94.58740234375,100.0,150.0,79.55905344937285,78.64639652628158,74.8063180902138
Cayman Islands,CYM,2009,64.5,206.581398000684,34.769470523395,100.0,81373.5711516642,94.58740234375,100.0,150.0,78.76341887190134,79.55905344937285,78.64639652628158
Cayman Islands,CYM,2010,66.0,185.896227287011,34.847224532801,100.0,76837.6699636672,94.58740234375,100.0,150.0,79.31257063297707,78.76341887190134,79.55905344937285
Cayman Islands,CYM,2011,69.46594499,174.040571161385,33.8380750278747,100.0,75280.960764889,92.3470839260313,100.0,150.0,83.65520965847233,79.31257063297707,78.76341887190134
Cayman Islands,CYM,2012,69.7,172.980257630916,33.8228087370484,100.0,75101.59136128,89.14686825054,100.0,150.0,83.32833176907828,83.65520965847233,79.31257063297707
Cayman Islands,CYM,2013,71.4,167.140056261188,34.6688261870258,100.0,75113.7332398618,88.6417168280555,100.0,150.0,80.47617265464976,83.32833176907828,83.65520965847233
Cayman Islands,CYM,2014,74.1,151.361369680851,39.0109707446808,100.0,75845.3060407986,88.6417168280555,100.0,150.0,84.36788198982656,80.47617265464976,83.32833176907828
Cayman Islands,CYM,2015,77.0,151.2669932838,44.4226339184322,100.0,76379.2095108681,88.6417168280555,100.0,150.0,89.02117173325922,84.36788198982656,80.47617265464976
Cayman Islands,CYM,2016,79.0,151.594294770206,38.8827258320127,100.0,77802.2541567187,88.6417168280555,100.0,150.0,87.64415975140656,89.02117173325922,84.36788198982656
Cayman Islands,CYM,2017,81.0676932508161,149.772991400015,48.3954443325327,100.0,80053.9444506891,88.6417168280555,100.0,149.772991400015,87.90600030361546,87.64415975140656,89.02117173325922
Cyprus,CYP,2004,33.83,89.8,2.32878581173261,100.0,23792.619140625,96.2935333251953,68.5908141437316,89.8,53.05523635721617,48.45307853201099,46.11919122147681
Cyprus,CYP,2005,32.81,105.175134408602,4.28172043010753,100.0,24959.26171875,94.0052337646484,68.4340674211981,105.175134408602,51.982350664749006,53.05523635721617,48.45307853201099
Cyprus,CYP,2006,35.83,114.498614592954,8.3235255310727,100.0,26729.28125,93.1404724121094,68.2534151682801,114.498614592954,55.63916998231454,51.982350664749006,53.05523635721617
Cyprus,CYP,2007,40.77,127.29417825863,12.5725141679547,100.0,31244.87890625,92.9139404296875,68.0604154001212,127.29417825863,60.41071420530196,55.63916998231454,51.982350664749006
Cyprus,CYP,2008,42.31,127.586773748275,18.4811143179822,100.0,35541.88671875,92.3691635131836,67.8666261318649,127.586773748275,62.432874117901804,60.41071420530196,55.63916998231454
Cyprus,CYP,2009,49.81,119.340861921621,21.4899279697229,100.0,32236.462890625,91.9261779785156,67.6836053786548,119.340861921621,64.09336492364432,62.432874117901804,60.41071420530196
Cyprus,CYP,2010,52.99,123.133007859014,23.1549178375804,100.0,31105.02734375,91.440803527832,67.5229111556342,123.133007859014,66.39767447190064,64.09336492364432,62.432874117901804
Cyprus,CYP,2011,56.8598923503507,126.559628770302,24.611252900232,100.0,32485.8046875,92.8256225585938,67.3979892758544,126.559628770302,71.18407297906349,66.39767447190064,64.09336492364432
Cyprus,CYP,2012,60.6898684001903,128.74435044617,25.5626376173369,100.0,28991.9296875,95.2998504638672,67.3010289148738,128.74435044617,73.04087148820857,71.18407297906349,66.39767447190064
Cyprus,CYP,2013,65.4548,127.862906976744,26.6505813953488,100.0,27764.7265625,97.9726409912109,67.2102333625375,127.862906976744,72.24979211125654,73.04087148820857,71.18407297906349
Cyprus,CYP,2014,69.3286967086473,129.042983271375,28.3005343866171,100.0,26993.095703125,97.8358383178711,67.1230558819804,129.042983271375,75.41518945482265,72.24979211125654,73.04087148820857
Cyprus,CYP,2015,71.7157409175171,128.631974994212,30.1736513081732,100.0,23088.4296875,98.9578094482422,67.0402477918073,128.631974994212,77.96755869159608,75.41518945482265,72.24979211125654
Cyprus,CYP,2016,75.9002054030125,130.334521209334,32.0132199103345,100.0,24280.044921875,98.830940246582,66.9625604106231,130.334521209334,80.6759193052882,77.96755869159608,75.41518945482265
Cyprus,CYP,2017,80.743188971932,133.940473480537,33.6542226269064,100.0,26247.46484375,99.5133590698242,66.8907450570326,133.940473480537,80.57648644298172,80.6759193052882,77.96755869159608
Cyprus,CYP,2018,84.4335825186889,134.843630644799,35.2355650415637,100.0,29120.38671875,99.4265899658203,66.8255530496405,134.843630644799,86.17363366722974,80.57648644298172,80.6759193052882
Cyprus,CYP,2019,86.0636299618935,137.76052748227,36.1884973404255,100.0,29227.16796875,101.017471313477,66.7677357070518,137.76052748227,85.94935675772636,86.17363366722974,80.57648644298172
Cyprus,CYP,2020,90.80194644,135.588846364133,36.3127392017496,100.0,28130.330078125,101.935836791992,66.7180443478713,135.588846364133,87.09022970228526,85.94935675772636,86.17363366722974
Cyprus,CYP,2021,90.75951564,142.051408905141,36.6502473650247,100.0,32937.8359375,102.047653198242,66.6718365394971,142.051408905141,88.04174647904182,87.09022970228526,85.94935675772636
Cyprus,CYP,2022,89.60099194,146.71583605521,36.7656727425982,100.0,33231.05078125,103.827629089355,66.6694829407584,146.71583605521,88.32914831330214,88.04174647904182,87.09022970228526
Cyprus,CYP,2023,91.22110357,148.333712748344,36.9005587748344,100.0,36623.70703125,105.159156799316,66.6739477522639,148.333712748344,89.1359155308036,88.32914831330214,88.04174647904182
Cyprus,CYP,2024,89.60099246,156.218025662252,37.5627069536424,100.0,38674.3125,106.741279602051,66.6824259192483,150.0,88.94202752187537,89.1359155308036,88.32914831330214
Czechia,CZE,2004,35.5,105.078395353483,2.2998309205814,100.0,11782.5546676117,95.4745712280273,73.6991647167017,105.078395353483,56.39081681547218,52.672071866686835,48.1053864227092
Czechia,CZE,2005,35.27,114.549637539441,6.8973973441835,100.0,13442.4916284309,96.0492401123047,73.6375545423198,114.549637539441,56.14013624679109,56.39081681547218,52.672071866686835
Czechia,CZE,2006,47.93,120.394905647853,10.7961618649867,100.0,15259.0788162004,97.459716796875,73.578883191735,120.394905647853,63.16019881509747,56.14013624679109,56.39081681547218
Czechia,CZE,2007,51.93,127.966877622661,14.4784887472778,100.0,18452.6532812196,97.7152786254883,73.5219493596925,127.966877622661,66.27373661043879,63.16019881509747,56.14013624679109
Czechia,CZE,2008,62.97,132.778736616777,16.9544853816023,100.0,22774.7045076205,98.0813293457031,73.4655517409377,132.778736616777,71.66278409516397,66.27373661043879,63.16019881509747
Czechia,CZE,2009,64.43,125.349158452872,19.5385560961848,100.0,19817.4215836554,97.9063034057617,73.4084890302159,125.349158452872,70.5829028465568,71.66278409516397,66.27373661043879
Czechia,CZE,2010,68.82,123.605282283555,21.6090542510609,100.0,20160.4355077059,98.6544189453125,73.3495599222723,123.605282283555,72.76820275301452,70.5829028465568,71.66278409516397
Czechia,CZE,2011,70.49,125.460303933748,23.9064110361087,100.0,22049.1080788682,99.4467315673828,73.2878338394746,125.460303933748,76.52707106603151,72.76820275301452,70.5829028465568
Czechia,CZE,2012,73.4300078241036,128.69010077246,25.2869067180213,100.0,20014.0354015165,99.7749633789062,73.2249239592898,128.69010077246,78.25674958854123,76.52707106603151,72.76820275301452
Czechia,CZE,2013,74.1104,130.521237278882,27.1727115258321,100.0,20260.4954999375,106.875068664551,73.1622186934979,130.521237278882,76.41915661951197,78.25674958854123,76.52707106603151
Czechia,CZE,2014,74.2317116367383,132.288685248373,28.475360327904,100.0,20038.4163180257,106.118507385254,73.0995921041469,132.288685248373,77.97302270803948,76.41915661951197,78.25674958854123
Czechia,CZE,2015,75.668838699279,118.339820565816,27.9980000790543,100.0,17931.5987670768,104.810516357422,73.0370442874355,118.339820565816,77.19413125546957,77.97302270803948,76.41915661951197
Czechia,CZE,2016,76.4811986951838,118.544499080322,29.14911847267,100.0,18753.9686718096,103.015083312988,72.9745753395623,118.544499080322,78.00595345098853,77.19413125546957,77.97302270803948
Czechia,CZE,2017,78.7191728513432,119.874291148129,29.8452606888193,100.0,20913.197632212,102.204696655273,72.9121853567256,119.874291148129,76.33507439218532,78.00595345098853,77.19413125546957
Czechia,CZE,2018,80.6881675434288,120.431679514249,30.5512773467128,100.0,23705.9329811299,101.514892578125,72.8498744351241,120.431679514249,80.43337420894014,76.33507439218532,78.00595345098853
Czechia,CZE,2019,80.8669444139622,124.126150238634,35.4302064212035,100.0,24062.7190013343,100.21556854248,72.7876426709563,124.126150238634,81.41197774226323,80.43337420894014,76.33507439218532
Czechia,CZE,2020,81.33889705,123.219460160155,36.4490898642092,100.0,23472.8915454417,99.3292617797852,72.7254901604208,123.219460160155,81.19402484466625,81.41197774226323,80.43337420894014
Czechia,CZE,2021,82.67062427,126.173145654465,37.4984794433561,100.0,27696.4619527544,102.089942932129,72.6810594374316,126.173145654465,82.2015596251268,81.19402484466625,81.41197774226323
Czechia,CZE,2022,84.54009378,128.105295003482,37.7136856539825,100.0,28282.2236715857,102.935562133789,72.6967638379524,128.105295003482,83.62942055899825,82.2015596251268,81.19402484466625
Czechia,CZE,2023,85.99404818,126.004753501387,37.9099783935119,100.0,31761.5944102491,97.6154174804688,72.7352388396817,126.004753501387,83.39302868382879,83.62942055899825,82.2015596251268
Czechia,CZE,2024,87.68776014,126.600163061009,38.8656371139002,100.0,31827.7552539413,97.6154174804688,72.7947984592185,126.600163061009,84.36549968463453,83.39302868382879,83.62942055899825
Germany,DEU,2004,64.73,86.8798237231984,8.52694492670409,100.0,34566.7359143735,101.377777099609,80.1549694901257,86.8798237231984,72.25875284061058,64.75322525748034,61.83064279884265
Germany,DEU,2005,68.71,96.6168901963931,13.1471417185409,100.0,35084.4363546269,101.436492919922,80.1745168510383,96.6168901963931,73.3689988971989,72.25875284061058,64.75322525748034
Germany,DEU,2006,72.16,104.834680181706,18.331503899704,100.0,36980.3349948954,102.486396789551,80.1960996098884,104.834680181706,75.93439862581448,73.3689988971989,72.25875284061058
Germany,DEU,2007,75.16,118.369804221089,24.2949006391775,100.0,42350.9217211489,102.009773254395,80.2198636634402,118.369804221089,79.5659744601966,75.93439862581448,73.3689988971989
Germany,DEU,2008,78.0,130.097465346683,27.9989131407285,100.0,46379.1647953479,103.240730285645,80.2459549084581,130.097465346683,82.04395628342427,79.5659744601966,75.93439862581448
Germany,DEU,2009,79.0,129.733283319711,30.8451383310787,100.0,42471.8868625226,103.314292907715,80.2745192417062,129.733283319711,81.04656468349813,82.04395628342427,79.5659744601966
Germany,DEU,2010,82.0,109.364084468464,32.3662636839336,100.0,42396.9665976293,104.891357421875,80.305702559949,109.364084468464,79.93317825182584,81.04656468349813,82.04395628342427
Germany,DEU,2011,81.26999953602,112.41947815744,33.7098845809377,100.0,47630.9761883572,105.34651184082,80.3405762928198,112.41947815744,83.5209227142033,79.93317825182584,81.04656468349813
Germany,DEU,2012,82.3499984738392,114.191945537857,34.5501078335304,100.0,44718.0159214069,104.442237854004,80.393447520218,114.191945537857,83.91721557642344,83.5209227142033,79.93317825182584
Germany,DEU,2013,84.17,123.435398879553,35.3423024244517,100.0,47206.8353514242,103.935333251953,80.4732318400362,123.435398879553,82.19299019438571,83.91721557642344,83.5209227142033
Germany,DEU,2014,86.1937006578756,122.308668591557,36.3409222955935,100.0,48959.5991203133,103.303871154785,80.57574023743,122.308668591557,84.31264794439124,82.19299019438571,83.91721557642344
Germany,DEU,2015,87.5897993525767,117.401165117624,37.412701768023,100.0,41929.7549110722,102.192413330078,80.6974371632814,117.401165117624,85.72949889977255,84.31264794439124,82.19299019438571
Germany,DEU,2016,84.1652066441212,125.024012174369,38.4991067314054,100.0,42948.9381932694,100.852310180664,80.8347870684725,125.024012174369,85.88596049643357,85.72949889977255,84.31264794439124
Germany,DEU,2017,84.3941537010844,132.003261888443,39.9888046312857,100.0,45553.9341495339,101.095642089844,80.9842544038853,132.003261888443,83.81707760313243,85.88596049643357,85.72949889977255
Germany,DEU,2018,87.037112092841,128.945577229674,40.9651498488548,100.0,48916.1686612154,100.837303161621,81.1423036204018,128.945577229674,88.77780524804342,83.81707760313243,85.88596049643357
Germany,DEU,2019,88.1345169091916,128.292298108313,42.1155574684512,100.0,47656.199739747,101.152557373047,81.3053991689039,128.292298108313,87.5435442507576,88.77780524804342,83.81707760313243
Germany,DEU,2020,89.81294133,128.424798814302,43.3048696627,100.0,47394.8734504469,101.307800292969,81.4700055002738,128.424798814302,88.11542263441851,87.5435442507576,88.77780524804342
Germany,DEU,2021,91.43060973,127.125099449404,44.0643361489671,100.0,52349.2459994422,101.203536987305,81.6325870653934,127.125099449404,88.51207347489773,88.11542263441851,87.5435442507576
Germany,DEU,2022,91.62984383,124.158264349285,44.6186317766404,100.0,50506.5179638543,100.81729888916,81.7867852780995,124.158264349285,88.57685038789366,88.51207347489773,88.11542263441851
Germany,DEU,2023,92.4763763,124.662572774586,45.380522509099,100.0,54776.7668235491,100.603057861328,81.9034366692129,124.662572774586,88.6283844624153,88.57685038789366,88.51207347489773
Germany,DEU,2024,93.49999579,129.150921864378,45.6069242965787,100.0,56103.7323182554,100.243698120117,82.0211432579125,129.150921864378,89.78918506664463,88.6283844624153,88.57685038789366
Dominica,DMA,2004,30.3196130921568,60.9448061879998,4.73859779457822,85.0,5778.83306546506,114.818801879883,65.9653093849432,60.9448061879998,45.36138172903432,37.18633643958479,33.15924679268696
Dominica,DMA,2005,38.54359818,75.6539703785608,4.94660575552128,86.0,5695.22442394675,114.346900939941,66.2400724917823,75.6539703785608,48.235477803070836,45.36138172903432,37.18633643958479
Dominica,DMA,2006,39.39820099,103.915356218934,6.24945498939046,87.0,6055.78109574854,113.30908203125,66.5451738755145,103.915356218934,52.047072895560106,48.235477803070836,45.36138172903432
Dominica,DMA,2007,40.2745018,129.272154196988,7.26248057286447,88.1,6459.03503689609,112.818580627441,66.877081776731,129.272154196988,55.67884871016611,52.047072895560106,48.235477803070836
Dominica,DMA,2008,41.15999985,132.163708716995,10.1664391320766,90.9,6971.32633839289,110.860000610352,67.232264436023,132.163708716995,57.59543774770944,55.67884871016611,52.047072895560106
Dominica,DMA,2009,42.02000046,143.035548327138,10.6006040892193,90.2,7487.49010395154,111.792961120605,67.6071900939817,143.035548327138,58.45717044834106,57.59543774770944,55.67884871016611
Dominica,DMA,2010,47.45,153.308935651113,12.0695914840471,91.3,7549.61964680375,108.655853271484,67.9983269911984,150.0,62.2692626209971,58.45717044834106,57.59543774770944
Dominica,DMA,2011,48.59999847,157.73970718144,12.0298900844279,90.1,7705.40717248319,109.177848815918,68.3978165602727,150.0,63.42216854456423,62.2692626209971,58.45717044834106
Dominica,DMA,2012,49.79999924,158.135362713041,12.2978095431002,93.5,7528.51001990155,102.783400809717,68.754609337094,150.0,64.44978924731129,63.42216854456423,62.2692626209971
Dominica,DMA,2013,51.0,134.225059169476,15.3008678189773,94.6,7822.21797211398,102.783400809717,69.119704197722,134.225059169476,62.40232152846065,64.44978924731129,63.42216854456423
Dominica,DMA,2014,57.5,104.991971352649,15.3254799425916,95.7,8131.74876096735,93.3871994018555,69.4907847110252,104.991971352649,61.37686236666113,62.40232152846065,64.44978924731129
Dominica,DMA,2015,65.0,109.720210197415,21.5296122709842,96.7,8282.59874702141,95.9454803466797,69.8679153463528,109.720210197415,68.24153647359385,61.37686236666113,62.40232152846065
Dominica,DMA,2016,67.02999878,112.697181277476,22.2495187196506,97.8,8802.56172041363,95.9454803466797,70.2511605730541,112.697181277476,70.00899113172048,68.24153647359385,61.37686236666113
Dominica,DMA,2017,69.61969757,109.83123102079,22.5166433076384,98.9,8224.64896571414,95.9454803466797,70.6405848604787,109.83123102079,68.4406132064251,70.00899113172048,68.24153647359385
Dominica,DMA,2019,73.38200378,115.103123158515,22.3998232174425,99.9,9491.14995962374,105.625543006082,71.4382284948964,115.103123158515,72.05529033575667,68.4406132064251,70.00899113172048
Dominica,DMA,2020,75.65670013,110.409483077561,27.0611042872153,100.0,7827.74842680426,105.181579589844,71.846576780589,110.409483077561,73.37461876071103,72.05529033575667,68.4406132064251
Dominica,DMA,2021,78.07949829,92.5136156662004,20.9562215410256,100.0,8376.40414141113,105.535634244733,72.2613620044042,92.5136156662004,68.52958788682574,73.37461876071103,72.05529033575667
Dominica,DMA,2022,80.57980347,85.1898961482058,20.86014425523,100.0,9323.66089490562,105.387588500977,72.682648635692,85.1898961482058,69.21841783214103,68.52958788682574,73.37461876071103
Dominica,DMA,2023,81.33650208,85.1898961482058,,100.0,9912.96212766668,102.585807800293,73.1105011438027,,86.59631561681525,69.21841783214103,68.52958788682574
Dominica,DMA,2024,82.04689789,85.1898961482058,,100.0,10405.2787777582,102.585807800293,73.5449839980866,,86.90567731929235,86.59631561681525,69.21841783214103
Denmark,DNK,2004,80.93,95.6021520934582,18.8283013833776,100.0,46625.050098011,121.348091125488,85.7130276911593,95.6021520934582,89.68909069536859,82.8440038341839,75.83533557062398
Denmark,DNK,2005,82.74,100.547111340322,24.7964085612195,100.0,48925.8076698784,122.080146789551,86.0059706832865,100.547111340322,88.24881961305272,89.68909069536859,82.8440038341839
Denmark,DNK,2006,86.65,107.186073542231,31.9143454064612,100.0,52119.1787984282,118.173477172852,86.2501288149818,107.186073542231,89.95690175493444,88.24881961305272,89.68909069536859
Denmark,DNK,2007,85.03,115.497142141498,34.853130223394,100.0,58631.6566433635,117.994140625,86.4251464366349,115.497142141498,88.16987260410704,89.95690175493444,88.24881961305272
Denmark,DNK,2008,85.02,119.353288564998,36.5083210709452,100.0,64616.6657583663,117.272972106934,86.583137512207,119.353288564998,86.87001733774963,88.16987260410704,89.95690175493444
Denmark,DNK,2009,86.84,123.727484183458,36.6222278389614,100.0,58412.7472358513,117.131889343262,86.7617653139929,123.727484183458,85.45639990029288,86.87001733774963,88.16987260410704
Denmark,DNK,2010,88.72,115.734472895239,38.076030356193,100.0,58104.5445594981,118.944053649902,86.8652420043945,115.734472895239,85.49019591134982,85.45639990029288,86.87001733774963
Denmark,DNK,2011,89.8100133895232,128.762868998962,38.4725380278661,100.0,61809.737898222,121.816520690918,87.1567653955846,128.762868998962,91.39778283220339,85.49019591134982,85.45639990029288
Denmark,DNK,2012,92.2600117153012,130.416027276514,38.9767051263458,100.0,58443.7747103968,124.577186584473,87.2336196899414,130.416027276514,92.23889841453776,91.39778283220339,85.49019591134982
Denmark,DNK,2013,94.6297,125.21344682497,40.467787039522,100.0,61377.5940590412,131.692306518555,87.5436524760432,125.21344682497,88.44930296445933,92.23889841453776,91.39778283220339
Denmark,DNK,2014,95.9935053764454,126.869141573913,41.4926377539648,100.0,62520.4509747011,132.451354980469,87.6823985731907,126.869141573913,90.89962235573063,88.44930296445933,92.23889841453776
Denmark,DNK,2015,96.3305016195436,124.553508356615,42.3133095847231,100.0,53094.0133607574,133.795471191406,87.7254056577329,124.553508356615,92.34985632764662,90.89962235573063,88.44930296445933
Denmark,DNK,2016,96.9677852516645,121.941164424922,42.9699132415221,100.0,54500.9260410217,131.441299438477,87.6999969482422,121.941164424922,92.49183217497591,92.34985632764662,90.89962235573063
Denmark,DNK,2017,97.0993621555621,123.86211468599,43.5697797531659,100.0,57521.5514992225,130.324432373047,88.0161943799509,123.86211468599,88.94152266556739,92.49183217497591,92.34985632764662
Denmark,DNK,2018,97.3192043651002,124.550124408336,43.7690892923223,100.0,61324.7665045565,129.849563598633,88.1059762310689,124.550124408336,93.58967851264381,88.94152266556739,92.49183217497591
Denmark,DNK,2019,98.0464347521549,124.573359763273,43.6229516711158,100.0,59404.2663247723,129.311126708984,88.2096490810669,124.573359763273,91.61736113834212,93.58967851264381,88.94152266556739
Denmark,DNK,2020,96.54914573,124.370019531752,44.4185659681079,100.0,60985.4885601514,129.995193481445,88.2394485473632,124.370019531752,90.77800797095344,91.61736113834212,93.58967851264381
Denmark,DNK,2021,98.8658506,125.604137839658,44.9598379722906,100.0,69340.7334922138,131.772018432617,88.2616449318149,125.604137839658,91.77198749261464,90.77800797095344,91.61736113834212
Denmark,DNK,2022,97.86011812,126.48354098254,44.8863644064006,100.0,67781.0940939514,130.326995849609,88.3880239837703,126.48354098254,91.71537501461147,91.77198749261464,90.77800797095344
Denmark,DNK,2023,98.77559197,126.717092547985,44.0352069959396,100.0,68043.5466971243,126.98078918457,88.552638542867,126.717092547985,91.21568996605438,91.71537501461147,91.77198749261464
Denmark,DNK,2024,99.76915157,126.686532566268,43.3933280824544,100.0,71026.4832271897,125.628089904785,88.6960552688405,126.686532566268,91.29444032100193,91.21568996605438,91.71537501461147
Dominican Republic,DOM,2004,8.8655534607044,27.8318842222401,0.409197604979828,90.3,2451.69161616569,68.8893127441406,65.8914085229291,27.8318842222401,27.212221789663968,25.62973824613783,31.235911005391962
Dominican Republic,DOM,2005,11.4831977789344,39.2767007687993,0.657710313046001,90.1,3878.31206735244,70.5230407714844,67.5759180469321,39.2767007687993,28.864277179076268,27.212221789663968,25.62973824613783
Dominican Republic,DOM,2006,14.8449283654589,49.3048792642217,1.10135943166941,90.1,4055.14270347371,70.5230407714844,69.333853706035,49.3048792642217,31.650057697978056,28.864277179076268,27.212221789663968
Dominican Republic,DOM,2007,17.66,58.3022249747188,1.83754530885106,96.9,4649.64558875814,79.9215469360352,71.0193434994977,58.3022249747188,35.61585157196831,31.650057697978056,28.864277179076268
Dominican Republic,DOM,2008,20.82,75.320015501722,2.49780374861722,97.6,5023.58513403515,78.7571563720703,72.4865154265802,75.320015501722,39.513812184244344,35.61585157196831,31.650057697978056
Dominican Republic,DOM,2009,27.72,89.0106149754545,3.25512505331211,97.9,4973.95186999952,80.7119979858398,73.5894974865426,89.0106149754545,44.274073812679234,39.513812184244344,35.61585157196831
Dominican Republic,DOM,2010,31.39999962,90.5562579078275,3.97655846255286,98.1,5478.62470398954,77.9718275378447,74.1642773174177,90.5562579078275,46.24993947017239,44.274073812679234,39.513812184244344
Dominican Republic,DOM,2011,38.0,88.1873540123839,4.2623683327567,97.9,5826.51014109195,77.4272200156803,74.2440389501301,88.1873540123839,48.849029760479226,46.24993947017239,44.274073812679234
Dominican Republic,DOM,2012,42.32,88.7172926705772,4.80243557090172,97.9,6013.81965002603,77.986106386808,74.2398679969568,88.7172926705772,50.423244238250156,48.849029760479226,46.24993947017239
Dominican Republic,DOM,2013,45.9,90.2546667185935,5.1668984571358,98.4,6136.59429329301,79.1714978028552,74.2251359951216,90.2546667185935,51.49480024071669,50.423244238250156,48.849029760479226
Dominican Republic,DOM,2014,49.58000183,80.495501539039,5.81643518392854,98.5,6496.45166971142,80.11454424521,74.1931533822153,80.495501539039,51.63411057773449,51.49480024071669,50.423244238250156
Dominican Republic,DOM,2015,54.2157663369785,84.3065756036826,6.57516285125516,98.6,6800.95309395474,79.9378896410207,74.1372305958285,84.3065756036826,54.44141453180214,51.63411057773449,51.49480024071669
Dominican Republic,DOM,2016,63.8708647408206,82.5303394895289,7.21470928585035,98.9,7160.44200982307,80.0944728713855,74.0506780735522,82.5303394895289,58.40856367011786,54.44141453180214,51.63411057773449
Dominican Republic,DOM,2017,67.5712453277737,82.2092066040533,7.69279157853922,100.0,7412.71571571512,79.9406801126231,73.926806252977,82.2092066040533,58.774220664733356,58.40856367011786,54.44141453180214
Dominican Republic,DOM,2018,74.8220483597284,82.8937401810212,7.98202346065262,98.9,7882.98221584944,80.2159299988463,73.7589255716938,82.8937401810212,62.50346469063717,58.774220664733356,58.40856367011786
Dominican Republic,DOM,2019,79.71549988,82.1376141070859,8.53570157562257,99.0,8183.01623600375,81.8562360431581,73.5403464672933,82.1376141070859,64.20880183682287,62.50346469063717,58.774220664733356
Dominican Republic,DOM,2020,81.61730194,81.6619005659366,9.37345457518418,100.0,7135.22273255899,80.0444119218853,73.2643793773663,81.6619005659366,65.05818012102512,64.20880183682287,62.50346469063717
Dominican Republic,DOM,2021,85.24298638,87.5207623947766,10.3195260186654,98.1,8527.0754858205,75.7044807816311,72.9243347395035,87.5207623947766,66.46426891187765,65.05818012102512,64.20880183682287
Dominican Republic,DOM,2022,81.51269675,90.3760163850377,10.6744492390257,98.1,10104.2464008585,76.5283197247412,72.4203155643711,90.3760163850377,66.30588216751566,66.46426891187765,65.05818012102512
Dominican Republic,DOM,2023,86.12689972,91.8676246650308,11.1345555858062,99.6,10630.431743829,75.4805556926418,72.3577991823338,91.8676246650308,67.88849998435558,66.30588216751566,66.46426891187765
Dominican Republic,DOM,2024,91.0022446,93.7095828968519,11.2045645451604,99.5,10875.6618443092,76.3648403372637,72.4121874752151,93.7095828968519,69.85071052352923,67.88849998435558,66.30588216751566
Algeria,DZA,2004,4.63447508776537,14.963746486714,0.110333714740639,98.6,2816.99384960555,79.6298599243164,62.9023132048725,14.963746486714,24.51761575060196,21.570252888047523,25.985798665042548
Algeria,DZA,2005,5.843900204,41.2614463106668,0.407741051450608,98.6,3233.13339634212,81.8563690185547,63.6598541890144,41.2614463106668,28.121357244975407,24.51761575060196,21.570252888047523
Algeria,DZA,2006,7.37598495634886,62.4502215801053,0.505598672547711,98.7,3660.66104745322,83.4811935424805,64.4154348614309,62.4502215801053,31.51458740046119,28.121357244975407,24.51761575060196
Algeria,DZA,2007,9.45119062555304,80.6177005187804,0.839555141860276,98.7,4167.45169937531,73.517822265625,65.1690763324461,80.6177005187804,34.903011288459425,31.51458740046119,28.121357244975407
Algeria,DZA,2008,10.18,77.6388036853647,1.39299923390786,99.3,5180.91881514686,80.2311401367188,65.901485871159,77.6388036853647,35.06885380387443,34.903011288459425,31.51458740046119
Algeria,DZA,2009,11.23,92.2215091977573,2.30484571269816,98.8,4235.42990456612,96.3929595947266,66.5097384559521,92.2215091977573,37.477328870903946,35.06885380387443,34.903011288459425
Algeria,DZA,2010,12.5,90.5823787597715,2.48699605031867,98.9,4912.78585503672,100.739776611328,67.1235057867459,90.5823787597715,37.832163716576616,37.477328870903946,35.06885380387443
Algeria,DZA,2011,14.89999962,96.5112947931918,2.65762135149911,99.0,5916.31364364343,103.184272766113,67.7344007507578,96.5112947931918,39.70556590329224,37.832163716576616,37.477328870903946
Algeria,DZA,2012,18.20000076,99.6853251935403,3.06737211964693,98.8,6033.64884689543,103.184272766113,68.3421258553675,99.6853251935403,41.295538175403465,39.70556590329224,37.832163716576616
Algeria,DZA,2013,22.5,102.871008201635,3.33210366559778,99.2,5979.60138960585,103.184272766113,68.9463836079277,102.871008201635,43.11575187269561,41.295538175403465,39.70556590329224
Algeria,DZA,2014,29.5,110.440351392657,4.08032326259352,99.3,6094.69392314956,103.184272766113,69.5468765157615,110.440351392657,47.287133595253465,43.11575187269561,41.295538175403465
Algeria,DZA,2015,38.20000076,108.016371207167,5.67060147059702,99.4,4685.05902729002,103.184272766113,70.1433070861612,108.016371207167,51.1792806782302,47.287133595253465,43.11575187269561
Algeria,DZA,2016,42.94549942,115.154200093555,7.00004046440209,99.4,4424.98529027556,103.184272766113,70.7353778263851,115.154200093555,54.68103185539682,51.1792806782302,47.287133595253465
Algeria,DZA,2017,47.69110107,109.96986300969,7.70045809597326,99.5,4554.66753957828,103.184272766113,71.3227912436551,109.96986300969,54.78629846093932,54.68103185539682,51.1792806782302
Algeria,DZA,2018,49.0384680793271,110.938066513767,7.21566750856693,99.6,4577.21029180491,103.184272766113,71.905249845153,110.938066513767,55.82477076692112,54.78629846093932,54.68103185539682
Algeria,DZA,2019,55.79069901,104.922068012909,8.27526635803041,99.5,4468.45341883656,103.184272766113,72.4824561380175,104.922068012909,57.87874069518813,55.82477076692112,54.78629846093932
Algeria,DZA,2020,63.47269821,103.436671524065,8.6064465013707,99.7,3743.5419522929,103.184272766113,73.0541126293395,103.436671524065,60.30170219710277,57.87874069518813,55.82477076692112
Algeria,DZA,2021,72.21240234,105.037092587919,9.33184191925225,99.8,4160.55926736925,103.184272766113,73.6199218261573,105.037092587919,63.84657888116304,60.30170219710277,57.87874069518813
Algeria,DZA,2022,74.78150177,107.787115922596,10.3517244580598,100.0,4960.30334332888,104.550270080566,74.1795862354514,107.787115922596,66.39139065081596,63.84657888116304,60.30170219710277
Algeria,DZA,2023,76.19760132,111.60623555659,12.0086836084024,100.0,5370.477235078,101.264892578125,74.732808364138,111.60623555659,67.41818145658675,66.39139065081596,63.84657888116304
Algeria,DZA,2024,77.4178009,115.457278573892,13.3173088877016,100.0,5752.99076651465,105.164131811213,75.2792907190618,115.457278573892,68.69053802819916,67.41818145658675,66.39139065081596
Ecuador,ECU,2004,4.83444263759525,26.0434408838874,0.0853865479151904,94.8,2586.20914663347,57.409610748291,61.7829573274038,26.0434408838874,25.663705359242314,24.16990110505401,23.26612607149215
Ecuador,ECU,2005,5.994299889,45.1123679534901,0.193454316549646,95.8,2909.02606014388,59.8716011047363,62.0068704145716,45.1123679534901,27.981123597898677,25.663705359242314,24.16990110505401
Ecuador,ECU,2006,7.199999809,60.2369096240834,0.326562347034825,96.3,3243.67010359339,61.9531517028809,62.2099988435587,60.2369096240834,30.551308908713832,27.981123597898677,25.663705359242314
Ecuador,ECU,2007,10.80000019,69.3707479349418,0.69789646329103,96.8,3478.92488770671,63.4471893310547,62.3887552077227,69.3707479349418,33.541446300634,30.551308908713832,27.981123597898677
Ecuador,ECU,2008,18.8,80.1668409123935,1.07029734476407,97.2,4194.75750661981,63.4471893310547,62.5395521004212,80.1668409123935,38.6599830280895,33.541446300634,30.551308908713832
Ecuador,ECU,2009,24.6,89.3147112152108,1.62709934214014,96.5,4053.36331139298,85.9710388183594,62.6588021150118,89.3147112152108,42.16692967024106,38.6599830280895,33.541446300634
Ecuador,ECU,2010,29.03,98.0369371404011,1.46796098216486,97.5,4520.30959039763,91.5583877563477,62.7405258611644,98.0369371404011,45.313638766932996,42.16692967024106,38.6599830280895
Ecuador,ECU,2011,31.3668083587433,100.042332662827,4.29931645929556,96.9,5153.6916424375,95.6929702758789,62.7949053547691,100.042332662827,47.44482502476947,45.313638766932996,42.16692967024106
Ecuador,ECU,2012,35.1351464545516,105.680291422005,5.41801624099982,97.2,5634.08393191094,98.554801940918,62.8408732819135,105.680291422005,49.9096101963293,47.44482502476947,45.313638766932996
Ecuador,ECU,2013,40.279121941,105.181656022524,6.69604876989672,98.0,6109.29031510341,100.659210205078,62.8837286624122,105.181656022524,51.701994421732095,49.9096101963293,47.44482502476947
Ecuador,ECU,2014,45.5903906666095,103.558519410265,8.22960271464069,99.0,6405.79979300441,102.590339660645,62.9232432195799,103.558519410265,54.357906456648976,51.701994421732095,49.9096101963293
Ecuador,ECU,2015,48.9404337892669,79.5746462378333,9.14528109625927,98.8,5976.1596805651,100.791786193848,62.959188676731,79.5746462378333,52.640285699482625,54.357906456648976,51.701994421732095
Ecuador,ECU,2016,54.0629247288864,84.1088342242983,9.75202935279733,98.7,5917.63771271481,98.0803764939006,62.9913367571804,84.1088342242983,55.57663247866041,52.640285699482625,54.357906456648976
Ecuador,ECU,2017,55.79999924,87.421387212843,10.6125181754918,99.2,6233.32244797718,96.1637651807361,63.0194591842425,87.421387212843,55.503031110203786,55.57663247866041,52.640285699482625
Ecuador,ECU,2018,57.5,92.5117717203865,11.4584100093686,98.7,6303.91886658338,94.9748100922065,63.0433276812321,92.5117717203865,58.14859990709783,55.503031110203786,55.57663247866041
Ecuador,ECU,2019,59.2,91.4249181128443,12.0672172196331,99.1,6205.05765246766,93.8371637137576,63.0627139714638,91.4249181128443,58.52048453563424,58.14859990709783,55.503031110203786
Ecuador,ECU,2020,70.7,88.2554920433727,13.5146940353863,98.8,5463.64515348598,93.9849491291463,63.0773897782521,88.2554920433727,62.64979867547433,58.52048453563424,58.14859990709783
Ecuador,ECU,2021,69.1147995,94.950621672761,14.0284374555704,100.0,6061.32350181711,94.5899282617776,63.0871268249117,94.950621672761,62.571065081844466,62.64979867547433,58.52048453563424
Ecuador,ECU,2022,69.71811356,98.1309025742238,15.1128846850944,100.0,6515.58528418336,94.1335305764161,63.0901835932266,98.1309025742238,64.44892078193774,62.571065081844466,62.64979867547433
Ecuador,ECU,2023,72.6943146,101.031752745524,16.0678902316524,98.7,6718.1447938811,92.8118025876465,63.1307729554263,101.031752745524,65.24310147294568,64.44892078193774,62.571065081844466
Ecuador,ECU,2024,77.17273115,101.598265014024,17.246394056997,98.5,6826.5294137822,92.8118025876465,63.2376932397602,101.598265014024,67.15638074358145,65.24310147294568,64.44892078193774
"Egypt, Arab Rep.",EGY,2004,11.92,9.61664053535291,0.0996723057635359,97.8,991.255689145253,77.7841796875,42.9255593360476,9.61664053535291,26.920319746677357,23.004677274433025,22.04204996471732
"Egypt, Arab Rep.",EGY,2005,12.75,16.8057130340828,0.17385604745411,99.4,1105.53920713903,77.7841796875,42.9569271409488,16.8057130340828,28.03897477364894,26.920319746677357,23.004677274433025
"Egypt, Arab Rep.",EGY,2006,13.66,21.7666484648207,0.312605489963574,99.0,1298.97900203124,77.7841796875,42.9729991680104,21.7666484648207,28.84684317106376,28.03897477364894,26.920319746677357
"Egypt, Arab Rep.",EGY,2007,16.03,35.7083780152706,0.566508525981082,98.4,1547.74170735909,77.7841796875,42.9729666344509,35.7083780152706,31.6246809378043,28.84684317106376,28.03897477364894
"Egypt, Arab Rep.",EGY,2008,18.01,48.0833441516988,0.896460596904279,99.8,1896.21594269779,77.7841796875,42.9608989120873,48.0833441516988,34.47436175482862,31.6246809378043,28.84684317106376
"Egypt, Arab Rep.",EGY,2009,20.0,63.2585121037051,1.23139297646961,98.9,2161.63964573927,63.2154998779297,42.9383470624904,63.2585121037051,37.04905465587929,34.47436175482862,31.6246809378043
"Egypt, Arab Rep.",EGY,2010,21.6,79.2198618342745,1.62745731673027,99.4,2455.08194645282,64.7296371459961,42.9057175520154,79.2198618342745,40.045328603034775,37.04905465587929,34.47436175482862
"Egypt, Arab Rep.",EGY,2011,25.6,91.5823290114783,2.02567464552925,99.4,2590.64384891965,72.5487594604492,42.8634168470177,91.5823290114783,43.39847205472249,40.045328603034775,37.04905465587929
"Egypt, Arab Rep.",EGY,2012,26.4,103.904852847169,2.45679305227732,99.7,2996.0677072015,73.0182495117188,42.8118514138525,103.904852847169,45.25091013860266,43.39847205472249,40.045328603034775
"Egypt, Arab Rep.",EGY,2013,29.4,104.585398175604,2.80726241263661,99.9,3025.52563552448,73.8954466194364,42.7514277188751,104.585398175604,46.22812394676788,45.25091013860266,43.39847205472249
"Egypt, Arab Rep.",EGY,2014,33.8946039115275,97.7313128919015,3.14561708192958,99.8,3133.39102265541,73.3723421134374,42.6825522284408,97.7313128919015,46.99682051218793,46.22812394676788,45.25091013860266
"Egypt, Arab Rep.",EGY,2015,37.8193834276939,94.3962460363651,3.84187963570353,99.3,3306.98159414141,73.3723421134374,42.6056314089048,94.3962460363651,48.24700214926424,46.99682051218793,46.22812394676788
"Egypt, Arab Rep.",EGY,2016,41.2480670885772,96.2091951594197,4.39685382563749,100.0,3270.6287768197,75.7524086692863,42.5210717266225,96.2091951594197,50.233884087428656,48.24700214926424,46.99682051218793
"Egypt, Arab Rep.",EGY,2017,44.9502042452857,99.2884367821237,5.04732016956055,100.0,2395.10333299491,76.4337653082262,42.4486008687179,99.2884367821237,51.250600871207205,50.233884087428656,48.24700214926424
"Egypt, Arab Rep.",EGY,2018,46.92433676792,88.7420881346276,6.26825297386708,100.0,2484.70315630508,76.9816189396849,42.4577177449969,88.7420881346276,51.23963770860976,51.250600871207205,50.233884087428656
"Egypt, Arab Rep.",EGY,2019,57.2828663990195,88.6447815879102,7.04130696004296,100.0,2962.98892023003,77.9093978841525,42.4812027332648,88.6447815879102,55.62144292767027,51.23963770860976,51.250600871207205
"Egypt, Arab Rep.",EGY,2020,71.91420096,87.2316871725819,8.5396308016812,100.0,3511.11381026379,79.6544750074231,42.5181534630674,87.2316871725819,61.462082697841524,55.62144292767027,51.23963770860976
"Egypt, Arab Rep.",EGY,2021,72.05599976,84.0866220906029,9.76582299335252,100.0,3827.35415374308,81.8833487066739,42.5686062621468,84.0866220906029,60.44820752123447,61.462082697841524,55.62144292767027
"Egypt, Arab Rep.",EGY,2022,72.19806556,90.6794715776528,10.6832498285136,100.0,4233.30783744856,81.8833487066739,42.6325129008032,90.6794715776528,62.766844318435574,60.44820752123447,61.462082697841524
"Egypt, Arab Rep.",EGY,2023,74.01190186,92.8261626420085,10.8642477216638,100.0,3456.78965212363,84.474862198776,42.7098115041919,92.8261626420085,62.827183594670245,62.766844318435574,60.44820752123447
"Egypt, Arab Rep.",EGY,2024,74.64839935,97.1295066037455,11.6871225241757,100.0,3338.47371043679,84.8286031306453,42.8004363938404,97.1295066037455,63.597693541755305,62.827183594670245,62.766844318435574
Eritrea,ERI,2008,0.469999999,3.85718703829491,0.00156231858019328,37.8,490.066956003333,51.3945808410645,35.4897117614746,3.85718703829491,7.921984231901682,9.220432853464784,7.970257665781018
Eritrea,ERI,2009,0.540000021,4.88696745195879,0.00242391923501109,38.9,642.92572288007,51.8130187988281,35.5742034912109,4.88696745195879,8.199528752130362,7.921984231901682,9.220432853464784
Eritrea,ERI,2010,0.610000014,6.29077416502727,0.0040065381269638,40.1,539.699512069686,51.5608596801758,35.6346549987793,6.29077416502727,8.188136662027809,8.199528752130362,7.921984231901682
Eritrea,ERI,2011,0.699999988,8.06870803088893,0.00470237469922311,41.2,688.68165957684,51.8398818969727,35.6706275939941,8.06870803088893,8.491529324367683,8.188136662027809,8.199528752130362
Eritrea,ERI,2012,0.800000012,10.0521635251769,0.00609156177107055,42.3,688.68165957684,52.7079315185547,35.6824264526367,10.0521635251769,8.429248850869014,8.491529324367683,8.188136662027809
Eritrea,ERI,2013,0.899999976,11.5420445230877,0.00474895588024825,43.5,688.68165957684,51.34619140625,35.6713333129883,11.5420445230877,8.255144039778559,8.429248850869014,8.491529324367683
Eritrea,ERI,2014,0.99000001,13.4855143799717,0.00646167435552068,44.6,688.68165957684,50.6653785705566,35.639720916748,13.4855143799717,8.42451646385908,8.255144039778559,8.429248850869014
Eritrea,ERI,2015,1.083699942,15.2952170085389,0.016100228430041,45.8,688.68165957684,46.171501159668,35.591007232666,15.2952170085389,8.619399943757893,8.42451646385908,8.255144039778559
Eritrea,ERI,2016,1.177099943,16.1935649461164,0.0192018556673317,46.9,688.68165957684,46.171501159668,35.5254287719727,16.1935649461164,8.792852625090772,8.619399943757893,8.42451646385908
Eritrea,ERI,2017,2.496099949,22.0610618449333,0.031742535028681,48.0,688.68165957684,44.911060333252,35.4427146911621,22.0610618449333,9.300844904056534,8.792852625090772,8.619399943757893
Eritrea,ERI,2018,5.293000221,22.0610618449333,,49.1,688.68165957684,46.1723785400391,35.3451042175293,,16.113664188359156,9.300844904056534,8.792852625090772
Eritrea,ERI,2019,11.22379971,40.4605403256719,0.0925870488001644,50.3,688.68165957684,46.1723785400391,35.2352333068848,40.4605403256719,15.908300237569915,16.113664188359156,9.300844904056534
Eritrea,ERI,2020,14.34939957,54.7205015934574,0.151916994984612,51.4,688.68165957684,46.1723785400391,35.116138458252,54.7205015934574,18.10792765938564,15.908300237569915,16.113664188359156
Spain,ESP,2004,44.01,89.3326464755076,7.86734160810126,100.0,24925.0267844576,115.084503173828,76.9549627547133,89.3326464755076,62.26272435631374,58.13523313374867,48.18147267621415
Spain,ESP,2005,47.88,97.1228342120143,11.4543464876327,100.0,26450.9530130382,117.570930480957,77.2206801920294,97.1228342120143,62.70449284396713,62.26272435631374,58.13523313374867
Spain,ESP,2006,50.37,102.236498446106,15.077844168829,100.0,28421.686527407,117.273666381836,77.4968648783202,102.236498446106,64.10023653811453,62.70449284396713,62.26272435631374
Spain,ESP,2007,55.11,106.384415658258,17.6985900961161,100.0,32652.015594702,117.488693237305,77.7738937890987,106.384415658258,66.20259297980523,64.10023653811453,62.70449284396713
Spain,ESP,2008,59.6,107.328389840315,19.7598103811018,100.0,35603.248328071,117.210586547852,78.0421438998777,107.328389840315,67.8131923198037,66.20259297980523,64.10023653811453
Spain,ESP,2009,62.4,109.472490510383,21.0154587159308,100.0,32279.8208476151,117.357116699219,78.2919921861701,109.472490510383,68.0455646811225,67.8131923198037,66.20259297980523
Spain,ESP,2010,65.8,109.711571858447,22.7418123101281,100.0,30658.7422282912,122.622512817383,78.5138156234888,109.711571858447,69.96367511244978,68.0455646811225,67.8131923198037
Spain,ESP,2011,67.0899993926581,111.899355043358,23.7622851657887,100.0,31824.6219134777,126.152786254883,78.695397956495,111.899355043358,73.18165896943637,69.96367511244978,68.0455646811225
Spain,ESP,2012,69.8099999420024,107.756074158579,24.5107487138578,100.0,28456.4438151477,127.786712646484,78.8455680301618,107.756074158579,73.4698912337961,73.18165896943637,69.96367511244978
Spain,ESP,2013,71.635,107.038567264134,26.1458798389403,100.0,29228.846559842,126.814498901367,78.9858086902112,107.038567264134,71.66631716018536,73.4698912337961,73.18165896943637
Spain,ESP,2014,76.1867089778712,108.745818831037,27.8358661570454,100.0,29707.765509467,125.537757873535,79.1196713833488,108.745818831037,75.09472584641165,71.66631716018536,73.4698912337961
Spain,ESP,2015,78.6896318703515,109.391040801705,29.0099329346016,100.0,25982.4416197775,125.170799255371,79.2454892743023,109.391040801705,77.51341864797946,75.09472584641165,71.66631716018536
Spain,ESP,2016,80.5613329432179,110.247061960011,30.1986308494311,100.0,26755.6061149398,123.736541748047,79.3615955277997,110.247061960011,78.86753403291652,77.51341864797946,75.09472584641165
Spain,ESP,2017,84.6022457016524,112.030085134191,31.2964612808116,100.0,28381.3425596906,121.1416015625,79.4663233085683,112.030085134191,78.00913406858605,78.86753403291652,77.51341864797946
Spain,ESP,2018,86.107235525659,115.009066880916,32.2277444368856,100.0,30602.4212881113,120.109077453613,79.5580057813361,115.009066880916,82.57922111111935,78.00913406858605,78.86753403291652
Spain,ESP,2019,90.718665325267,116.69612128516,32.9220023670648,100.0,29786.5245689007,119.379127502441,79.6349761108307,116.69612128516,83.3915027256862,82.57922111111935,78.00913406858605
Spain,ESP,2020,93.20564892,116.712041523767,33.9527590155171,100.0,27233.9426461608,118.338188171387,79.6955674617799,116.712041523767,84.35709424666314,83.3915027256862,82.57922111111935
Spain,ESP,2021,93.89752157,118.999806936801,34.9302420932073,100.0,30799.4775937775,120.135841369629,79.7846242983598,118.999806936801,84.87354870407772,84.35709424666314,83.3915027256862
Spain,ESP,2022,94.4855432,123.399528756795,35.7846414290159,100.0,30319.4987196616,119.646171569824,79.9548794567814,123.399528756795,86.49123470978199,84.87354870407772,84.35709424666314
Spain,ESP,2023,95.44564516,127.715490236713,37.2148181549182,100.0,33493.2225409111,118.361709594727,80.128491001856,127.715490236713,87.51209284202552,86.49123470978199,84.87354870407772
Spain,ESP,2024,95.7574516,130.260997343256,39.2337541858756,100.0,35326.7683069278,118.537803649902,80.315199821207,130.260997343256,88.68738659822537,87.51209284202552,86.49123470978199
Estonia,EST,2004,53.2,92.1518394688099,10.1768138574393,100.0,8916.0728274602,101.44522857666,67.467351453949,92.1518394688099,68.96550014807039,60.24859129802418,56.11020667745801
Estonia,EST,2005,61.45,106.676173268145,13.2265759701457,100.0,10414.6381183565,104.22184753418,67.5080523578799,106.676173268145,71.42609722575389,68.96550014807039,60.24859129802418
Estonia,EST,2006,63.51,123.151282965075,18.3238298883345,100.0,12641.4800976473,104.028030395508,67.5557177507269,123.151282965075,74.50648635693796,71.42609722575389,68.96550014807039
Estonia,EST,2007,66.19,125.44512029119,19.7619163052275,100.0,16745.4308011148,105.091178894043,67.6097866365576,125.44512029119,74.55923933750458,74.50648635693796,71.42609722575389
Estonia,EST,2008,70.58,121.494023517023,22.0376733075357,100.0,18205.9064113446,105.395011901855,67.6696980194394,121.494023517023,75.39891787555669,74.55923933750458,74.50648635693796
Estonia,EST,2009,72.5,117.684904325724,23.5008182668329,100.0,14712.4494217916,107.425552368164,67.7348909034398,117.684904325724,74.29243747408765,75.39891787555669,74.55923933750458
Estonia,EST,2010,74.1,124.136203591879,26.1281702327091,100.0,14663.7041018705,110.888679504395,67.8048042926262,124.136203591879,76.54343549527246,74.29243747408765,75.39891787555669
Estonia,EST,2011,76.5,136.065402099509,26.2887630917959,100.0,17555.5455239426,112.287406921387,67.8775556334506,136.065402099509,81.53540911853736,76.54343549527246,74.29243747408765
Estonia,EST,2012,78.3899259259259,151.196568013694,26.4254326274595,100.0,17568.2137969714,112.536003112793,67.9629593320316,150.0,83.81283728037445,81.53540911853736,76.54343549527246
Estonia,EST,2013,80.0043,146.247455268495,27.3877226142123,100.0,19310.3874900757,110.521713256836,68.0923458296768,146.247455268495,81.22381565800825,83.81283728037445,81.53540911853736
Estonia,EST,2014,84.2415280294352,144.360615678625,28.2253745287009,100.0,20581.7898991695,107.685821533203,68.2668382808032,144.360615678625,83.77078419383132,81.22381565800825,83.81283728037445
Estonia,EST,2015,88.4097035040431,144.802963084675,29.6882797190881,100.0,17722.1557669523,108.18879699707,68.4796609690553,144.802963084675,87.04122226772213,83.77078419383132,81.22381565800825
Estonia,EST,2016,87.2402327514547,144.235470787302,31.4989029896287,100.0,18666.3736521706,111.596199035645,68.724038178078,144.235470787302,87.22096197111316,87.04122226772213,83.77078419383132
Estonia,EST,2017,88.1024568740199,144.556616126155,32.5220031500844,100.0,20851.5223496861,113.249786376953,68.9931941915158,144.556616126155,84.89302183203237,87.22096197111316,87.04122226772213
Estonia,EST,2018,89.3570077747426,145.543490183174,33.3725174267095,100.0,23618.1361254581,112.759696960449,69.2803532930133,145.543490183174,89.08028621203304,84.89302183203237,87.22096197111316
Estonia,EST,2019,90.2289281997919,147.04692867619,33.8508104327483,100.0,24021.2501413306,112.287200927734,69.5787397662154,147.04692867619,88.23551172032978,89.08028621203304,84.89302183203237
Estonia,EST,2020,89.05828666,144.832210121466,34.2700326171401,100.0,23933.9939421065,112.527702331543,69.8815778947665,144.832210121466,87.02048854269053,88.23551172032978,89.08028621203304
Estonia,EST,2021,90.97970174,148.739589817601,37.357189680638,100.0,27951.1659277744,113.01091003418,70.1777274135822,148.739589817601,89.52182110891749,87.02048854269053,88.23551172032978
Estonia,EST,2022,91.52016546,152.270772859015,39.7219150412824,100.0,28340.3826549406,112.551849365234,70.4892333736738,150.0,90.73164805420512,89.52182110891749,87.02048854269053
Estonia,EST,2023,93.18342241,150.195729068839,35.2539796781149,100.0,30264.0064885057,108.442070007324,70.6770085523126,150.0,89.67963780962673,90.73164805420512,89.52182110891749
Estonia,EST,2024,92.23796204,151.131825017309,35.3527186879385,100.0,31428.3547816104,108.538726806641,70.6981161541961,150.0,89.30216687848943,89.67963780962673,90.73164805420512
Ethiopia,ETH,2004,0.155334520794722,0.204442313509778,4.6005895642382e-05,15.2,133.169812538096,21.47705078125,15.7585906982422,0.204442313509778,2.5332618412682097,2.300820911321779,2.7472477344846467
Ethiopia,ETH,2005,0.219659818999505,0.523980166770728,7.78384194360236e-05,14.0,158.243458082465,23.8548793792725,15.982967376709,0.523980166770728,2.336278825145058,2.5332618412682097,2.300820911321779
Ethiopia,ETH,2006,0.310592656856176,1.07393125130028,0.000323406088138196,18.6,189.345737521418,27.4775695800781,16.2148475646973,1.07393125130028,3.409644513639043,2.336278825145058,2.5332618412682097
Ethiopia,ETH,2007,0.37,1.45421325867565,0.00124664247353986,20.3,237.146255996319,30.251350402832,16.0948330261902,1.45421325867565,3.7607758217253515,3.409644513639043,2.336278825145058
Ethiopia,ETH,2008,0.449999988,2.28482954460171,0.00174881441838571,22.0,316.410475118075,31.3109302520752,16.7936706542969,2.28482954460171,4.500905998561147,3.7607758217253515,3.409644513639043
Ethiopia,ETH,2009,0.540000021,4.60380846952871,0.00397465510833628,23.7,368.574712267445,31.649019241333,17.1511001586914,4.60380846952871,5.063126930717327,4.500905998561147,3.7607758217253515
Ethiopia,ETH,2010,0.75,7.57025899497312,0.00453619108438206,25.5,330.619412798644,33.0478591918945,17.4937839508057,7.57025899497312,5.3369954326303315,5.063126930717327,4.500905998561147
Ethiopia,ETH,2011,1.100000024,15.1655003216856,0.00682018469785873,23.0,343.024942351887,34.4468994140625,17.863790512085,15.1655003216856,5.829192572809501,5.3369954326303315,5.063126930717327
Ethiopia,ETH,2012,2.900000095,21.4239594545095,0.00890930047147684,29.0,452.101031885754,36.2193489074707,18.2061367034912,21.4239594545095,8.155946642939156,5.829192572809501,5.3369954326303315
Ethiopia,ETH,2013,4.599999905,26.0536269908585,0.241842767793752,30.8,484.039833104062,36.2193489074707,18.615514755249,26.0536269908585,9.33351980787687,8.155946642939156,5.829192572809501
Ethiopia,ETH,2014,7.699999809,30.1536033852735,0.466085305720848,27.2,549.986577082588,36.2193489074707,19.0262870788574,30.1536033852735,10.160476236365692,9.33351980787687,8.155946642939156
Ethiopia,ETH,2015,13.8551755555556,40.7363012371526,0.460203316477344,29.0,597.912113218663,33.9114221981431,19.451566696167,40.7363012371526,14.298774833234967,10.160476236365692,9.33351980787687
Ethiopia,ETH,2016,15.3669238595896,47.9993274246983,0.523809621083991,42.9,641.651523286233,33.9114221981431,19.8763618469238,47.9993274246983,18.751865731109884,14.298774833234967,10.160476236365692
Ethiopia,ETH,2017,15.62440014,36.1094836260863,0.0574013129864174,44.3,696.348429076216,33.9114221981431,20.3084850311279,36.1094836260863,16.12751432057776,18.751865731109884,14.298774833234967
Ethiopia,ETH,2018,15.88619995,36.1094836260863,,44.8,739.702022272086,33.9114221981431,20.7838096618652,,21.968551966651233,16.12751432057776,18.751865731109884
Ethiopia,ETH,2019,15.98460007,36.2199307720652,0.137379985514274,48.0,793.473247218996,33.9114221981431,21.2486705780029,36.2199307720652,16.738509497855606,21.968551966651233,16.12751432057776
Ethiopia,ETH,2020,16.06959915,37.4208472347226,0.178274598062049,51.1,829.790982552951,33.9114221981431,21.6260051727295,37.4208472347226,16.128785274203548,16.738509497855606,21.968551966651233
Ethiopia,ETH,2021,16.6981031,52.8088633217211,0.399382380284272,54.2,893.009835441784,33.9114221981431,22.1067085266113,52.8088633217211,17.807683901607138,16.128785274203548,16.738509497855606
Ethiopia,ETH,2022,17.9836998,56.9642988837987,0.45157652011053,55.0,982.103161502198,33.9114221981431,22.7367687225342,56.9642988837987,20.487319766250742,17.807683901607138,16.128785274203548
Ethiopia,ETH,2023,20.33749962,59.8748744402242,0.534823180349513,55.4,1055.81091593061,33.9114221981431,23.0586471557617,59.8748744402242,20.227162038482824,20.487319766250742,17.807683901607138
Ethiopia,ETH,2024,21.94129944,65.0825091944922,0.593917449513598,56.6,1133.88279681256,33.9114221981431,23.6222839355469,65.0825091944922,20.762234180110525,20.227162038482824,20.487319766250742
Finland,FIN,2004,72.39,95.4066334770936,15.3017856418755,100.0,37768.1334202029,110.782669067383,68.2766596767133,95.4066334770936,82.76241731216356,76.57904238075133,72.73641578319518
Finland,FIN,2005,74.48,100.455921199859,22.3824179644924,100.0,39049.8703780223,111.326103210449,68.5140529517604,100.455921199859,82.79914979071849,82.76241731216356,76.57904238075133
Finland,FIN,2006,79.66,107.666807120897,27.1350736112454,100.0,41214.0187765069,110.277038574219,68.7588279849327,107.666807120897,84.35085916460298,82.79914979071849,82.76241731216356
Finland,FIN,2007,80.78,114.961871609523,30.5745635514142,100.0,48473.0240091455,109.042900085449,69.0200377316963,114.961871609523,84.3451209808866,84.35085916460298,82.79914979071849
Finland,FIN,2008,83.67,128.543485621291,30.4514435922766,100.0,53769.4726240385,108.298301696777,69.2943672196361,128.543485621291,85.2484729587148,84.3451209808866,84.35085916460298
Finland,FIN,2009,82.49,144.225654334936,29.3246343411397,100.0,47478.3495310999,107.702293395996,69.546259966947,144.225654334936,84.01364001182598,85.2484729587148,84.3451209808866
Finland,FIN,2010,86.89,156.432080695834,29.0751116373162,100.0,46506.2919016566,108.609390258789,69.7855798796947,150.0,86.44945838611834,84.01364001182598,85.2484729587148
Finland,FIN,2011,88.70999491353,165.916854869706,29.8056452931485,100.0,51060.3242589767,109.248931884766,70.0583261874252,150.0,90.11403985712653,86.44945838611834,84.01364001182598
Finland,FIN,2012,89.879997974222,172.147209506663,30.4323757921866,100.0,47551.6740841369,109.962677001953,70.3661363168712,150.0,90.34095584323177,90.11403985712653,86.44945838611834
Finland,FIN,2013,91.5144,136.259014207069,31.6268291557372,100.0,49691.0145200739,145.653442382812,70.6742118159277,136.259014207069,85.9387129675585,90.34095584323177,90.11403985712653
Finland,FIN,2014,86.5303927529377,139.198825856641,32.1970293411336,100.0,50073.7760815871,147.413314819336,70.9879168940753,139.198825856641,85.40975643628394,85.9387129675585,90.34095584323177
Finland,FIN,2015,86.4221333325445,134.974123663686,31.5690938053918,100.0,42560.3456767103,150.819213867188,71.3054930040604,134.974123663686,85.5176607768282,85.40975643628394,85.9387129675585
Finland,FIN,2016,87.7036499599455,131.382780978293,31.152937083259,100.0,43451.2562442158,152.471435546875,71.6158383428171,131.382780978293,85.35228296960274,85.5176607768282,85.40975643628394
Finland,FIN,2017,87.4689290730615,129.983392624641,31.0435197469463,100.0,46085.0174739036,153.583709716797,71.9563038312956,129.983392624641,81.89522595669774,85.35228296960274,85.5176607768282
Finland,FIN,2018,88.8899599985585,129.629119305202,31.491717515124,100.0,49654.2497035329,153.651428222656,72.3423467740343,129.629119305202,85.6637503644234,81.89522595669774,85.35228296960274
Finland,FIN,2019,89.6073851129779,129.487723024493,32.5439773811208,100.0,48358.1807773701,144.613204956055,72.7431214358314,129.487723024493,84.77336489551067,85.6637503644234,81.89522595669774
Finland,FIN,2020,92.17027106,128.761294644181,33.3838974597133,100.0,48828.6846862799,143.122909545898,73.0849439791673,128.761294644181,85.55850261649395,84.77336489551067,85.6637503644234
Finland,FIN,2021,92.80806082,129.036333202492,33.6396818306917,100.0,53099.1351400148,143.361343383789,73.3710215780329,129.036333202492,85.62900526596732,85.55850261649395,84.77336489551067
Finland,FIN,2022,92.98879471,128.023293416281,34.2951599474189,100.0,50440.560224974,144.852462768555,73.6967597835949,128.023293416281,86.01836506564773,85.62900526596732,85.55850261649395
Finland,FIN,2023,93.51385075,127.47302579722,35.3318092510781,100.0,52864.6931581216,142.861724853516,74.0062548602828,127.47302579722,85.96394145160345,86.01836506564773,85.62900526596732
Finland,FIN,2024,93.72405196,125.860954798649,36.4765341417867,100.0,53155.5451165897,142.395156860352,74.2637190463636,125.860954798649,86.01599340714304,85.96394145160345,86.01836506564773
Fiji,FJI,2004,7.4129434854202,16.2620687446676,,80.6,3097.19096651759,80.5614318847656,49.4772922157817,16.2620687446676,27.8016569527447,26.569445207179864,26.192954295629505
Fiji,FJI,2005,8.45363663371359,23.2326471958195,0.793309904247495,81.6,3377.69126953493,80.5614318847656,49.8421361321385,23.2326471958195,23.663000036077197,27.8016569527447,26.569445207179864
Fiji,FJI,2006,9.6000384001536,31.9712702094085,0.954664659998989,82.6,3455.10599907349,79.7871704101562,50.2294752725468,31.9712702094085,25.363786908836307,23.663000036077197,27.8016569527447
Fiji,FJI,2007,10.89780045,59.0364344331679,1.28086323499274,88.9,3762.74692789299,79.2860107421875,50.6494569776975,59.0364344331679,30.828310520637977,25.363786908836307,23.663000036077197
Fiji,FJI,2008,13.0,66.4158361919816,1.44244126902952,86.2,3899.92231512129,79.2769012451172,51.0979752573339,66.4158361919816,32.171335925432096,30.828310520637977,25.363786908836307
Fiji,FJI,2009,17.0,70.5437045806011,1.41418082776424,85.6,3164.13275408169,79.3391189575195,51.5628013169579,70.5437045806011,34.0803344612121,32.171335925432096,30.828310520637977
Fiji,FJI,2010,20.0,76.6592085622115,2.5537691985778,92.4,3449.14452883369,79.3391189575195,52.0415147785104,76.6592085622115,37.83004760928409,34.0803344612121,32.171335925432096
Fiji,FJI,2011,28.0,79.6285606945976,2.54658051739944,92.5,4139.60288609702,83.9304962158203,52.5335449475105,79.6285606945976,41.58057157380091,37.83004760928409,34.0803344612121
Fiji,FJI,2012,33.74240112,93.8673192570263,1.47729086103891,92.6,4341.40338748749,82.1471405029297,53.0383211294771,93.8673192570263,45.03384602424596,41.58057157380091,37.83004760928409
Fiji,FJI,2013,35.20000076,101.533690110351,1.19244569772315,91.8,4572.44377544245,82.1471405029297,53.5552726299291,101.533690110351,46.0168879816513,45.03384602424596,41.58057157380091
Fiji,FJI,2014,37.40000153,95.4871755750148,1.35431594893116,93.0,5293.35676680464,88.1849686883865,54.0838287543856,95.4871755750148,46.03464177393912,46.0168879816513,45.03384602424596
Fiji,FJI,2015,42.5,105.157101519958,1.38627313086096,93.2,5097.53106864695,87.836769819804,54.6234188083653,105.157101519958,49.504995225340394,46.03464177393912,46.0168879816513
Fiji,FJI,2016,49.41999817,113.655748798367,1.34165101842322,93.4,5363.79026679243,89.18202295018,55.1734720973874,113.655748798367,53.59173759350685,49.504995225340394,46.03464177393912
Fiji,FJI,2017,53.6473999,112.533863613853,1.32080338804844,96.0,5826.84814459328,89.18202295018,55.7408343449609,112.533863613853,54.85748644882099,53.59173759350685,49.504995225340394
Fiji,FJI,2018,58.2364006,110.665300159184,2.08214309077826,95.1,6085.41979485376,92.0806759919252,56.2328347385698,110.665300159184,56.50586759459763,54.85748644882099,53.59173759350685
Fiji,FJI,2019,63.21789932,112.580732955222,2.34495829594305,96.1,5842.07344577597,91.8760588497548,56.70989552257,112.580732955222,59.19143602606573,56.50586759459763,54.85748644882099
Fiji,FJI,2020,68.62560272,108.365037711907,2.52053908190823,97.1,4620.6457238014,91.541633605957,57.186684691874,108.365037711907,60.4712869113243,59.19143602606573,56.50586759459763
Fiji,FJI,2021,70.56800079,108.158405429846,2.51573287546457,92.1,4536.73312110335,93.95505855048,57.6618364761928,108.158405429846,59.47024783341264,60.4712869113243,59.19143602606573
Fiji,FJI,2022,72.56549835,111.749120643187,2.53376577893503,92.0,5414.12092119088,95.3068339697491,58.1352701465266,111.749120643187,61.43141376085468,59.47024783341264,60.4712869113243
Fiji,FJI,2023,74.1160965,361.048644963723,1.82947481185312,99.3,5926.20586394763,98.540177642079,58.6069049738768,150.0,69.34284850306864,61.43141376085468,59.47024783341264
Fiji,FJI,2024,74.7052002,574.152332512188,1.80009560888215,95.9,6425.74151715712,98.0927630329298,59.0766602292457,150.0,68.63027632565638,69.34284850306864,61.43141376085468
France,FRA,2004,39.15,72.8137640376017,10.7249832599777,100.0,33644.9282220364,102.220016479492,77.4900500011961,72.8137640376017,59.46153840814129,53.89364850025946,49.824205378120965
France,FRA,2005,42.87,78.0332251997857,15.368754696955,100.0,34696.3718316971,106.781677246094,77.4363315105438,78.0332251997857,60.50380472181267,59.46153840814129,53.89364850025946
France,FRA,2006,46.87,83.2588797411526,20.4851461497772,100.0,36431.5658906555,106.927520751953,77.3467240068648,83.2588797411526,62.86914974562529,60.50380472181267,59.46153840814129
France,FRA,2007,66.09,88.6688088543201,25.227270073495,100.0,41486.1907828787,106.69352722168,77.2457976606157,88.6688088543201,71.98616839021423,62.86914974562529,60.50380472181267
France,FRA,2008,70.68,92.3412305697068,28.4006786217117,100.0,45464.8181385158,106.432838439941,77.1561901569367,92.3412305697068,73.90859938708358,71.98616839021423,62.86914974562529
France,FRA,2009,71.58,91.7782383081746,31.457950669807,100.0,41728.0884164132,106.239227294922,77.1005391809676,91.7782383081746,72.94664843357974,73.90859938708358,71.98616839021423
France,FRA,2010,77.28,91.1185789923179,33.64535986777,100.0,40694.8211697025,106.424942016602,77.0962844808803,91.1185789923179,75.86011311778094,72.94664843357974,73.90859938708358
France,FRA,2011,77.8199989926706,93.8529031474159,35.6937891818337,100.0,43929.7840873812,106.610641479492,77.1182717387509,93.8529031474159,80.38299947411393,75.86011311778094,72.94664843357974
France,FRA,2012,81.44,97.1924631662654,37.4345529509644,100.0,40863.5814412333,105.813583374023,77.1669464919916,97.1924631662654,82.38175104090017,80.38299947411393,75.86011311778094
France,FRA,2013,81.9198,98.347924466483,38.7340855946258,100.0,42669.1795111893,104.376602172852,77.2440721470918,98.347924466483,78.70356199169541,82.38175104090017,80.38299947411393
France,FRA,2014,83.7510996681821,101.132290573498,40.142215573606,100.0,43148.0459288416,103.425827026367,77.3524296788613,101.132290573498,81.59533922730893,78.70356199169541,82.38175104090017
France,FRA,2015,78.0060377071902,102.718366606519,41.387117104083,100.0,36702.4323733379,103.396041870117,77.7610919150066,102.718366606519,81.1991137369307,81.59533922730893,78.70356199169541
France,FRA,2016,79.2698113207547,103.816661597799,42.5277884451476,100.0,37024.2157133669,103.308097839355,78.5999114705779,103.816661597799,82.31228275222645,81.1991137369307,81.59533922730893
France,FRA,2017,80.5024597243607,105.718368398783,43.6242593525939,100.0,38687.1626407164,103.756080627441,78.6467804026368,105.718368398783,79.303078763468,82.31228275222645,81.1991137369307
France,FRA,2018,82.0431867788484,107.482434668386,44.4142292018123,100.0,41418.1766484844,103.773330688477,78.6714432536599,107.482434668386,84.86785641121503,79.303078763468,82.31228275222645
France,FRA,2019,83.3397440866883,109.600780374596,45.2765022757908,100.0,40408.2848574751,104.07689666748,78.6890784549356,109.600780374596,83.84764899577472,84.86785641121503,79.303078763468
France,FRA,2020,84.70639801,110.387215275645,46.471240838575,100.0,39169.8606000707,104.566566467285,78.7119131765249,110.387215275645,84.31513846829925,83.84764899577472,84.86785641121503
France,FRA,2021,86.09548575,113.952719366702,47.6442336298287,100.0,43725.0999521245,104.522842407227,78.7364603392338,113.952719366702,85.30472944185817,84.31513846829925,83.84764899577472
France,FRA,2022,85.33331734,115.950519429629,48.250226559098,100.0,40988.6396406579,104.316436767578,78.7591921123356,115.950519429629,85.9169413163935,85.30472944185817,84.31513846829925
France,FRA,2023,86.83635789,116.687800394775,48.6688340139444,100.0,44700.1384177544,103.962417602539,78.7804323126547,116.687800394775,85.9992522047645,85.9169413163935,85.30472944185817
France,FRA,2024,88.65381638,116.687800394775,48.9251978969333,100.0,46103.0840855884,103.78540802002,78.7999750964116,,90.76127708008798,85.9992522047645,85.9169413163935
"Micronesia, Fed. Sts.",FSM,2004,11.0178673081514,11.4201474201474,0.0232298414116596,53.5,2104.42796515524,85.3729476928711,22.3299999237061,11.4201474201474,17.55013522829237,15.42544549447894,15.901703328615255
"Micronesia, Fed. Sts.",FSM,2005,11.88140011,12.650342871504,0.0412881915772089,55.2,2216.9963738197,87.2520217895508,22.3299999237061,12.650342871504,17.86213936535399,17.55013522829237,15.42544549447894
"Micronesia, Fed. Sts.",FSM,2006,12.75030041,16.8122172150024,0.0857950491741098,57.0,2257.76445195026,87.2520217895508,22.3275140420008,16.8122172150024,19.02327097436715,17.86213936535399,17.55013522829237
"Micronesia, Fed. Sts.",FSM,2007,13.62110043,24.9690571532581,0.105569712413542,58.7,2302.51183108846,87.2520217895508,22.3208324539882,24.9690571532581,20.73448734505206,19.02327097436715,17.86213936535399
"Micronesia, Fed. Sts.",FSM,2008,14.49,25.2441800690314,,60.5,2395.90218109716,87.2520217895508,22.3111192453232,25.2441800690314,26.956182909682003,20.73448734505206,19.02327097436715
"Micronesia, Fed. Sts.",FSM,2009,15.35,25.4731050325593,,62.2,2565.83639782506,87.2520217895508,22.2995385016606,25.4731050325593,27.622456134671957,26.956182909682003,20.73448734505206
"Micronesia, Fed. Sts.",FSM,2010,20.0,25.588618188581,0.92802678073275,64.5,2715.26873721406,87.2520217895508,22.2903529875138,25.588618188581,24.556181996073175,27.622456134671957,26.956182909682003
"Micronesia, Fed. Sts.",FSM,2011,22.79999924,25.6272168471095,,66.3,2859.8488365615,87.2520217895508,22.2914664135472,25.6272168471095,31.87269503374508,24.556181996073175,27.622456134671957
"Micronesia, Fed. Sts.",FSM,2012,25.97439957,28.9303920659931,,67.8,3003.05867086848,87.2520217895508,22.2942568788425,28.9303920659931,33.63022649813994,31.87269503374508,24.556181996073175
"Micronesia, Fed. Sts.",FSM,2013,27.79999924,29.0350625687887,1.90804746533976,69.4,2904.1536796737,87.2520217895508,22.2986323961146,29.0350625687887,28.01980947848974,33.63022649813994,31.87269503374508
"Micronesia, Fed. Sts.",FSM,2014,29.64999962,29.0350625687887,2.8525037824274,71.2,2915.23672460238,87.2520217895508,22.3046193122479,,33.52856941178196,28.01980947848974,33.63022649813994
"Micronesia, Fed. Sts.",FSM,2015,31.50110054,20.7007248243129,3.0142757275838,73.0,2869.86276169101,87.2520217895508,22.3122336099411,20.7007248243129,28.84946875079163,33.52856941178196,28.01980947848974
"Micronesia, Fed. Sts.",FSM,2016,33.35219955,21.4641301856521,2.90534036213614,74.8,2997.93719917488,87.2520217895508,22.3214896137555,21.4641301856521,29.888389484815633,28.84946875079163,33.52856941178196
"Micronesia, Fed. Sts.",FSM,2017,35.30410004,21.1123391273372,3.44900028315415,76.5,3297.37580036719,87.2520217895508,22.332401189542,21.1123391273372,29.724127968686965,29.888389484815633,28.84946875079163
"Micronesia, Fed. Sts.",FSM,2018,36.61460114,21.1123391273372,,78.3,3584.78377566896,87.2520217895508,22.3449820355433,,48.33593033175883,29.724127968686965,29.888389484815633
"Micronesia, Fed. Sts.",FSM,2019,37.97370148,20.8556246712972,4.533831450282,80.1,3581.72684572278,87.2520217895508,22.359245777081,20.8556246712972,31.954495293127756,48.33593033175883,29.724127968686965
"Micronesia, Fed. Sts.",FSM,2020,39.38330078,19.8348299614122,5.40949908038516,81.9,3362.02802120524,87.2520217895508,22.3752060036598,19.8348299614122,32.07654517971238,31.954495293127756,48.33593033175883
"Micronesia, Fed. Sts.",FSM,2022,39.0279007,19.9885830493962,5.81818506163369,85.3,3703.66680343222,87.2520217895508,22.4122701819053,19.9885830493962,32.56390506320542,32.07654517971238,31.954495293127756
"Micronesia, Fed. Sts.",FSM,2023,39.39889908,19.9885830493962,,86.9,3933.01607031874,87.2520217895508,22.4334012451903,,51.538049266484684,32.56390506320542,32.07654517971238
"Micronesia, Fed. Sts.",FSM,2024,39.52360153,19.9885830493962,,88.9,4251.69052668788,87.2520217895508,22.4562830235421,,51.61825457560545,51.538049266484684,32.56390506320542
Gabon,GAB,2004,2.97906980035019,34.4234596151262,0.0457228394023955,79.2,5465.79193590708,49.4348793029785,82.7355438220611,34.4234596151262,22.919620751641443,20.51378077048638,25.50128256985034
Gabon,GAB,2005,4.89326474972412,50.3377189536008,0.104544258777789,81.6,6547.87613955186,49.4348793029785,83.4326746392243,50.3377189536008,25.178322078407447,22.919620751641443,20.51378077048638
Gabon,GAB,2006,5.48920080280135,59.534904998021,0.116883693763396,80.5,6847.00985685394,49.4348793029785,84.0852434737431,59.534904998021,26.332215558876467,25.178322078407447,22.919620751641443
Gabon,GAB,2007,5.767000198,75.1170933476071,0.127422751161937,81.3,8003.54289696049,49.4348793029785,84.6900183387136,75.1170933476071,28.637341241142103,26.332215558876467,25.178322078407447
Gabon,GAB,2008,7.5,80.887271143466,0.136886151165866,82.0,9688.64519690633,49.4348793029785,85.2437672472316,80.887271143466,30.34939801800288,28.637341241142103,26.332215558876467
Gabon,GAB,2009,9.5,87.2675973605464,0.222502280994441,82.7,7290.57526093114,49.4348793029785,85.7432582123932,87.2675973605464,32.12219262309908,30.34939801800288,28.637341241142103
Gabon,GAB,2010,13.0,93.6112366044355,0.237342278148637,89.3,8356.74662013345,49.4348793029785,86.1852592472945,93.6112366044355,35.71156709926453,32.12219262309908,30.34939801800288
Gabon,GAB,2011,18.0,133.010491109633,0.252527378176584,88.7,10219.1139339454,49.4348793029785,86.5665383650315,133.010491109633,42.79885927610685,35.71156709926453,32.12219262309908
Gabon,GAB,2012,24.0,138.488452744047,0.270725528171969,89.3,9296.96587941088,49.4348793029785,86.8838635787001,138.488452744047,46.0135651538007,42.79885927610685,35.71156709926453
Gabon,GAB,2013,30.53800011,143.499442515887,0.465223498072982,86.4,9197.70106323947,49.4348793029785,87.1482480671637,143.499442515887,48.77584441440396,46.0135651538007,42.79885927610685
Gabon,GAB,2014,38.07120132,148.237590091786,0.545895949199327,87.1,9201.36276648105,49.4348793029785,87.6236017962969,148.237590091786,52.510357087521,48.77584441440396,46.0135651538007
Gabon,GAB,2015,45.78450012,138.244498133013,0.542972059134077,87.3,7047.12654634355,49.4348793029785,88.085308383892,138.244498133013,54.19139109337411,52.510357087521,48.77584441440396
Gabon,GAB,2016,48.0522995,141.050208874326,0.715038665794413,88.1,6677.07003901644,49.4348793029785,88.5445883406178,141.050208874326,55.75244549333506,54.19139109337411,52.510357087521
Gabon,GAB,2017,51.60490036,123.475497241411,0.683712735870926,86.3,6921.73373135624,49.4348793029785,89.0009733256896,123.475497241411,53.483650128612254,55.75244549333506,54.19139109337411
Gabon,GAB,2018,55.42020035,132.465314660912,0.953117951397584,89.6,7624.2775233771,49.4348793029785,89.4539949981866,132.465314660912,57.00453740774127,53.483650128612254,55.75244549333506
Gabon,GAB,2019,59.51760101,131.975264871196,1.07496298020996,90.3,7441.1786472281,70.2639966402203,89.9031850170394,131.975264871196,58.951241744342184,57.00453740774127,53.483650128612254
Gabon,GAB,2020,63.91790009,131.301562643297,1.9206136043356,91.1,6605.80346077904,70.2639966402203,90.3480750410147,131.301562643297,60.44420505751624,58.951241744342184,57.00453740774127
Gabon,GAB,2021,65.76809692,132.30865873249,2.65142494578668,91.8,8181.40914134398,70.2639966402203,90.7881967286967,132.30865873249,61.4668734940216,60.44420505751624,58.951241744342184
Gabon,GAB,2022,67.67169952,123.233187164275,3.3054859267542,93.5,8409.20741452279,70.2639966402203,91.2243355459988,123.233187164275,61.703808721713045,61.4668734940216,60.44420505751624
Gabon,GAB,2023,68.19789886,122.606627765979,3.97293291301595,94.1,7802.82433276138,70.2639966402203,91.6375962797313,122.606627765979,61.657913241356205,61.703808721713045,61.4668734940216
Gabon,GAB,2024,68.72090149,125.337107593999,4.6941021334787,95.1,8230.04311451151,70.2639966402203,91.8632094677575,125.337107593999,62.43185050585477,61.657913241356205,61.703808721713045
United Kingdom,GBR,2004,65.61,99.198849485824,10.1776805029659,100.0,40504.4118103928,104.942939758301,80.3423284929998,99.198849485824,76.06537995510493,70.81711697860786,66.23087329584695
United Kingdom,GBR,2005,70.0,108.045990346443,16.3354600265746,100.0,42240.2462987547,105.705047607422,80.4455938127627,108.045990346443,77.65120378982036,76.06537995510493,70.81711697860786
United Kingdom,GBR,2006,68.82,114.785700646085,21.3149333572958,100.0,44695.161023424,98.4682769775391,80.5464353583991,114.785700646085,77.35532759027704,77.65120378982036,76.06537995510493
United Kingdom,GBR,2007,75.09,119.988923530842,25.3608241894096,100.0,50629.0799172887,97.7785186767578,80.6483331957387,119.988923530842,80.21805614673363,77.35532759027704,77.65120378982036
United Kingdom,GBR,2008,78.39,120.819267888243,27.9071011080185,100.0,47652.4030691881,98.8158798217773,80.7547673906116,120.819267888243,80.93818212158078,80.21805614673363,77.35532759027704
United Kingdom,GBR,2009,83.56,122.357496035675,28.6007077119006,100.0,39009.3715547821,100.634750366211,80.8692180088478,122.357496035675,81.30891599630831,80.93818212158078,80.21805614673363
United Kingdom,GBR,2010,85.0,121.780844361683,30.3960911450969,100.0,39778.3220528565,103.461151123047,80.995165116277,121.780844361683,82.26443048344562,81.30891599630831,80.93818212158078
United Kingdom,GBR,2011,85.3799985496322,121.49766447536,32.4187258603211,100.0,42295.9273835322,94.1645202636719,81.1359685592627,121.49766447536,85.94807058350204,82.26443048344562,81.30891599630831
United Kingdom,GBR,2012,87.4799984242111,122.465231814068,33.9047903389849,100.0,42688.3263728372,92.5272903442383,81.2905667759508,122.465231814068,86.95341517858999,85.94807058350204,82.26443048344562
United Kingdom,GBR,2013,89.8441,122.184696024755,35.7819878642114,100.0,43607.6636827371,126.064338684082,81.4573768694887,122.184696024755,84.5246814853684,86.95341517858999,85.94807058350204
United Kingdom,GBR,2014,91.6133009176453,120.958261038047,36.5828488416012,100.0,47746.9810645521,128.822494506836,81.6355750750722,120.958261038047,86.43433424863747,84.5246814853684,86.95341517858999
United Kingdom,GBR,2015,92.0002998740234,121.211739725133,37.7214944577347,100.0,45256.040227057,126.110870361328,81.8243772295647,121.211739725133,88.2332265567501,86.43433424863747,84.5246814853684
United Kingdom,GBR,2016,94.7758006318882,119.786558760596,38.6588569366885,100.0,41258.5374285695,126.110870361328,82.0229991698295,119.786558760596,89.53977150290842,88.2332265567501,86.43433424863747
United Kingdom,GBR,2017,90.4245504868553,119.206737402819,39.2489467665261,100.0,40918.0520870944,125.62979888916,82.23065673273,119.206737402819,84.07901086662008,89.53977150290842,88.2332265567501
United Kingdom,GBR,2018,90.692008988783,118.184381927412,39.8293995840604,100.0,43704.3162296687,120.088279724121,82.4465657551295,118.184381927412,88.18571456237625,84.07901086662008,89.53977150290842
United Kingdom,GBR,2019,92.5166285497138,120.250108782533,40.022769455921,100.0,43160.6843971799,117.156600952148,82.6699420738913,120.250108782533,87.32669426775519,88.18571456237625,84.07901086662008
United Kingdom,GBR,2020,94.81820132,117.304850715261,40.5775246507294,100.0,40815.1255364787,114.617248535156,82.9000015258789,117.304850715261,87.55235947222988,87.32669426775519,88.18571456237625
United Kingdom,GBR,2021,96.19650269,117.887430294308,41.1134869970784,100.0,47695.6491523474,113.719017028809,82.9886431523641,117.887430294308,87.92420850583352,87.55235947222988,87.32669426775519
United Kingdom,GBR,2022,95.46530151,119.833999505569,41.2867157729584,100.0,47034.7795621476,113.202857971191,83.0753982997505,119.833999505569,88.35727563603645,87.92420850583352,87.55235947222988
United Kingdom,GBR,2023,95.44719696,122.781542240418,41.4367685540411,100.0,49919.6896621586,112.120048522949,83.1601932891335,122.781542240418,88.1726298651776,88.35727563603645,87.92420850583352
United Kingdom,GBR,2024,95.4720993,121.643331373201,42.1648283773461,100.0,53341.3131094262,112.120048522949,83.2429544416085,121.643331373201,88.06592130372225,88.1726298651776,88.35727563603645
Georgia,GEO,2004,3.88622135350273,20.7255885187471,0.0468433383718686,99.9,1305.04748557208,90.6913909912109,52.7173199317225,20.7255885187471,25.345830237600026,24.17911036966346,23.10559209171018
Georgia,GEO,2005,6.079500198,29.1671582469622,0.0593622015776437,97.9,1642.78359414797,95.7935409545898,53.0036280624359,29.1671582469622,26.2334010656163,25.345830237600026,24.17911036966346
Georgia,GEO,2006,7.52687684487832,42.6335344297177,0.675575759440984,100.0,1996.02013272284,98.6351013183594,53.3593916521584,42.6335344297177,29.289571442354337,26.2334010656163,25.345830237600026
Georgia,GEO,2007,8.26,65.5237562348932,1.17791908942204,100.0,2635.36650276116,107.933776855469,53.7706073945741,65.5237562348932,32.772487441337724,29.289571442354337,26.2334010656163
Georgia,GEO,2008,10.01000023,69.9048638801176,2.84510154914943,100.0,3324.7537205015,110.87841796875,54.2232719833673,69.9048638801176,34.64076672859542,32.772487441337724,29.289571442354337
Georgia,GEO,2009,20.06999969,72.3920059015943,3.82756464054958,100.0,2822.68939668797,106.653327941895,54.7033821122222,72.3920059015943,39.35486071875377,34.64076672859542,32.772487441337724
Georgia,GEO,2010,26.9,102.112900017326,4.68263634438548,100.0,3281.72930937343,106.653327941895,55.1969344748228,102.112900017326,46.496478857399744,39.35486071875377,34.64076672859542
Georgia,GEO,2011,31.52000046,114.516931163867,6.42340988915208,100.0,4119.66818307193,106.653327941895,55.6899257648533,114.516931163867,51.02517715426947,46.496478857399744,39.35486071875377
Georgia,GEO,2012,36.93999863,122.384147980521,12.0611334421058,100.0,4530.69533409431,106.653327941895,56.1683526759979,122.384147980521,56.426150037726835,51.02517715426947,46.496478857399744
Georgia,GEO,2013,43.3,131.083096511666,13.5708594493486,100.0,4712.00229382665,107.038832287684,56.6182119019407,131.083096511666,59.30240454692333,56.426150037726835,51.02517715426947
Georgia,GEO,2014,49.1024547144647,142.390867606876,15.8407410024372,100.0,4830.33486170249,105.757088910744,57.0237612994258,142.390867606876,64.48619735859984,59.30240454692333,56.426150037726835
Georgia,GEO,2015,47.5697596438736,146.396495596946,16.7646515047976,100.0,4086.6223465965,106.764155546761,57.3803800455672,146.396495596946,65.30167542025828,64.48619735859984,59.30240454692333
Georgia,GEO,2016,58.4592896118725,145.88058671059,17.9595929069632,100.0,4143.40125686315,107.779901789534,57.6984032005062,145.88058671059,70.18328142676077,65.30167542025828,64.48619735859984
Georgia,GEO,2017,59.7055045962571,145.072490171662,20.4644306577176,100.0,4418.75206546679,109.523203664239,57.9996827205757,145.072490171662,69.39284144180021,70.18328142676077,65.30167542025828
Georgia,GEO,2018,62.7179081974285,143.858127681082,22.5911406351247,99.9,4804.0546040444,111.616827005361,58.3038181862576,143.858127681082,73.11491800053172,69.39284144180021,70.18328142676077
Georgia,GEO,2019,68.8467135616978,141.755414275788,24.6806060596483,100.0,4741.2832715876,111.900853903077,58.6304091780343,141.755414275788,75.18245319369345,73.11491800053172,69.39284144180021
Georgia,GEO,2020,72.53157487,134.366007864735,25.5120429077493,100.0,4300.85701291207,108.06699476725,58.9990552763878,134.366007864735,75.15495032809525,75.18245319369345,73.11491800053172
Georgia,GEO,2021,76.4427093,146.566472682371,26.6463786914494,100.0,5083.60695484577,106.201856681079,59.4293560618005,146.566472682371,79.01698354842304,75.15495032809525,75.18245319369345
Georgia,GEO,2022,78.71127536,154.013561773213,28.3337075311796,100.0,6729.84659930283,103.710205488304,60.0101622679115,150.0,81.08982256646482,79.01698354842304,75.15495032809525
Georgia,GEO,2023,81.88425624,155.249965068869,29.3086367614167,100.0,8283.66960652261,103.183588288651,60.7523077799724,150.0,82.68299994580582,81.08982256646482,79.01698354842304
Georgia,GEO,2024,83.79855689,161.201784818537,30.4157660721649,100.0,8967.67525638987,100.959315536762,61.0789605093733,150.0,83.83554282363717,82.68299994580582,81.08982256646482
Ghana,GHA,2004,1.71679770389504,7.75094614130464,0.00411554662370158,50.8,406.132105329565,36.1445503234863,46.7572004525685,7.75094614130464,11.92497350626019,13.230327082635995,12.489736329355651
Ghana,GHA,2005,1.83119746104616,12.8045967119533,0.00848128135768922,41.2,478.611909191028,38.1276893615723,47.4528437795757,12.8045967119533,10.343686932801399,11.92497350626019,13.230327082635995
Ghana,GHA,2006,2.72317597313987,22.6001881366288,0.055332515476308,55.1,906.441027564887,39.8474884033203,48.1388926229785,22.6001881366288,14.900549765637319,10.343686932801399,11.92497350626019
Ghana,GHA,2007,3.85,32.1629441899404,0.068508623893661,56.9,1050.12461524926,43.759521484375,48.8125122665918,32.1629441899404,16.98530749827686,14.900549765637319,10.343686932801399
Ghana,GHA,2008,4.27,47.7132196500561,0.0947630976167947,60.5,1182.65761256016,46.0595817565918,49.4708679942306,47.7132196500561,20.108126898451808,16.98530749827686,14.900549765637319
Ghana,GHA,2009,5.44,60.7694975888344,0.114231524023331,61.1,1047.70430093586,47.9277191162109,50.1111250897099,60.7694975888344,22.376186723016488,20.108126898451808,16.98530749827686
Ghana,GHA,2010,7.8,68.4473107845556,0.204455388509399,64.2,1263.89251760539,47.9277191162109,50.7296926788704,68.4473107845556,24.784454199056345,22.376186723016488,20.108126898451808
Ghana,GHA,2011,9.0,81.1104488323626,0.249660012642992,64.1,1507.43573198753,55.6069297790527,51.3304086646488,81.1104488323626,26.80429700728744,24.784454199056345,22.376186723016488
Ghana,GHA,2012,10.6,95.8261770997433,0.254848945181518,56.5,1543.77524235764,56.7326017795109,51.9197918381031,95.8261770997433,27.61804936822147,26.80429700728744,24.784454199056345
Ghana,GHA,2013,15.0,102.337999297675,0.251203224924326,70.7,2294.79584693743,68.1991424560547,52.4985794475913,102.337999297675,33.00018031405827,27.61804936822147,26.80429700728744
Ghana,GHA,2014,19.0,108.270496910446,0.250235435990938,78.3,1949.90832923846,63.974569978053,53.0663398797148,108.270496910446,36.85693708335851,33.00018031405827,27.61804936822147
Ghana,GHA,2015,23.0,121.997156544235,0.254850246382187,74.0,1722.77282833606,67.0486566518056,53.6226415210752,121.997156544235,39.49709007181903,36.85693708335851,33.00018031405827
Ghana,GHA,2016,28.0,130.481366086196,0.294978237026438,79.3,1912.47991339951,67.2644101341977,54.167052758274,130.481366086196,43.882347905594074,39.49709007181903,36.85693708335851
Ghana,GHA,2017,37.88420105,122.471765695646,0.189313949042323,79.0,2012.28662641265,66.6359450193038,54.6991419779128,122.471765695646,45.98987449482745,43.882347905594074,39.49709007181903
Ghana,GHA,2018,43.0,133.609992432498,0.199976597372149,80.4,2195.32166016377,68.2222557975165,55.218477566593,133.609992432498,49.70309368995246,45.98987449482745,43.882347905594074
Ghana,GHA,2019,22.0732,130.70523333401,0.187204014722826,83.5,2186.65822682613,71.1877006008423,55.7246279109161,130.70523333401,41.51912593501693,49.70309368995246,45.98987449482745
Ghana,GHA,2020,62.51760101,126.887391353856,0.245771040587956,85.4,2195.45481659987,74.0102186341371,56.2171613974837,126.887391353856,57.302720320517196,41.51912593501693,49.70309368995246
Ghana,GHA,2021,68.6,124.402625384529,0.352237707175248,86.3,2445.18662529344,76.2084742091088,56.6952556826536,124.402625384529,59.28616198875393,57.302720320517196,41.51912593501693
Ghana,GHA,2022,69.91329956,120.803416027053,0.62494509663475,85.1,2229.89122654479,77.8168696801948,57.250609602871,120.803416027053,59.4520438401555,59.28616198875393,57.302720320517196
Ghana,GHA,2023,70.67430115,98.8059221412722,0.555476730525596,89.5,2383.90410476221,77.8168696801948,57.8074737774654,98.8059221412722,56.355567894469786,59.4520438401555,59.28616198875393
Ghana,GHA,2024,72.17569733,113.647966704673,0.664728986034211,91.9,2419.2518672482,75.7174682617188,58.3654868038581,113.647966704673,59.65561246228391,56.355567894469786,59.4520438401555
Guinea,GIN,2004,0.508819332302937,1.70919875542966,,20.2,584.897740538081,24.6455307006836,32.1032575610216,1.70919875542966,4.988020895248806,4.718402598102555,4.6549611443793255
Guinea,GIN,2005,0.542299986,2.04416167956111,,20.2,463.17768685098,29.0273208618164,32.3962712159907,2.04416167956111,4.960909337622135,4.988020895248806,4.718402598102555
Guinea,GIN,2006,0.637499988,2.04416167956111,,22.8,446.980554135013,32.2970886230469,32.6868093037822,,7.225829608801699,4.960909337622135,4.988020895248806
Guinea,GIN,2007,0.780025279059244,20.6990461155083,,24.1,650.148575304743,32.2970886230469,32.9740386596386,20.6990461155083,9.12519832330674,7.225829608801699,4.960909337622135
Guinea,GIN,2008,0.92,27.7809487345525,,25.4,703.532825784369,33.2380905151367,33.2571261188022,27.7809487345525,11.016437760046575,9.12519832330674,7.225829608801699
Guinea,GIN,2009,0.94,34.3962962020929,,26.7,662.185914665575,33.2380905151367,33.5352385165154,34.3962962020929,12.307380754195444,11.016437760046575,9.12519832330674
Guinea,GIN,2010,1.0,38.4760187632153,0.00480950234540191,28.1,659.235326211315,33.2380905151367,33.8075426880206,38.4760187632153,10.147874984555017,12.307380754195444,11.016437760046575
Guinea,GIN,2011,2.0,45.6101779050204,0.00563020265914472,29.5,636.694958747648,36.7464790344238,34.0732054685603,45.6101779050204,11.69530747924998,10.147874984555017,12.307380754195444
Guinea,GIN,2012,3.099999905,51.1345381222737,0.00640932846627242,26.2,699.353377212197,36.8766899108887,34.3313936933767,51.1345381222737,11.829042113035673,11.69530747924998,10.147874984555017
Guinea,GIN,2013,4.5,66.4452768540172,0.00714804394224273,32.2,748.455020824734,36.8766899108887,34.5812741977122,66.4452768540172,15.342843641056348,11.829042113035673,11.69530747924998
Guinea,GIN,2014,6.400000095,75.686895511554,0.00784455645308903,33.5,765.146999389279,38.5548782348633,34.8177920826682,75.686895511554,17.44513170714852,15.342843641056348,11.829042113035673
Guinea,GIN,2015,9.199999809,91.475617974568,0.00849829226816871,34.9,747.356966759448,38.5548782348633,35.0373191833496,91.475617974568,20.975828855760625,17.44513170714852,15.342843641056348
Guinea,GIN,2016,13.10000038,92.0232948978011,0.00911121731661397,33.5,711.996509782316,38.5548782348633,35.3100280761719,92.0232948978011,22.20653816861548,20.975828855760625,17.44513170714852
Guinea,GIN,2017,18.70000076,94.4640894763856,0.00909923323417833,35.4,833.598621691121,38.5548782348633,35.5827331542969,94.4640894763856,24.57668898081369,22.20653816861548,20.975828855760625
Guinea,GIN,2018,21.8300230430563,94.5550074326391,0.00954759210986358,45.0,933.273615633705,38.5548782348633,35.8554382324219,94.5550074326391,27.252752503876515,24.57668898081369,22.20653816861548
Guinea,GIN,2019,23.89049911,98.7621473298315,0.00959004770933655,42.2,1031.34146480732,38.5548782348633,36.1281547546387,98.7621473298315,28.393103872047345,27.252752503876515,24.57668898081369
Guinea,GIN,2020,26.14550018,107.776552007403,0.00747876982911684,44.7,1053.66097696415,38.5548782348633,36.4802208060551,107.776552007403,29.775932193977113,28.393103872047345,27.252752503876515
Guinea,GIN,2021,28.61330032,110.185519681138,0.00729367311055392,46.8,1244.96550477914,38.5548782348633,36.8502178436256,110.185519681138,30.80749509400642,29.775932193977113,28.393103872047345
Guinea,GIN,2022,31.31399918,95.3174629318803,0.00627528568380372,47.7,1416.59612011764,38.5548782348633,37.2384967469106,95.3174629318803,30.340785823313915,30.80749509400642,29.775932193977113
Guinea,GIN,2023,32.31560135,97.8794996455513,,51.1,1555.49375806861,38.5548782348633,37.6454083954705,97.8794996455513,38.4752368624589,30.340785823313915,30.80749509400642
Guinea,GIN,2024,33.30469894,97.8794996455513,,53.8,1694.95375862185,38.5548782348633,38.0713036688655,,33.57202650224004,38.4752368624589,30.340785823313915
"Gambia, The",GMB,2008,6.880000114,64.1491166497603,0.0165029936430468,41.5,859.127671411226,45.2912902832031,54.6431233516671,64.1491166497603,19.58153142334667,16.239710434786293,15.791105277341
"Gambia, The",GMB,2009,7.630000114,70.153818860738,0.0160305906417687,43.2,774.888030908091,46.214469909668,55.3379286345209,70.153818860738,20.899715505060136,19.58153142334667,16.239710434786293
"Gambia, The",GMB,2010,9.2,76.7322734515709,0.0181664356934128,46.8,801.033372714536,45.5351409912109,56.0110896605662,76.7322734515709,22.76538631420044,20.899715505060136,19.58153142334667
"Gambia, The",GMB,2011,10.87030029,70.6308247268856,0.0220286079532852,48.3,710.608411468152,45.5351409912109,56.6696692994225,70.6308247268856,22.785855828195608,22.76538631420044,20.899715505060136
"Gambia, The",GMB,2012,12.44919968,74.6999893299085,0.0244726870129323,49.9,692.579361628102,45.5351409912109,57.3207304207091,74.6999893299085,23.9651608060775,22.785855828195608,22.76538631420044
"Gambia, The",GMB,2013,14.0,87.8808072933996,0.0208192716106891,51.5,653.862713272743,45.5351409912109,57.970305611505,87.8808072933996,26.428926378484825,23.9651608060775,22.785855828195608
"Gambia, The",GMB,2014,15.56000042,105.505264889158,0.126725087409357,53.0,568.00453558864,45.5351409912109,58.6141799655551,105.505264889158,29.703173644178058,26.428926378484825,23.9651608060775
"Gambia, The",GMB,2015,17.59950066,122.078516396055,0.160618270204614,54.7,619.536364296461,45.5351409912109,59.2458499408388,122.078516396055,33.195288340962676,29.703173644178058,26.428926378484825
"Gambia, The",GMB,2016,19.90640068,124.273821038818,0.164202246374305,56.4,650.056501323611,45.5351409912109,59.8652472486563,124.273821038818,34.730400090554895,33.195288340962676,29.703173644178058
"Gambia, The",GMB,2017,22.5156002,126.633674737607,0.17078041097452,56.2,642.522641296331,45.5351409912109,60.471712657237,126.633674737607,35.53554991139035,34.730400090554895,33.195288340962676
"Gambia, The",GMB,2018,28.30900002,132.57837035012,0.184736659621142,60.3,696.219806960615,45.5351409912109,61.0645869348107,132.57837035012,39.104247919281576,35.53554991139035,34.730400090554895
"Gambia, The",GMB,2019,31.11829948,105.204644657943,0.203513124968455,62.1,738.186751987483,45.5351409912109,61.643210849607,105.204644657943,36.714850132807854,39.104247919281576,35.53554991139035
"Gambia, The",GMB,2020,36.01100159,106.448259811355,0.198749231337348,62.2,720.335143352133,45.5351409912109,62.2069251698555,106.448259811355,37.70932750697297,36.714850132807854,39.104247919281576
"Gambia, The",GMB,2021,41.67309952,108.847403542688,0.194098625393535,63.7,781.890925169531,107.027125590442,62.7550706637859,108.847403542688,40.01747863415625,37.70932750697297,36.714850132807854
"Gambia, The",GMB,2022,48.22539902,106.782250509204,0.215818879031432,65.4,836.244875868476,107.027125590442,63.2869880996278,106.782250509204,43.41187828190579,40.01747863415625,37.70932750697297
"Gambia, The",GMB,2023,48.72829819,117.115660832998,0.502141524068284,66.9,883.024111978927,107.027125590442,63.8020182456108,117.115660832998,44.92515158478911,43.41187828190579,40.01747863415625
"Gambia, The",GMB,2024,49.49430084,126.243773523653,0.518552979215852,69.0,871.340287547821,107.027125590442,64.2994103409645,126.243773523653,46.65336653683211,44.92515158478911,43.41187828190579
Guinea-Bissau,GNB,2005,1.90139997,7.15301628202391,,5.2,463.073962650452,32.1273002624512,38.3801443659997,7.15301628202391,2.721638739344673,1.7941655161526007,0.8346690244388819
Guinea-Bissau,GNB,2006,2.057199955,11.1163475241697,,14.5,448.513075469701,34.3966407775879,38.6871193165452,11.1163475241697,5.864788537518526,2.721638739344673,1.7941655161526007
Guinea-Bissau,GNB,2007,2.20630002,20.4152900165818,,7.9,519.069789794741,34.3966407775879,39.0030975009025,20.4152900165818,5.691503382195775,5.864788537518526,2.721638739344673
Guinea-Bissau,GNB,2008,2.35488871087933,33.6114146395225,,9.3,640.210331101753,34.3966407775879,39.3320535671181,33.6114146395225,8.705422336566958,5.691503382195775,5.864788537518526
Guinea-Bissau,GNB,2009,2.30328059172582,36.7107863915664,,4.7,583.190020139094,34.3966407775879,39.6716434222135,36.7107863915664,7.8239611004887895,8.705422336566958,5.691503382195775
Guinea-Bissau,GNB,2010,2.450000048,43.2448876270711,0.0510742511078324,6.0,600.194298540768,34.3966407775879,40.0095596313477,43.2448876270711,6.758954345329067,7.8239611004887895,8.705422336566958
Guinea-Bissau,GNB,2011,2.671999931,45.5596626030113,0.0621861155816019,13.5,719.539573498937,34.3966407775879,40.4391136169434,45.5596626030113,8.66136123704217,6.758954345329067,7.8239611004887895
Guinea-Bissau,GNB,2012,2.894000053,63.5328932668127,0.0728465311910922,14.9,635.461653303881,34.3966407775879,40.8686027526855,63.5328932668127,11.173840909370607,8.66136123704217,6.758954345329067
Guinea-Bissau,GNB,2013,3.099999905,55.420045012509,0.0856145705149787,16.3,654.304534409417,34.3966407775879,41.2976379394531,55.420045012509,9.884048112121015,11.173840909370607,8.66136123704217
Guinea-Bissau,GNB,2014,3.319999933,63.654183911294,0.0801207497234542,17.2,652.022501029449,34.3966407775879,41.7271995544434,63.654183911294,11.034339774606789,9.884048112121015,11.173840909370607
Guinea-Bissau,GNB,2015,6.099999905,69.3267736083208,0.0588315307897139,20.1,645.066837207039,34.3966407775879,42.1568145751953,69.3267736083208,13.323047742140083,11.034339774606789,9.884048112121015
Guinea-Bissau,GNB,2016,13.80000019,70.1915996185367,0.0483652702423122,22.9,679.665386626818,34.3966407775879,42.586109161377,70.1915996185367,17.008909020337917,13.323047742140083,11.034339774606789
Guinea-Bissau,GNB,2017,14.80000019,76.4393694008541,0.0454431156609869,26.0,783.123186602022,34.3966407775879,43.0155792236328,76.4393694008541,18.2215742420798,17.008909020337917,13.323047742140083
Guinea-Bissau,GNB,2018,15.69999981,77.0219356476645,0.062637605037645,28.4,808.531613218504,34.3966407775879,43.4449081420898,77.0219356476645,18.492569317653043,18.2215742420798,17.008909020337917
Guinea-Bissau,GNB,2019,17.92149925,80.8245277725828,0.0623571933875965,30.9,811.210004050041,34.3966407775879,43.8745574951172,80.8245277725828,20.747733507097315,18.492569317653043,18.2215742420798
Guinea-Bissau,GNB,2020,20.45730019,95.0628708236165,0.118365532433795,33.4,846.918134967613,34.3966407775879,44.3038330078125,95.0628708236165,22.94499790788991,20.747733507097315,18.492569317653043
Guinea-Bissau,GNB,2021,23.3519001,108.62961248586,0.160430067207715,35.8,926.54619187706,34.3966407775879,44.7334136962891,108.62961248586,25.893352345963635,22.94499790788991,20.747733507097315
Guinea-Bissau,GNB,2022,27.67379951,125.934670099533,0.219184822436547,37.4,881.602654162231,34.3966407775879,45.1627159118652,125.934670099533,31.263150243848525,25.893352345963635,22.94499790788991
Guinea-Bissau,GNB,2023,28.71240044,128.110529740092,0.310448099439986,40.5,964.431832665395,34.3966407775879,45.5923843383789,128.110529740092,32.15535870002819,31.263150243848525,25.893352345963635
Guinea-Bissau,GNB,2024,29.77739906,147.197631273872,0.386080917545218,43.7,998.376093392688,34.3966407775879,46.113204421822,147.197631273872,35.9018617447546,32.15535870002819,31.263150243848525
Equatorial Guinea,GNQ,2004,0.843930284607049,6.87841212022887,,64.9,4901.30127408119,18.1188793182373,40.9304009672368,6.87841212022887,17.851779802694303,17.32958693568347,17.25856024174162
Equatorial Guinea,GNQ,2005,1.149799943,10.2283486758563,0.0190000285000428,65.0,8673.9026086535,17.7594795227051,42.2814597171299,10.2283486758563,14.610531807592967,17.851779802694303,17.32958693568347
Equatorial Guinea,GNQ,2006,1.279199958,12.1170140042389,0.0181755210063584,65.1,10184.8841248541,17.7594795227051,43.9301279685204,12.1170140042389,14.887756677789472,14.610531807592967,17.851779802694303
Equatorial Guinea,GNQ,2007,1.557100058,14.4781495766589,0.0173737794919907,65.1,12616.9532942011,17.7594795227051,45.8574549546013,14.4781495766589,15.272813854884015,14.887756677789472,14.610531807592967
Equatorial Guinea,GNQ,2008,1.820000052,16.5970512572266,0.0165970512572266,65.2,18210.5552970599,17.7594795227051,48.0444899085658,16.5970512572266,15.781902763958122,15.272813854884015,14.887756677789472
Equatorial Guinea,GNQ,2009,2.130000114,17.6107030809045,0.015849632772814,65.4,13232.5019378102,17.7594795227051,50.4722820636069,17.6107030809045,16.00018558819883,15.781902763958122,15.272813854884015
Equatorial Guinea,GNQ,2010,6.0,33.579601121871,0.0997405568146936,66.1,13720.1658723222,17.7594795227051,53.1218806529176,33.579601121871,19.69252313733073,16.00018558819883,15.781902763958122
Equatorial Guinea,GNQ,2011,11.5,38.5606783509887,0.108387990352986,66.1,17198.2136668275,17.7594795227051,55.9743349096911,38.5606783509887,22.453523289532633,19.69252313733073,16.00018558819883
Equatorial Guinea,GNQ,2012,13.94320011,38.7385841174565,0.114419748848651,65.7,17308.5723924575,17.7594795227051,59.0106940671203,38.7385841174565,22.851125327028303,22.453523289532633,19.69252313733073
Equatorial Guinea,GNQ,2013,16.39999962,37.9420717892644,0.261324688869113,65.9,16304.0713196418,17.7594795227051,62.2120073583984,37.9420717892644,23.289081203721125,22.851125327028303,22.453523289532633
Equatorial Guinea,GNQ,2014,18.86000061,36.9002477447229,0.27724834765414,66.0,15548.6624656619,17.7594795227051,65.5593240167184,36.9002477447229,23.782584798799142,23.289081203721125,22.851125327028303
Equatorial Guinea,GNQ,2015,21.31999969,36.6825478378153,0.261293067101903,66.1,9068.91003238645,17.7594795227051,68.951270615355,36.6825478378153,24.48203126069622,23.782584798799142,23.289081203721125
Equatorial Guinea,GNQ,2016,23.78000069,38.1683691534068,0.224242898422343,66.2,7453.19797948517,17.7594795227051,69.253269853051,38.1683691534068,25.550316277083013,24.48203126069622,23.782584798799142
Equatorial Guinea,GNQ,2017,26.23999977,36.2336437113254,0.121416081454382,66.4,7809.10465655488,17.7594795227051,69.5516019132985,36.2336437113254,25.156427733096038,25.550316277083013,24.48203126069622
Equatorial Guinea,GNQ,2018,29.39999962,36.5760302693232,0.100221353087251,66.5,8102.47084834031,17.7594795227051,69.8396623666175,36.5760302693232,26.199329652382005,25.156427733096038,25.550316277083013
Equatorial Guinea,GNQ,2019,49.13370132,36.942192354463,0.0598738936052885,66.6,6804.14923073888,17.7594795227051,70.1175419547293,36.942192354463,34.48687559762246,26.199329652382005,25.156427733096038
Equatorial Guinea,GNQ,2020,55.00130081,43.3495410342634,0.107371649223871,66.7,5764.05502912947,17.7594795227051,70.3853314193247,43.3495410342634,37.08906395008168,34.48687559762246,26.199329652382005
Equatorial Guinea,GNQ,2021,58.71730042,46.434813558898,0.0976810140631094,66.8,6945.63069794539,17.7594795227051,70.6431215020592,46.434813558898,37.458626562668805,37.08906395008168,34.48687559762246
Equatorial Guinea,GNQ,2022,63.65950012,49.5380486763568,0.10069058437688,67.0,7589.29964909381,17.7594795227051,70.8910029445467,49.5380486763568,41.569579417157414,37.458626562668805,37.08906395008168
Equatorial Guinea,GNQ,2023,63.51950073,49.5380486763568,,66.9,6788.35271638376,17.7594795227051,71.1290664883517,,61.31941881703746,41.569579417157414,37.458626562668805
Equatorial Guinea,GNQ,2024,63.29930115,49.5380486763568,,65.1,7003.58055684906,17.7594795227051,71.3574028749806,,59.79846958986844,61.31941881703746,41.569579417157414
Greece,GRC,2004,21.42,85.1742405592579,0.470021781497191,100.0,21449.2552764245,92.8870162963867,73.8267602923728,85.1742405592579,44.874774271857106,42.36736103715383,54.44981271193823
Greece,GRC,2005,24.0,93.4348777662167,1.45804690031284,100.0,22054.1315756886,96.8381423950195,74.2617376694311,93.4348777662167,44.44578628610164,44.874774271857106,42.36736103715383
Greece,GRC,2006,32.25,99.6706911691004,4.43151266831837,100.0,24416.0232970275,96.8165969848633,74.717750055608,99.6706911691004,49.98441095559666,44.44578628610164,44.874774271857106
Greece,GRC,2007,35.88,111.309114095329,9.2114722630097,100.0,28440.7625328955,95.9788131713867,75.1753473512439,111.309114095329,54.63715725989141,49.98441095559666,44.44578628610164
Greece,GRC,2008,38.2,124.577949442767,13.6049238449266,100.0,31695.8331092209,95.9788131713867,75.615079456679,124.577949442767,58.40060866696962,54.63715725989141,49.98441095559666
Greece,GRC,2009,42.4,119.688606543586,17.2543940805553,100.0,29425.4573200263,95.9788131713867,76.0174962722535,119.688606543586,59.59923078072322,58.40060866696962,54.63715725989141
Greece,GRC,2010,44.4,110.499601336489,20.2491669415812,100.0,26653.0488008626,107.819053649902,76.3631476983077,110.499601336489,60.086896841200115,59.59923078072322,58.40060866696962
Greece,GRC,2011,51.6499951676815,109.174140891708,22.183064232426,100.0,25504.7866510124,105.956047058105,76.6352609929407,109.174140891708,65.57674593023742,60.086896841200115,59.59923078072322
Greece,GRC,2012,55.0699934418411,120.926137220412,24.3424643325153,100.0,21624.346052551,106.290550231934,76.8679797449322,120.926137220412,69.06658872800291,65.57674593023742,60.086896841200115
Greece,GRC,2013,59.8663,114.142688333026,26.5619364050644,100.0,21573.3449762805,107.414306640625,77.0951999650171,114.142688333026,67.90268375688592,69.06658872800291,65.57674593023742
Greece,GRC,2014,63.2073404784561,111.488230327161,28.9729450556431,100.0,21474.7257123892,103.468589782715,77.3130486275866,111.488230327161,70.56942283755725,67.90268375688592,69.06658872800291
Greece,GRC,2015,66.8349594911035,116.133089816996,31.7813956931321,100.0,17980.7298238137,103.377700805664,77.5194426317545,116.133089816996,74.74805831613736,70.56942283755725,67.90268375688592
Greece,GRC,2016,69.0879154723892,116.365109232942,33.5485838991847,100.0,17919.2426377048,103.952072143555,77.7122988766348,116.365109232942,76.3954970719403,74.74805831613736,70.56942283755725
Greece,GRC,2017,69.8929706543154,120.305633506681,35.1351318678243,100.0,18631.9930129293,104.228790283203,77.8895342613411,120.305633506681,74.46480591855995,76.3954970719403,74.74805831613736
Greece,GRC,2018,72.2383733920483,113.418450589721,36.9203391643751,100.0,19873.4015238771,103.891693115234,78.0490656849874,113.418450589721,78.51373113123454,74.46480591855995,76.3954970719403
Greece,GRC,2019,75.6712066931757,110.855033355177,38.3565690069278,100.0,19335.3602002969,106.527839660645,78.1888100466875,110.855033355177,78.3027984880689,78.51373113123454,74.46480591855995
Greece,GRC,2020,78.11584474,106.669795200072,39.7876360746134,100.0,17886.733165236,103.615829467773,78.3066842455552,106.669795200072,78.4902909240562,78.3027984880689,78.51373113123454
Greece,GRC,2021,78.49426371,108.643525000707,41.9213046741732,100.0,20652.89659591,104.77806854248,78.3884898647442,108.643525000707,79.06343769825259,78.4902909240562,78.3027984880689
Greece,GRC,2022,83.17066333,109.026956114201,42.923040428409,100.0,20884.6773436263,106.599418640137,78.5502190980809,109.026956114201,81.99110243293438,79.06343769825259,78.4902909240562
Greece,GRC,2023,85.0102229,110.79216956747,43.8539621755853,100.0,23343.7103964562,105.191741943359,78.7746303842088,110.79216956747,82.47217546269667,81.99110243293438,79.06343769825259
Greece,GRC,2024,86.26968886,113.597610306796,44.6759828527928,100.0,24626.1481858973,105.191741943359,78.9967856500534,113.597610306796,83.49419151318563,82.47217546269667,81.99110243293438
Grenada,GRD,2004,19.5706205843787,39.6192932868655,0.557064844543234,87.2,5480.26117644588,107.162467956543,35.9181958391436,39.6192932868655,33.769358035236706,40.99096348025715,26.533445113032997
Grenada,GRD,2005,20.4878006,42.7014416680336,2.93619115315217,87.5,6338.56011405358,101.858772277832,35.9158260786725,42.7014416680336,34.47274871312106,33.769358035236706,40.99096348025715
Grenada,GRD,2006,21.39599991,41.9421618922232,5.03382212738911,87.9,6344.0383771432,101.858772277832,35.9119653795374,41.9421618922232,35.23689671660525,34.47274871312106,33.769358035236706
Grenada,GRD,2007,22.29,46.4893867284342,6.87645898554134,88.2,6864.54816771858,116.305992126465,35.9062498793276,46.4893867284342,36.49559889462293,35.23689671660525,34.47274871312106
Grenada,GRD,2008,23.18000031,54.1245851969413,8.07423171259559,90.0,7448.2040563865,116.674461364746,35.8983157156326,54.1245851969413,38.252393121660646,36.49559889462293,35.23689671660525
Grenada,GRD,2009,24.04999924,102.84933575422,11.1196001941503,89.0,6932.56472176781,107.998832702637,35.8877990260417,102.84933575422,45.23484476355988,38.252393121660646,36.49559889462293
Grenada,GRD,2010,27.0,109.284318821358,12.9380029752836,89.4,6909.60169568597,117.012619018555,35.8743359481443,109.284318821358,47.88855907046138,45.23484476355988,38.252393121660646
Grenada,GRD,2011,30.0,107.830191204418,13.0925507900677,88.8,6947.38136096464,108.343828715365,35.8601091092326,107.830191204418,49.98084112201849,47.88855907046138,45.23484476355988
Grenada,GRD,2012,32.0,115.19574373753,14.1875415650632,90.2,7092.71985352677,108.343828715365,35.8652755773132,115.19574373753,52.22739547693554,49.98084112201849,47.88855907046138
Grenada,GRD,2013,35.0,117.194039845974,15.8608474979513,90.6,7424.80212287327,106.78381256656,35.8792242623778,117.194039845974,52.59689274272422,52.22739547693554,49.98084112201849
Grenada,GRD,2014,51.6,102.645182770827,16.4817930116006,91.0,7986.33421210788,106.993851559069,35.9014624346562,102.645182770827,58.04504761473005,52.59689274272422,52.22739547693554
Grenada,GRD,2015,52.5,104.439464229656,17.2285395374795,91.4,8694.12438005692,105.402661854275,35.9319491111708,104.439464229656,59.479353930630026,58.04504761473005,52.59689274272422
Grenada,GRD,2016,53.29999924,103.337965777816,18.0847737340398,91.8,9221.23461079424,105.224225612575,35.9706014181883,103.337965777816,60.01664084487896,59.479353930630026,58.04504761473005
Grenada,GRD,2017,54.20000076,98.0413728581576,19.2614217155529,92.2,9751.42661155932,104.433148126256,36.0173296416579,98.0413728581576,57.810577394253436,60.01664084487896,59.479353930630026
Grenada,GRD,2018,61.42459869,102.61904556102,23.3267929225264,92.3,10083.021279225,110.379410343161,36.0720421424532,102.61904556102,64.96920512604225,57.810577394253436,60.01664084487896
Grenada,GRD,2019,64.31279755,100.175028668489,27.4070752968159,93.0,10462.7929159533,110.379410343161,36.1346465679904,100.175028668489,66.38559403302061,64.96920512604225,57.810577394253436
Grenada,GRD,2020,65.65380096,102.079232600717,27.4640926242683,93.4,8968.55890108484,104.298669179131,36.2050502515788,102.079232600717,66.51330011055873,66.38559403302061,64.96920512604225
Grenada,GRD,2021,67.02279663,86.5710270122035,26.1175099410394,93.7,9617.28902905373,100.989177237286,36.2831603706908,86.5710270122035,63.259506048134455,66.51330011055873,66.38559403302061
Grenada,GRD,2022,68.42030334,95.759239776586,29.767433903843,94.2,10469.3867012856,100.989177237286,36.3688840183487,95.759239776586,67.53869478840178,63.259506048134455,66.51330011055873
Grenada,GRD,2023,69.4131012,95.759239776586,,94.4,11414.4781691181,100.989177237286,36.462128238584,,75.92159621468487,67.53869478840178,63.259506048134455
Grenada,GRD,2024,70.16159821,95.759239776586,,95.6,11528.9220811928,100.731679432948,36.5628000454229,,76.54337281491601,75.92159621468487,67.53869478840178
Guatemala,GTM,2004,5.1,24.7376946550128,,77.2,1840.91184884,38.6178703308105,47.326819486636,24.7376946550128,27.319169324779054,25.621603417758838,24.786512962109224
Guatemala,GTM,2005,5.699999809,34.4605352122986,0.207111616626663,78.3,2046.46611650758,40.5942687988281,48.0557951573834,34.4605352122986,22.81645258006865,27.319169324779054,25.621603417758838
Guatemala,GTM,2006,6.5,53.703138345141,0.291753279362966,83.7,2225.1234753878,42.4339714050293,48.7676356188334,53.703138345141,26.75564653396932,22.81645258006865,27.319169324779054
Guatemala,GTM,2007,7.300000191,87.1486092920912,0.417520018986174,80.7,2458.81573919384,44.2429885864258,49.4565105053665,87.1486092920912,30.928744416680512,26.75564653396932,22.81645258006865
Guatemala,GTM,2008,8.300000191,107.272718661425,0.67814007919815,81.9,2763.05988172926,45.231330871582,50.1165894513633,107.272718661425,34.4193970883349,30.928744416680512,26.75564653396932
Guatemala,GTM,2009,9.300000191,121.749666616511,1.09738512118825,83.1,2611.64632773352,48.2657203674316,50.7420420912045,121.749666616511,37.02502708417721,34.4193970883349,30.928744416680512
Guatemala,GTM,2010,10.5,124.605727183349,1.78619309974985,84.3,2805.25960237322,52.1883200232994,51.3270380592706,124.605727183349,38.24047235476692,37.02502708417721,34.4193970883349
Guatemala,GTM,2011,12.30000019,131.685634641025,,84.0,3168.98370607705,52.7689609562719,51.8657469899423,131.685634641025,48.88687939211551,38.24047235476692,37.02502708417721
Guatemala,GTM,2012,16.0,137.757231829214,1.85757824553484,86.8,3286.61959336267,53.1178493302463,52.3523385176,137.757231829214,42.717522666186625,48.88687939211551,38.24047235476692
Guatemala,GTM,2013,19.70000076,141.131353657881,2.29296336331621,88.1,3444.15802275864,53.323315834897,52.7809822766245,141.131353657881,44.83423455345041,42.717522666186625,48.88687939211551
Guatemala,GTM,2014,23.39999962,107.844073276377,2.76585643479911,85.5,3689.14510410202,52.9668023678254,53.1458479013964,107.844073276377,41.03076265698669,44.83423455345041,42.717522666186625
Guatemala,GTM,2015,28.80590057,113.459063296974,2.87912847082501,90.5,3893.50533299068,54.8864188204824,53.4411050262961,113.459063296974,45.135219146072316,41.03076265698669,44.83423455345041
Guatemala,GTM,2016,34.50930023,112.267437714983,3.11025548351565,91.8,4060.13784737643,54.4252556188872,53.6609232857043,112.267437714983,47.60993190879749,45.135219146072316,41.03076265698669
Guatemala,GTM,2017,37.90000153,120.637721514663,3.20509783183884,93.3,4324.99768915601,54.0444773151521,53.7994723140017,120.637721514663,49.66668444210718,47.60993190879749,45.135219146072316
Guatemala,GTM,2018,41.5,121.500075538632,,94.2,4352.94593289707,54.0797647125185,53.845962303542,121.500075538632,62.61244210412721,49.66668444210718,47.60993190879749
Guatemala,GTM,2019,44.401049838502,122.043793418341,3.42029196664625,95.4,4511.99839552697,52.5563883982916,54.1882267267974,122.043793418341,53.145080078818864,62.61244210412721,49.66668444210718
Guatemala,GTM,2020,47.51229858,117.475884100805,3.52588892585695,96.6,4477.61785000665,51.7956964848587,54.5483167911628,117.475884100805,53.101950015792355,53.145080078818864,62.61244210412721
Guatemala,GTM,2021,50.84164945,125.718955715353,3.4775394703571,97.9,4912.62240414681,48.157456034521,54.9047071553758,125.718955715353,55.61008817888986,53.101950015792355,53.145080078818864
Guatemala,GTM,2022,54.40430069,115.156435692604,5.02439029583182,99.1,5356.92435887895,45.8926232164663,55.2581228215265,115.156435692604,56.61711063998718,55.61008817888986,53.101950015792355
Guatemala,GTM,2023,56.72669983,113.709374947241,5.08082886037381,100.0,5754.42833909847,47.3762534803949,55.6082319565539,113.709374947241,56.91146118111909,56.61711063998718,55.61008817888986
Guatemala,GTM,2024,60.22140121,112.520863034346,5.33792153027114,90.9,6150.89465281457,49.5765804970836,55.9547027274763,112.520863034346,55.66924916086994,56.91146118111909,56.61711063998718
Guyana,GUY,2004,3.7,22.5146835462961,,76.8,1033.31030902188,83.45947265625,28.0668850172523,22.5146835462961,25.91506633246814,24.123212030258976,22.24602391132458
Guyana,GUY,2005,5.699999809,36.9776347918424,0.262841792896438,77.5,1084.06541388904,86.2115325927734,27.7758550706193,36.9776347918424,23.025175638062723,25.91506633246814,24.123212030258976
Guyana,GUY,2006,8.899999619,52.7032831510239,,73.4,3135.60553528326,86.2115325927734,27.4604582346121,52.7032831510239,31.780484151051763,23.025175638062723,25.91506633246814
Guyana,GUY,2007,13.80000019,71.1853299350872,0.312078439766351,78.5,3608.28685240188,85.3779830932617,27.1458953350755,71.1853299350872,31.169883417947524,31.780484151051763,23.025175638062723
Guyana,GUY,2008,18.2,59.3381181702769,0.673729071860017,79.1,4008.9628671603,86.2414169311523,26.8573671978542,59.3381181702769,31.788777322753702,31.169883417947524,31.780484151051763
Guyana,GUY,2009,23.9,64.9563751339593,0.907200429733517,77.6,4209.13230624565,89.8750076293945,26.620074648793,64.9563751339593,34.5128562041353,31.788777322753702,31.169883417947524
Guyana,GUY,2010,29.9,74.7937954450815,1.49388193087543,83.3,4581.76179693492,93.2864608764648,26.4592185137368,74.7937954450815,39.572241662841655,34.5128562041353,31.788777322753702
Guyana,GUY,2011,30.0,70.8644205678996,2.75278662687143,84.2,4947.22170589917,101.134757995605,26.3999996185303,70.8644205678996,39.59903385764197,39.572241662841655,34.5128562041353
Guyana,GUY,2012,30.5,73.3023980018438,4.01734987029136,85.1,5444.39751913913,102.622467041016,26.3999996185303,73.3023980018438,40.321937735369985,39.59903385764197,39.572241662841655
Guyana,GUY,2013,31.0,74.002594594018,4.91986224385717,86.0,5556.91231156932,102.622467041016,26.4003891353669,74.002594594018,40.25966663501369,40.321937735369985,39.59903385764197
Guyana,GUY,2014,32.0,75.1635113473494,5.99618948621705,86.9,5472.68820452237,102.622467041016,26.4018152016157,75.1635113473494,41.25751794874158,40.25966663501369,40.321937735369985
Guyana,GUY,2015,34.0,71.5091706302609,7.075427560785,88.0,5640.41560569466,102.622467041016,26.4043918297579,71.5091706302609,42.199003846202494,41.25751794874158,40.25966663501369
Guyana,GUY,2016,35.65999985,76.5713484941353,7.49173594849309,89.0,5870.87823759835,102.622467041016,26.4080892882899,76.5713484941353,43.912210709161045,42.199003846202494,41.25751794874158
Guyana,GUY,2017,42.6753006,83.6990991295793,8.44382214738464,90.0,6178.6650437298,102.622467041016,26.412905546573,83.6990991295793,46.898143147673224,43.912210709161045,42.199003846202494
Guyana,GUY,2018,48.59889984,83.6990991295793,,90.9,6048.38697180418,102.622467041016,26.4188378517884,,61.172658126023826,46.898143147673224,43.912210709161045
Guyana,GUY,2019,55.31269836,96.327066296051,10.276537921044,91.6,6405.82443444562,102.622467041016,26.4258834773058,96.327066296051,55.40015937109651,61.172658126023826,46.898143147673224
Guyana,GUY,2020,62.95399857,106.008686272494,11.7649827054754,92.3,6775.70939096303,86.9400100708008,26.4340397353676,106.008686272494,59.998330933192435,55.40015937109651,61.172658126023826
Guyana,GUY,2021,71.65090179,104.968595260226,11.6495520440672,92.9,9860.87014834386,86.70068359375,26.443303961947,104.968595260226,62.90141855618825,59.998330933192435,55.40015937109651
Guyana,GUY,2022,76.56240082,112.56503784518,12.9356394612219,93.0,17913.4928066879,86.70068359375,26.4536735068183,112.56503784518,67.26852378882681,62.90141855618825,59.998330933192435
Guyana,GUY,2023,79.3553009,112.56503784518,,98.9,20473.7002190617,84.4850463867188,26.4651457279878,,84.75868232108239,67.26852378882681,62.90141855618825
Guyana,GUY,2024,83.00080109,112.56503784518,,93.0,29675.2501582835,91.4304496450171,26.477717988557,,84.90703842178027,84.75868232108239,67.26852378882681
"Hong Kong SAR, China",HKG,2004,56.3998803935333,119.247453929299,22.0340459422926,100.0,24928.1003722551,81.7347793579102,100.0,119.247453929299,84.52372288041619,78.79382739825863,73.32485781455263
"Hong Kong SAR, China",HKG,2005,56.9,123.677676990299,24.0153631345565,100.0,26649.637724155,83.003662109375,100.0,123.677676990299,78.9194822128951,84.52372288041619,78.79382739825863
"Hong Kong SAR, China",HKG,2006,60.8,136.257644901451,25.9156929141015,100.0,28224.0951563146,83.1464614868164,100.0,136.257644901451,79.08098393139358,78.9194822128951,84.52372288041619
"Hong Kong SAR, China",HKG,2007,64.8,154.225934880572,27.2391339117487,100.0,30593.9511738646,84.0665588378906,100.0,150.0,80.50127290141657,79.08098393139358,78.9194822128951
"Hong Kong SAR, China",HKG,2008,66.7,164.943198594896,27.5683056178674,100.0,31515.5292103443,85.7025909423828,100.0,150.0,79.57150589039566,80.50127290141657,79.08098393139358
"Hong Kong SAR, China",HKG,2009,69.4,178.317359257252,29.0662267938968,100.0,30697.5383861641,86.5672225952148,100.0,150.0,79.06329808886925,79.57150589039566,80.50127290141657
"Hong Kong SAR, China",HKG,2010,72.0,194.233637212483,30.5242313123898,100.0,32550.136489179,87.9053960567278,100.0,150.0,80.51535802351451,79.06329808886925,79.57150589039566
"Hong Kong SAR, China",HKG,2011,72.19999695,214.097553258659,32.1854914692348,100.0,35142.4879344543,86.9782026085403,100.0,150.0,84.11237783053194,80.51535802351451,79.06329808886925
"Hong Kong SAR, China",HKG,2012,72.9,227.571131531867,31.3153714431804,100.0,36730.796195815,108.257447754558,100.0,150.0,83.59923207042061,84.11237783053194,80.51535802351451
"Hong Kong SAR, China",HKG,2013,74.2,233.650196473593,30.7698227022845,100.0,38403.7777145477,102.779391100703,100.0,150.0,80.41086200887774,83.59923207042061,84.11237783053194
"Hong Kong SAR, China",HKG,2014,79.8662704309064,231.702338725003,31.1670836577521,100.0,40315.3739510191,105.555217060167,100.0,150.0,83.8720487330979,80.41086200887774,83.59923207042061
"Hong Kong SAR, China",HKG,2015,84.9483529634062,227.03653842734,31.8721510032907,100.0,42432.1619740441,107.387782928825,100.0,150.0,87.26373775706308,83.8720487330979,80.41086200887774
"Hong Kong SAR, China",HKG,2016,87.47941467087,237.377770818344,35.4484942649915,100.0,43734.1980702999,107.750724637681,100.0,150.0,89.76306310438804,87.26373775706308,83.8720487330979
"Hong Kong SAR, China",HKG,2017,89.4159446487565,247.078996858382,35.7032493826975,100.0,46160.429791493,106.78970984146,100.0,150.0,87.30175517458363,89.76306310438804,87.26373775706308
"Hong Kong SAR, China",HKG,2018,90.5073953294283,266.34009236007,36.3352765300968,100.0,48537.5668888343,108.16398016119,100.0,150.0,91.4903625920718,87.30175517458363,89.76306310438804
"Hong Kong SAR, China",HKG,2019,91.7434003891587,286.618647834243,37.4680746099321,100.0,48359.0011950597,105.068965517241,100.0,150.0,90.66402528154124,91.4903625920718,87.30175517458363
"Hong Kong SAR, China",HKG,2020,92.41313602,291.916274990037,38.5246390800823,100.0,46109.2299946609,100.449691991786,100.0,150.0,90.7995538124552,90.66402528154124,91.4903625920718
"Hong Kong SAR, China",HKG,2021,93.08715788,319.852066930488,39.2188975738319,100.0,49770.5642374739,100.161026837806,100.0,150.0,91.31670073869664,90.7995538124552,90.66402528154124
"Hong Kong SAR, China",HKG,2022,95.61357052,292.80765987826,39.9517808600821,100.0,48825.0272275805,106.185208398621,100.0,150.0,92.57823966864719,91.31670073869664,90.7995538124552
"Hong Kong SAR, China",HKG,2023,95.97781908,319.493898344345,39.8839727444243,100.0,50525.1119312663,106.185208398621,100.0,150.0,92.5407740417538,92.57823966864719,91.31670073869664
"Hong Kong SAR, China",HKG,2024,95.75536971,364.848981963231,40.2724025338679,100.0,54274.7547767073,107.160326941213,100.0,150.0,92.60863509131283,92.5407740417538,92.57823966864719
Honduras,HND,2006,7.800000191,29.2647925408315,,71.3,1425.84780051892,57.6387100219727,48.7790074235564,29.2647925408315,26.707082691410488,23.484721549868013,21.84567256682972
Honduras,HND,2007,9.399999619,53.4134255918276,,73.5,1577.73789197407,59.5118598937988,49.3994250214704,53.4134255918276,32.096911062988326,26.707082691410488,23.484721549868013
Honduras,HND,2008,9.6,77.5119321637319,,76.4,1732.49062702803,59.5015602111816,50.0312316063593,77.5119321637319,37.04582169187546,32.096911062988326,26.707082691410488
Honduras,HND,2009,9.800000191,102.452484456768,,78.3,1781.15703614674,59.5015602111816,50.6740175729851,102.452484456768,41.65321337787096,37.04582169187546,32.096911062988326
Honduras,HND,2010,11.09,113.617136181044,0.0119533179900544,81.0,1893.32722662035,66.1681900024414,51.3273733161098,113.617136181044,35.75593255880503,41.65321337787096,37.04582169187546
Honduras,HND,2011,15.9,94.399047465495,0.670797298029889,82.2,2073.66121088074,65.9018478393555,51.9908892304951,94.399047465495,35.49314632102126,35.75593255880503,41.65321337787096
Honduras,HND,2012,18.12,84.5664914453988,0.703114924069509,83.6,2126.03474686503,64.5327911376953,52.6641557109031,84.5664914453988,34.987015165069906,35.49314632102126,35.75593255880503
Honduras,HND,2013,17.8,87.3775687969259,0.776114775575699,87.2,2081.12843527945,61.920711517334,53.356379133253,87.3775687969259,35.60693917032968,34.987015165069906,35.49314632102126
Honduras,HND,2014,23.0,85.2365443166273,1.74169563203497,88.7,2179.88171977271,49.4766821842053,53.8768089124249,85.2365443166273,37.84807573747481,35.60693917032968,34.987015165069906
Honduras,HND,2015,27.1395454833776,87.1291789109486,2.13675958518204,90.0,2271.20265980349,50.3511085144012,54.3828473751434,87.1291789109486,40.138092074621284,37.84807573747481,35.60693917032968
Honduras,HND,2016,29.5282180796457,83.2180808679633,2.34144817782537,91.6,2307.34468351082,51.0466486801865,54.8868414578857,83.2180808679633,40.86504606459167,40.138092074621284,37.84807573747481
Honduras,HND,2017,31.7357924661485,85.8717287831828,2.48526903610159,86.5,2413.0076562942,51.0120391845703,55.3877322339915,85.8717287831828,40.080257740145285,40.86504606459167,40.138092074621284
Honduras,HND,2018,36.0400608231468,77.7100953282111,3.63393106753465,91.6,2464.64241531918,51.0120391845703,55.8852577716247,77.7100953282111,42.10036230517415,40.080257740145285,40.86504606459167
Honduras,HND,2019,39.3883521850111,76.0268304351136,3.92589911554459,91.1,2502.32744328073,64.3524169921875,56.3791561389766,76.0268304351136,43.21637119809279,42.10036230517415,40.080257740145285
Honduras,HND,2020,45.24829865,68.7836128557933,3.92223438778455,93.1,2307.61494319511,58.4268999434804,56.8691654042685,68.7836128557933,44.02690171257947,43.21637119809279,42.10036230517415
Honduras,HND,2021,51.95159912,73.4771659564055,4.0958409901304,94.1,2735.14751503977,54.5046566571526,57.3550236357547,73.4771659564055,46.65323226480075,44.02690171257947,43.21637119809279
Honduras,HND,2022,56.88069916,75.8551423411907,4.40980164894983,94.4,3003.28996826399,53.8605804443359,57.8364689017254,75.8551423411907,50.367567581725126,46.65323226480075,44.02690171257947
Honduras,HND,2023,58.0685997,74.4148227156961,4.36212775547539,95.6,3227.45762509776,54.5012702941895,58.3132392705102,74.4148227156961,49.45864045412813,50.367567581725126,46.65323226480075
Honduras,HND,2024,58.62269974,70.9397440517258,4.57914834722512,95.5,3415.96027916712,51.7639813154374,58.7850728104829,70.9397440517258,48.28315022468216,49.45864045412813,50.367567581725126
Croatia,HRV,2004,30.91,65.7880083228617,0.607880732872148,99.9,9718.92771524605,95.4956436157227,55.5890878734365,65.7880083228617,46.237906277496606,40.89013245758086,48.89533173184027
Croatia,HRV,2005,33.13999939,84.6023570995094,2.69358958132531,99.9,10443.4484003498,99.0768890380859,55.5307217475444,84.6023570995094,48.28860007645041,46.237906277496606,40.89013245758086
Croatia,HRV,2006,37.97999954,101.839751610362,5.83437601371704,99.8,11501.2327422844,99.0345077514648,55.4685969711483,101.839751610362,53.5448561983798,48.28860007645041,46.237906277496606
Croatia,HRV,2007,41.44,116.650501835747,8.96788983385829,99.8,13755.8149054063,99.0125274658203,55.4077128728613,116.650501835747,57.664611239674365,53.5448561983798,48.28860007645041
Croatia,HRV,2008,44.24,105.56585256074,12.2371762498346,100.0,15888.1184388903,98.9992294311523,55.3530687812969,105.56585256074,58.004184359656506,57.664611239674365,53.5448561983798
Croatia,HRV,2009,50.58,108.455735141618,16.6418978640678,100.0,14474.52513863,98.9394226074219,55.3096640250682,108.455735141618,61.42309673955414,58.004184359656506,57.664611239674365
Croatia,HRV,2010,56.55,114.582326334034,19.4799756808943,100.0,13729.7472872883,98.8955230712891,55.2824979327886,114.582326334034,65.60917222490406,61.42309673955414,58.004184359656506
Croatia,HRV,2011,57.7899789891444,119.489612280253,20.8566154553422,100.0,14691.591757962,99.2656021118164,55.2773793281248,119.489612280253,69.01935463056952,65.60917222490406,61.42309673955414
Croatia,HRV,2012,61.9399731527956,116.719313041118,21.581851768721,100.0,13507.6349882758,99.3463897705078,55.3042888624873,116.719313041118,70.17763680245355,69.01935463056952,65.60917222490406
Croatia,HRV,2013,66.7476,111.281756214292,22.5042534905966,100.0,14135.0903485872,101.800498962402,55.3659479687433,111.281756214292,69.08062436697927,70.17763680245355,69.01935463056952
Croatia,HRV,2014,68.5678992528467,105.732295385283,23.3319089868678,100.0,14186.7712230471,102.528923034668,55.4591834926844,105.732295385283,69.86918319201101,69.08062436697927,70.17763680245355
Croatia,HRV,2015,69.8450359238281,105.543643003646,23.5726310188829,100.0,12283.8750299177,102.981330871582,55.5812594509004,105.543643003646,71.12604924456434,69.86918319201101,69.08062436697927
Croatia,HRV,2016,72.6972696701463,106.718403536951,25.2341141328155,100.0,12820.1872746645,103.719436645508,55.7294398599808,106.718403536951,73.11088095692682,71.12604924456434,69.86918319201101
Croatia,HRV,2017,67.0961920368478,105.794763679153,26.865096097274,100.0,13901.6498657787,104.214416503906,55.9009887365155,105.794763679153,68.40175514950552,73.11088095692682,71.12604924456434
Croatia,HRV,2018,75.2946259897258,109.034035401906,28.0156020023514,100.0,15460.4560798984,104.960083007812,56.093170097094,109.034035401906,75.36942009128884,68.40175514950552,73.11088095692682
Croatia,HRV,2019,79.0797836757554,110.493802074789,28.9682951804841,100.0,15563.7354996625,105.13597869873,56.303247958306,110.493802074789,76.15825618159896,75.36942009128884,68.40175514950552
Croatia,HRV,2020,78.32090004,110.666299439701,26.0744550144438,100.0,14807.5559227544,105.585418701172,56.5284863367411,110.666299439701,74.19334263627081,76.15825618159896,75.36942009128884
Croatia,HRV,2021,81.25396608,112.169438491978,26.7157501000099,100.0,17788.7601163765,105.876342773438,56.7683502560171,112.169438491978,75.30470281816571,74.19334263627081,76.15825618159896
Croatia,HRV,2022,82.07155532,114.677195729643,27.6606739600213,100.0,18465.531473659,105.577796936035,56.9977571733605,114.677195729643,76.85983071168891,75.30470281816571,74.19334263627081
Croatia,HRV,2023,83.24117599,117.112604314708,28.4709561519529,100.0,22183.4982258492,105.025161743164,57.2431560672198,117.112604314708,77.29478859199423,76.85983071168891,75.30470281816571
Croatia,HRV,2024,83.63240029,121.732525659138,29.5997367962687,100.0,24049.9441746337,105.025161743164,57.5158981711443,121.732525659138,78.3872190844714,77.29478859199423,76.85983071168891
Hungary,HUN,2004,27.74,86.5295344708214,4.07614038403136,100.0,10291.2694721409,95.9443588256836,65.0225372314453,86.5295344708214,51.00113176677703,45.80538310466879,42.24703595383556
Hungary,HUN,2005,38.97,92.5916175179366,6.4743496382668,99.9,11212.2046968994,97.3733291625977,66.1261367797852,92.5916175179366,54.601988595237685,51.00113176677703,45.80538310466879
Hungary,HUN,2006,47.06,99.1619554459165,11.9323064817383,99.9,11478.4891640501,97.7556076049805,67.0155868530273,99.1619554459165,60.5144089837978,54.601988595237685,51.00113176677703
Hungary,HUN,2007,53.3,109.924654791539,14.4957057357115,100.0,13934.605460375,97.8563613891602,67.0041656494141,109.924654791539,64.47366944354667,60.5144089837978,54.601988595237685
Hungary,HUN,2008,61.0,122.038350719207,17.6762965927654,100.0,15762.6322515113,98.3803329467773,68.0976986078883,122.038350719207,69.62454062993993,64.47366944354667,60.5144089837978
Hungary,HUN,2009,62.0,117.908502208396,19.7645064510111,100.0,13051.1831777184,99.7433776855469,68.4592590332031,117.908502208396,68.60811840920798,69.62454062993993,64.47366944354667
Hungary,HUN,2010,65.0,120.369453085535,21.639373536508,100.0,13189.8433874768,101.997688293457,69.5305480957031,120.369453085535,70.70234071344737,68.60811840920798,69.62454062993993
Hungary,HUN,2011,68.0199878861296,117.526065994308,23.2549245597223,100.0,14211.460557822,103.081069946289,69.4779934082031,117.526065994308,74.12354989170987,70.70234071344737,68.60811840920798
Hungary,HUN,2012,70.579998153838,116.767825095297,24.1618038721448,100.0,12950.1594488143,101.234046936035,69.5772326660156,116.767825095297,74.90836957951421,74.12354989170987,70.70234071344737
Hungary,HUN,2013,72.6439,117.200126277309,26.2621916555453,100.0,13739.4620151401,107.21753692627,69.9277636266638,117.200126277309,73.5929430678946,74.90836957951421,74.12354989170987
Hungary,HUN,2014,75.6531974544103,118.895659080821,26.164233392363,100.0,14352.501883174,106.026969909668,70.3071053512008,118.895659080821,75.75055877319522,73.5929430678946,74.90836957951421
Hungary,HUN,2015,72.8347370323805,100.623739037612,27.6322359587573,100.0,12782.9412577973,104.633018493652,70.4847717285156,100.623739037612,73.25145166916354,75.75055877319522,73.5929430678946
Hungary,HUN,2016,79.2594121273057,101.442011503556,28.6887907811727,100.0,13215.8605277789,103.966499328613,70.4733810424805,101.442011503556,76.41019048978114,73.25145166916354,75.75055877319522
Hungary,HUN,2017,76.7505471201922,101.629260697653,30.2136178819417,100.0,14736.1668157258,104.152000427246,70.4542541503906,101.629260697653,72.81095862025514,76.41019048978114,73.25145166916354
Hungary,HUN,2018,76.0743606365063,102.737202940663,31.5062908247816,100.0,16605.0570511887,103.612083435059,70.4711761474609,102.737202940663,76.20615207445277,72.81095862025514,76.41019048978114
Hungary,HUN,2019,80.3716936050482,105.141557934591,32.6466329851573,100.0,17012.8598553199,102.438682556152,70.4565277099609,105.141557934591,77.23149055932123,76.20615207445277,72.81095862025514
Hungary,HUN,2020,84.77115202,105.981902376717,33.4922037196533,100.0,16386.9308821258,101.940628051758,70.2917327880859,105.981902376717,78.93487321715006,77.23149055932123,76.20615207445277
Hungary,HUN,2021,88.64083466,105.137285804787,34.8391868436369,100.0,19030.628130329,99.6460494995117,70.2059275331413,105.137285804787,80.24654869706575,78.93487321715006,77.23149055932123
Hungary,HUN,2022,89.14282688,105.793848314995,36.5338104764554,100.0,18428.028825614,102.851913452148,70.1585064243445,105.793848314995,81.75267846255682,80.24654869706575,78.93487321715006
Hungary,HUN,2023,91.4500713,105.054424922699,36.7901885342462,100.0,22208.6509820466,105.419059753418,70.2923026891431,105.054424922699,81.72934226884632,81.75267846255682,80.24654869706575
Hungary,HUN,2024,93.77898628,104.58063059269,37.542262483936,100.0,23305.4482514359,107.350929260254,70.491825943218,104.58063059269,82.59665320580815,81.72934226884632,81.75267846255682
Indonesia,IDN,2004,2.60028587633414,13.3098113507561,0.0372488256079262,89.0,1126.84004447173,62.9758682250977,45.4476736441888,13.3098113507561,21.22216951418676,20.06497565349762,19.576306174778786
Indonesia,IDN,2005,3.60202476259646,20.3186367836848,0.0468658668138769,84.8,1238.21447629488,61.6382789611816,46.2373757571669,20.3186367836848,21.196451618214944,21.22216951418676,20.06497565349762
Indonesia,IDN,2006,4.76481313366657,27.2718805165778,0.0830799861161057,90.6,1558.31562847163,64.6422119140625,47.0017588692457,27.2718805165778,23.751298137622584,21.196451618214944,21.22216951418676
Indonesia,IDN,2007,5.78627472934199,39.3933857996178,0.328508530648629,91.1,1823.21976255073,71.8545074462891,47.7432993585496,39.3933857996178,25.9749252991229,23.751298137622584,21.196451618214944
Indonesia,IDN,2008,7.917500019,58.5357555358068,0.408715260975609,92.7,2124.55483920618,70.1684417724609,48.4644736032029,58.5357555358068,29.807533714755508,25.9749252991229,23.751298137622584
Indonesia,IDN,2009,6.92,67.2958400448831,0.766310659252124,93.6,2218.48541852977,74.5035934448242,49.16775798133,67.2958400448831,30.723600830359025,29.807533714755508,25.9749252991229
Indonesia,IDN,2010,10.92,85.7838690956097,0.925808659546544,94.2,3065.68348377765,75.6519088745117,49.8521375148888,85.7838690956097,35.01980276649738,30.723600830359025,29.807533714755508
Indonesia,IDN,2011,12.28,100.134519965107,1.09687683849738,94.8,3579.46442466152,78.1330718994141,50.4830017089844,100.134519965107,37.541905260629335,35.01980276649738,30.723600830359025
Indonesia,IDN,2012,14.52,111.581048999,1.18045801810675,96.0,3632.27254030331,80.0926818847656,51.1593933105469,111.581048999,40.03727519766853,37.541905260629335,35.01980276649738
Indonesia,IDN,2013,14.94,122.424816798816,1.27096683417948,96.5,3566.60284506078,81.8896974781343,51.8307495117188,122.424816798816,41.56376153495209,40.03727519766853,37.541905260629335
Indonesia,IDN,2014,17.1431598350566,125.767185647597,1.31336301010966,97.0,3441.06808464008,83.5559949258569,52.5002136230469,125.767185647597,42.95287401548606,41.56376153495209,40.03727519766853
Indonesia,IDN,2015,22.062742603379,129.468797674053,1.52139473860752,97.5,3288.22269725538,87.8423207929976,53.1720771789551,129.468797674053,45.6651628130751,42.95287401548606,41.56376153495209
Indonesia,IDN,2016,25.447353701827,145.704251250337,1.9753784545485,97.6,3521.46943457574,87.8191791728036,53.812557220459,145.704251250337,49.6436306976878,45.6651628130751,42.95287401548606
Indonesia,IDN,2017,32.335806250688,162.782511760443,2.32504234259027,98.1,3798.88326174526,90.9455391241064,54.4541015625,150.0,52.64879339569594,49.6436306976878,45.6651628130751
Indonesia,IDN,2018,39.9046386385762,118.330216938024,3.28729591276809,98.5,3860.95353090726,92.8120739600443,55.0956840515137,118.330216938024,51.241666734285246,52.64879339569594,49.6436306976878
Indonesia,IDN,2019,47.6906489788375,125.244348145809,3.77422560918071,98.8,4106.94856160358,94.9467044891028,55.7382049560547,125.244348145809,55.859049099842494,51.241666734285246,52.64879339569594
Indonesia,IDN,2020,53.72649449,129.40362112725,3.92993769121646,97.0,3853.70288774146,96.9345779132931,56.2785287648768,129.40362112725,57.826442540399725,55.859049099842494,51.241666734285246
Indonesia,IDN,2021,62.10447842,132.199444256099,4.4874632789818,99.2,4287.17313995098,97.8441479813619,56.8761702464027,132.199444256099,62.19321643647619,57.826442540399725,55.859049099842494
Indonesia,IDN,2022,66.48461277,122.873012230307,4.82151507878823,100.0,4730.83484836107,97.8167602714893,57.4934704226599,122.873012230307,63.13530893463274,62.19321643647619,57.826442540399725
Indonesia,IDN,2023,69.20836554,125.238194847046,4.81663955789733,99.4,4876.2992959843,96.0002120295081,58.1179353397878,125.238194847046,64.04832486243326,63.13530893463274,62.19321643647619
Indonesia,IDN,2024,72.78075544,122.514946500491,4.92196685438436,99.9,4925.43644992666,98.836444459078,58.7509635387997,122.514946500491,64.89148585611795,64.04832486243326,63.13530893463274
India,IND,2004,1.97613649190559,4.59686532886976,0.0206867742681806,64.4,624.258826510066,53.247371673584,28.7726067228528,4.59686532886976,14.35154548284183,14.223123638705449,13.368558384415655
India,IND,2005,2.388099909,7.80651670797836,0.116742672757431,68.8,710.488080408949,55.9314002990723,29.0945497159107,7.80651670797836,15.708199862299141,14.35154548284183,14.223123638705449
India,IND,2006,2.80549986534254,14.1574719620028,0.196098678184923,67.9,801.668353659022,56.7859497070312,29.4309857146804,14.1574719620028,16.514202123947825,15.708199862299141,14.35154548284183
India,IND,2007,3.95,19.620786501083,0.262875874276131,72.3,1021.88707706826,59.1478385925293,29.7810426848684,19.620786501083,18.611829909591847,16.514202123947825,15.708199862299141
India,IND,2008,4.38,28.7177007907217,0.437111073178848,74.1,992.519584923828,62.2119216918945,30.1438485921815,28.7177007907217,20.494444857998488,18.611829909591847,16.514202123947825
India,IND,2009,5.12,42.8461358054675,0.632032113675308,75.0,1094.94974598436,61.3603210449219,30.5185314023263,42.8461358054675,22.83030850169351,20.494444857998488,18.611829909591847
India,IND,2010,7.5,60.4906435106584,0.883808841093522,76.3,1347.51939071367,64.9475936889648,30.9042190810094,60.4906435106584,26.357445107843795,22.83030850169351,20.494444857998488
India,IND,2011,10.07,70.8725652125021,1.05858887089543,79.5,1445.46127486037,67.1251678466797,31.2746502853309,70.8725652125021,29.427358239124015,26.357445107843795,22.83030850169351
India,IND,2012,11.10000038,67.6263517922249,1.17169600055105,79.9,1429.32199520032,69.8089599609375,31.5898935604399,67.6263517922249,29.101463895823585,29.427358239124015,26.357445107843795
India,IND,2013,12.30000019,68.3966708179098,1.15197793176359,83.1,1432.84397512195,69.4771270751953,31.9096789235237,68.3966708179098,29.83184063743132,29.101463895823585,29.427358239124015
India,IND,2014,13.5,71.9366825449914,1.20020374567342,85.1,1553.88396075118,74.8887023925781,32.2288233408821,71.9366825449914,31.03838570435792,29.83184063743132,29.101463895823585
India,IND,2015,14.89999962,75.379332347226,1.27578595315943,88.0,1583.99815907985,74.6113662719727,32.5472990022299,75.379332347226,32.59375048018,31.03838570435792,29.83184063743132
India,IND,2016,16.5,83.917838213735,1.38795276378032,89.6,1707.50892912243,75.9372863769531,32.8650780972823,83.917838213735,34.79637338493589,32.59375048018,31.03838570435792
India,IND,2017,18.20000076,85.9703537817688,1.31327377028949,91.8,1950.10468280866,74.6743774414062,33.1821328157539,85.9703537817688,35.24639796105711,34.79637338493589,32.59375048018
India,IND,2018,20.0813000379384,85.5500756367908,1.3217822859385,95.7,1966.25455171679,76.0025787353516,33.4984353473598,85.5500756367908,36.522180378770614,35.24639796105711,34.79637338493589
India,IND,2019,29.52350044,82.898144918237,1.37913181839908,95.9,2041.42863698585,75.8716506958008,33.8139578818147,82.898144918237,40.293316296423825,36.522180378770614,35.24639796105711
India,IND,2020,43.40544313,82.2540479927426,1.63622632751685,96.5,1907.04251637669,77.6271548412386,34.1286726088333,82.2540479927426,45.22363657462046,40.293316296423825,36.522180378770614
India,IND,2021,49.2580986,81.603974311212,1.9487996093033,99.6,2239.61384367482,80.6246396728944,34.4425517181304,81.603974311212,47.31132530972159,45.22363657462046,40.293316296423825
India,IND,2022,55.9,80.1818007717416,2.35231555917724,99.2,2279.98145719369,81.1778608399708,34.7555673994206,80.1818007717416,50.935837597949046,47.31132530972159,45.22363657462046
India,IND,2023,60.25230026,80.5631998772888,2.74534696441771,99.5,2434.44826340989,78.8639591218839,35.0676918424186,80.5631998772888,51.76394146000874,50.935837597949046,47.31132530972159
India,IND,2024,64.9434967,79.3526921826412,3.15046250037677,99.9,2591.9916607122,78.1058073224606,35.3788972368389,79.3526921826412,53.0648600013841,51.76394146000874,50.935837597949046
Ireland,IRL,2004,36.99,94.9321014130619,3.74071829661314,100.0,47754.2023194244,109.409881591797,60.1994750854288,94.9321014130619,56.55253364592093,52.0930436432456,47.72801534361127
Ireland,IRL,2005,41.61,102.760725861337,7.76120236306351,100.0,50933.0216095589,109.784301757812,60.4882988006461,102.760725861337,58.068312678274275,56.55253364592093,52.0930436432456
Ireland,IRL,2006,54.82,109.870670248019,13.1583324314359,100.0,54329.1618599624,109.603439331055,60.7703677431593,109.870670248019,66.09356984695029,58.068312678274275,56.55253364592093
Ireland,IRL,2007,61.158324551,113.137687313091,17.2691420282585,100.0,61396.417461176,111.234497070312,61.0601979374234,113.137687313091,69.59496447998195,66.09356984695029,58.068312678274275
Ireland,IRL,2008,65.34,112.530720581971,19.8672135236767,100.0,61353.1065629523,111.293968200684,61.3581903884996,112.530720581971,71.07960155907068,69.59496447998195,66.09356984695029
Ireland,IRL,2009,67.38,103.766086014409,21.5358272794807,100.0,52133.0906162544,114.39266204834,61.6421022728798,103.766086014409,69.59184325526678,71.07960155907068,69.59496447998195
Ireland,IRL,2010,69.85,103.123305579196,22.3721452573765,100.0,48623.9666422487,118.096908569336,61.8910689348512,103.123305579196,70.69991188435358,69.59184325526678,71.07960155907068
Ireland,IRL,2011,74.8899729670944,107.134899495633,23.3814204815178,100.0,52613.8540355689,115.83373260498,62.0872735820277,107.134899495633,75.68804833386258,70.69991188435358,69.59184325526678
Ireland,IRL,2012,76.919992540097,108.989828987516,24.1750019347271,100.0,49335.8408099555,117.75218963623,62.2529318511038,108.989828987516,76.48048803930111,75.68804833386258,70.69991188435358
Ireland,IRL,2013,78.2477,105.53780299895,25.7144376937159,100.0,52537.6108648692,117.75218963623,62.4047157756118,105.53780299895,74.07820025385118,76.48048803930111,75.68804833386258
Ireland,IRL,2014,83.4917223351728,105.460883393918,27.0221858517779,100.0,57214.5379785709,116.739097595215,62.535401730577,105.460883393918,77.32296295230765,74.07820025385118,76.48048803930111
Ireland,IRL,2015,83.4947916666667,104.242903808134,27.8462651784045,100.0,64250.1385181257,116.989868164062,62.6392123492764,104.242903808134,78.25958066515163,77.32296295230765,74.07820025385118
Ireland,IRL,2016,83.5,102.558386941167,28.6147710435862,100.0,64129.5571542383,117.028717041016,62.7229399123734,102.558386941167,78.2949708041163,78.25958066515163,77.32296295230765
Ireland,IRL,2017,84.1140070623844,101.842124574945,29.0794615926246,100.0,72161.4047531385,125.027168273926,62.9035196521232,101.842124574945,75.51428188552202,78.2949708041163,78.25958066515163
Ireland,IRL,2018,87.0001401148942,102.030494877842,29.3513301848147,100.0,80804.1123164826,154.163345336914,63.0844503476779,102.030494877842,79.75979656881414,75.51428188552202,78.2949708041163
Ireland,IRL,2019,87.0000552425146,104.597515228061,29.6453160652366,100.0,81827.6688873996,137.07568359375,63.2737009154127,104.597515228061,78.76423345098769,79.75979656881414,75.51428188552202
Ireland,IRL,2020,91.99989097,105.045612677382,30.4353384554187,100.0,86514.0706108754,133.497024536133,63.4713366724915,105.045612677382,80.76693363724391,78.76423345098769,79.75979656881414
Ireland,IRL,2021,93.50610352,106.86972424373,31.3616427884193,100.0,103783.446284479,132.947692871094,63.6774229356985,106.86972424373,81.35991087259833,80.76693363724391,78.76423345098769
Ireland,IRL,2022,95.03690338,110.608851322579,31.5362809040128,100.0,105190.685952731,130.604965209961,63.8920250215059,110.608851322579,83.22265768651886,81.35991087259833,80.76693363724391
Ireland,IRL,2023,96.8660965,110.798344311602,31.8907830651788,100.0,106818.917130804,130.604965209961,64.1152082461268,110.798344311602,83.30053974157298,83.22265768651886,81.35991087259833
Ireland,IRL,2024,97.18769836,112.638817343502,32.3023693358176,100.0,112894.953240805,130.604965209961,64.3470379255585,112.638817343502,83.65501576104172,83.30053974157298,83.22265768651886
"Iran, Islamic Rep.",IRN,2004,7.49,7.22451487493309,,98.3,2672.4226651404,74.5375213623047,67.2567367553711,7.22451487493309,30.538370461552322,23.830503131886974,22.60794327058611
"Iran, Islamic Rep.",IRN,2005,8.100000381,11.8483865482002,,98.4,3132.0508192007,74.438591003418,67.8708801269531,11.8483865482002,31.14095213381307,30.538370461552322,23.830503131886974
"Iran, Islamic Rep.",IRN,2006,8.760000229,20.9629556446497,0.136253245841854,98.4,3618.91601364428,75.9471969604492,68.3101850492144,20.9629556446497,26.328135791702856,31.14095213381307,30.538370461552322
"Iran, Islamic Rep.",IRN,2007,9.470000267,39.9047497616975,0.268086998734951,98.7,4687.99166260718,75.657600402832,68.806189933608,39.9047497616975,29.214188387537526,26.328135791702856,31.14095213381307
"Iran, Islamic Rep.",IRN,2008,12.02,56.9429295712367,0.397276252822582,98.8,5377.4115072957,78.8498077392578,69.3790072996746,56.9429295712367,32.63354729275802,29.214188387537526,26.328135791702856
"Iran, Islamic Rep.",IRN,2009,13.80000019,68.7372417407898,0.52316424120095,99.7,5415.52280553446,80.3835906982422,69.99007683587,68.7372417407898,35.04962569920896,32.63354729275802,29.214188387537526
"Iran, Islamic Rep.",IRN,2010,15.9,69.8155207353596,1.27555962256262,99.4,6291.19443655454,79.0264663696289,70.6092626774386,69.8155207353596,36.22143371390736,35.04962569920896,32.63354729275802
"Iran, Islamic Rep.",IRN,2011,19.0,71.4983841389879,2.70427494282669,99.5,8025.68743364356,81.2944793701172,71.204050944517,71.4983841389879,38.18024087204287,36.22143371390736,35.04962569920896
"Iran, Islamic Rep.",IRN,2012,22.73,73.2734207057577,4.79231977390111,99.5,8114.08099831877,82.7059326171875,71.7633634041294,73.2734207057577,40.369541315395374,38.18024087204287,36.22143371390736
"Iran, Islamic Rep.",IRN,2013,29.95,81.1371930246672,6.41817590383926,99.8,6222.74194840326,81.5845565795898,72.3030873515412,81.1371930246672,44.19523495976958,40.369541315395374,38.18024087204287
"Iran, Islamic Rep.",IRN,2014,39.353614505223,84.5268986808859,7.53995804645147,100.0,5672.06372896319,82.5869369506836,72.8324070385223,84.5268986808859,48.958957876403375,44.19523495976958,40.369541315395374
"Iran, Islamic Rep.",IRN,2015,45.3349761533285,89.8322296412795,7.99892645019457,100.0,4952.73355532178,82.7305221557617,73.3561403575949,89.8322296412795,52.47307519268849,48.958957876403375,44.19523495976958
"Iran, Islamic Rep.",IRN,2016,53.2267716709857,96.0721972454902,9.07810254131414,100.0,5710.59947089104,83.3275680541992,73.8796100096595,96.0721972454902,57.0248366045764,52.47307519268849,48.958957876403375
"Iran, Islamic Rep.",IRN,2017,64.0439736249513,102.375956866471,10.1144035205672,99.9,6000.93346404409,82.7564392089844,74.4011840820312,102.375956866471,61.20740302020458,57.0248366045764,52.47307519268849
"Iran, Islamic Rep.",IRN,2018,70.2005650008363,103.024273741245,11.3875742908004,100.0,4783.01067340237,82.7564392089844,74.8034286499023,103.024273741245,65.31251467981912,61.20740302020458,57.0248366045764
"Iran, Islamic Rep.",IRN,2019,72.4509047672065,135.622267599115,9.90926903532027,100.0,3997.4935449585,82.7564392089844,75.2038879394531,135.622267599115,70.22097353880932,65.31251467981912,61.20740302020458
"Iran, Islamic Rep.",IRN,2020,75.56986637,145.485569917724,10.9026671467968,100.0,3202.50003502169,85.1913986206055,75.5986404418945,145.485569917724,72.83696343548795,70.22097353880932,65.31251467981912
"Iran, Islamic Rep.",IRN,2021,78.5957366,153.624638869213,12.068102546673,100.0,4605.14881318992,85.1913986206055,75.9926376342773,150.0,75.21079578212667,72.83696343548795,70.22097353880932
"Iran, Islamic Rep.",IRN,2022,81.71649933,162.712943709127,12.2102486068411,100.0,4721.20437099984,85.6060028076172,76.3342208862305,150.0,76.5455873454053,75.21079578212667,72.83696343548795
"Iran, Islamic Rep.",IRN,2023,83.71050262,166.279821209677,12.0205942239083,100.0,5049.29931642754,85.1469802856445,76.6759567260742,150.0,77.28277452598024,76.5455873454053,75.21079578212667
"Iran, Islamic Rep.",IRN,2024,85.3404007,174.066388972063,12.0603874696566,100.0,5190.16959024821,85.1469802856445,77.0201263427734,150.0,77.91688614489264,77.28277452598024,76.5455873454053
Iraq,IRQ,2004,0.9,2.0813784149745,,97.3,1328.37157628292,45.1472206115723,68.2202223846538,2.0813784149745,25.273291863538716,24.704704016595283,24.599570862359393
Iraq,IRQ,2005,0.899999976,5.39647208013898,,97.4,1762.39360423421,45.1472206115723,68.391425621866,5.39647208013898,25.664385516111675,25.273291863538716,24.704704016595283
Iraq,IRQ,2006,0.95234424383919,32.6572645201556,9.08566259727993e-05,97.6,2276.55435744086,45.1472206115723,68.5590667282222,32.6572645201556,24.159061535363826,25.664385516111675,25.273291863538716
Iraq,IRQ,2007,0.93,49.3851299082859,0.000345172430711654,98.1,3128.99010329066,50.5742416381836,68.716475540845,49.3851299082859,26.462241126274726,24.159061535363826,25.664385516111675
Iraq,IRQ,2008,1.0,60.5052577339657,0.000186393058225464,97.9,4542.96609046032,50.5742416381836,68.8569818968574,60.5052577339657,27.924820709085218,26.462241126274726,24.159061535363826
Iraq,IRQ,2009,1.06,66.9264027267629,0.000402552301358238,98.1,3714.71205987194,50.5742416381836,68.9742328505284,66.9264027267629,28.821599731553555,27.924820709085218,26.462241126274726
Iraq,IRQ,2010,2.5,74.9368134361824,0.010040145766038,98.4,4461.75196161555,50.5742416381836,69.0582953378474,74.9368134361824,30.54164177932544,28.821599731553555,27.924820709085218
Iraq,IRQ,2011,5.0,79.346611020706,,98.0,5775.54229080293,50.5742416381836,69.1252233869916,79.346611020706,39.786463704461184,30.54164177932544,28.821599731553555
Iraq,IRQ,2012,7.099999905,79.5011903487766,,99.3,6477.59618450955,50.5742416381836,69.2222213745117,79.5011903487766,40.75378971996834,39.786463704461184,30.54164177932544
Iraq,IRQ,2013,9.199999809,91.9732728220056,,99.0,6650.35282247395,50.5742416381836,69.444450378418,91.9732728220056,43.601685696102216,40.75378971996834,39.786463704461184
Iraq,IRQ,2014,11.6453267304545,90.2871319578445,,99.2,6249.39226978969,50.5742416381836,69.6666641235352,90.2871319578445,44.33869024775921,43.601685696102216,40.75378971996834
Iraq,IRQ,2015,15.21440029,89.3464376905175,,99.4,4440.14189252367,50.5742416381836,69.920524597168,89.3464376905175,45.851575060671706,44.33869024775921,43.601685696102216
Iraq,IRQ,2016,19.87719917,86.9439155206782,,99.7,4334.42096404188,50.5742416381836,69.9123778259643,86.9439155206782,47.77256960734055,45.851575060671706,44.33869024775921
Iraq,IRQ,2017,25.96920013,84.9464629712121,10.910523135606,99.9,4759.2846435467,50.5742416381836,69.8944511190753,84.9464629712121,43.06596779097704,47.77256960734055,45.851575060671706
Iraq,IRQ,2018,33.92810059,90.7159740030354,11.1567326014866,99.9,5646.68932074742,50.5742416381836,69.8765148865842,90.7159740030354,48.14426968019075,43.06596779097704,47.77256960734055
Iraq,IRQ,2019,44.3263465511579,90.3685290100393,11.0677657654898,100.0,5671.8568632942,50.5742416381836,69.8683395385742,90.3685290100393,52.04263361194808,48.14426968019075,43.06596779097704
Iraq,IRQ,2020,53.67779922,88.9799284628949,14.8494851377503,100.0,4295.18945121228,50.5742416381836,69.8683166503906,88.9799284628949,56.23490323816853,52.04263361194808,48.14426968019075
Iraq,IRQ,2021,65.00219727,94.6092832170426,14.8275236561145,100.0,4868.49431080783,50.5742416381836,69.8682708740234,94.6092832170426,61.039854707983416,56.23490323816853,52.04263361194808
Iraq,IRQ,2022,78.71560926,99.1323661916548,14.4912960130678,100.0,6520.73154560584,50.5742416381836,69.8682861328125,99.1323661916548,68.25380683835061,61.039854707983416,56.23490323816853
Iraq,IRQ,2023,81.80889893,101.388721479182,17.2312565041583,100.0,5965.31835077761,50.5742416381836,69.868278503418,101.388721479182,69.94267818684408,68.25380683835061,61.039854707983416
Iraq,IRQ,2024,81.47450256,100.080276677726,17.6333290365333,100.0,6073.61032342708,50.5742416381836,69.8861494108913,100.080276677726,69.25138801527268,69.94267818684408,68.25380683835061
Iceland,ISL,2004,83.88,99.2812354535747,19.0862791270776,100.0,47809.6073050042,108.134918212891,92.4377293375354,99.2812354535747,91.91917598056637,88.39327725770713,84.7634672162196
Iceland,ISL,2005,87.0,95.3758666460042,26.2830403525203,100.0,57783.7745608117,108.752983093262,92.377441015064,95.3758666460042,90.52625346169644,91.91917598056637,88.39327725770713
Iceland,ISL,2006,89.51,99.357628490756,28.8731513719502,100.0,58172.1426656622,107.523468017578,92.1949009038813,99.357628490756,88.5741896498945,90.52625346169644,91.91917598056637
Iceland,ISL,2007,90.6,104.635634090698,32.0955171008596,100.0,70483.0117228535,106.327003479004,92.3614571703229,104.635634090698,87.97505692597443,88.5741896498945,90.52625346169644
Iceland,ISL,2008,91.0,106.112486378553,33.3897088002419,100.0,57489.3399795216,106.229942321777,93.0646442174216,106.112486378553,86.56777015737937,87.97505692597443,88.5741896498945
Iceland,ISL,2009,93.0,106.62341656937,33.6057650057123,100.0,41483.7843682814,106.478248596191,93.4441340553707,106.62341656937,84.8570954791295,86.56777015737937,87.97505692597443
Iceland,ISL,2010,93.39,107.203653530636,34.3263410003835,100.0,43776.4677400475,108.819038391113,93.4588348107886,107.203653530636,85.15730832378391,84.8570954791295,86.56777015737937
Iceland,ISL,2011,94.8196868008949,107.817332368231,34.9642943312747,100.0,48254.953927254,109.70686340332,93.41106112427,107.817332368231,89.1902948865052,85.15730832378391,84.8570954791295
Iceland,ISL,2012,96.2097995545657,109.747195651429,35.3508435642577,100.0,46594.9869146614,113.517669677734,93.514892578125,109.747195651429,89.4460192859514,89.1902948865052,85.15730832378391
Iceland,ISL,2013,96.5468,109.997066860151,36.2681198573568,100.0,50173.3360061057,122.033569335938,93.6166725158692,109.997066860151,85.72144678408183,89.4460192859514,89.1902948865052
Iceland,ISL,2014,98.1580233097118,112.987310388627,36.5320965338675,100.0,55140.364935793,120.632568359375,93.6196716315805,112.987310388627,87.94217409600172,85.72144678408183,89.4460192859514
Iceland,ISL,2015,98.19999695,116.004435688559,37.5994101863714,100.0,53505.6964079339,119.807357788086,93.727919768566,116.004435688559,89.9614518447915,87.94217409600172,85.72144678408183
Iceland,ISL,2016,98.23999786,119.679414972554,38.150452657238,100.0,62854.0906407932,117.122772216797,93.7822647094726,119.679414972554,90.74773721724398,89.9614518447915,87.94217409600172
Iceland,ISL,2017,98.2552011867973,116.796155223255,39.1883119718453,100.0,72976.3729990975,115.741142272949,93.7718982310092,116.796155223255,86.91291273745239,90.74773721724398,89.9614518447915
Iceland,ISL,2018,99.0109539916991,116.581078859812,39.1065426493677,100.0,75633.8651351915,114.649406433105,93.8526667025487,116.581078859812,91.11587705667614,86.91291273745239,90.74773721724398
Iceland,ISL,2019,99.5049411693787,114.623232603271,38.6029941779872,100.0,69296.3144361601,112.034339904785,93.9770847416131,114.623232603271,88.80946423480933,91.11587705667614,86.91291273745239
Iceland,ISL,2020,99.5327519,114.939418571031,38.6826471438625,100.0,60127.9393575616,110.487319946289,94.1367102874722,114.939418571031,88.51360881543386,88.80946423480933,91.11587705667614
Iceland,ISL,2021,99.68701957,117.34255750797,38.4077027940877,100.0,70425.4064277273,115.156303405762,94.2108206403841,117.34255750797,88.34462092935189,88.51360881543386,88.80946423480933
Iceland,ISL,2022,97.58339691,120.114839781678,37.4212579793667,100.0,76376.9599334915,112.589393615723,94.1787071228028,120.114839781678,87.91310151904392,88.34462092935189,88.51360881543386
Iceland,ISL,2023,97.94860077,121.475495280706,37.4245919320463,100.0,82201.2908518078,108.911361694336,94.1518261784801,121.475495280706,87.58929867131995,87.91310151904392,88.34462092935189
Iceland,ISL,2024,98.209198,120.927513243653,37.5242757933482,100.0,85863.1479330343,108.911361694336,94.1819039916522,120.927513243653,87.46809736278088,87.58929867131995,87.91310151904392
Israel,ISR,2004,22.7704855254035,109.173998769782,14.8146199740079,100.0,20550.0694706176,97.7852325439453,91.5829008110251,109.173998769782,61.02231097835079,54.76676915663167,50.893809515174965
Israel,ISR,2005,25.19400024,115.290762500435,18.2756889429366,100.0,21261.7474251846,97.9443511962891,91.6384296279033,115.290762500435,59.318693385036724,61.02231097835079,54.76676915663167
Israel,ISR,2006,27.8810997,122.789680118386,20.7626147861378,100.0,22499.7541717986,97.9347229003906,91.6825760364229,122.789680118386,59.80019850230224,59.318693385036724,61.02231097835079
Israel,ISR,2007,48.1280621948445,127.857199795187,21.9534632539815,100.0,25688.901610248,97.3899536132812,91.713639843393,127.857199795187,67.84742910683025,59.80019850230224,59.318693385036724
Israel,ISR,2008,59.39,126.817477148287,23.7765120816873,100.0,30231.0191013609,96.5533218383789,91.7292868898136,126.817477148287,71.830043122733,67.84742910683025,59.80019850230224
Israel,ISR,2009,63.12,125.199553267123,23.9103114918258,100.0,28469.6817348489,96.0253067016602,91.7319738585748,125.199553267123,71.38750250278528,71.830043122733,67.84742910683025
Israel,ISR,2010,67.5,124.183304971489,24.0161325167121,100.0,31398.9266927022,97.8008117675781,91.7316426703946,124.183304971489,73.04405420425202,71.38750250278528,71.830043122733
Israel,ISR,2011,68.8738779907441,123.142439797067,25.1508929901568,100.0,34476.7252065949,98.0884170532227,91.7304024673781,123.142439797067,76.05664769333224,73.04405420425202,71.38750250278528
Israel,ISR,2012,70.8,121.257449610793,25.460778308521,100.0,33268.7066672115,98.0721435546875,91.7276502819515,121.257449610793,76.18531893397568,76.05664769333224,73.04405420425202
Israel,ISR,2013,70.250311945,122.590468216873,25.8472324040417,100.0,36980.622214228,98.7666168212891,91.7227831465406,122.590468216873,73.23898275821924,76.18531893397568,76.05664769333224
Israel,ISR,2014,75.0177531628076,120.296120931284,26.9843193373229,100.0,38265.3651949373,98.5257034301758,91.7151980935716,120.296120931284,75.99416288913619,73.23898275821924,76.18531893397568
Israel,ISR,2015,77.3520896572253,131.256932278377,26.9840410445519,100.0,36138.13561386,98.464973449707,91.7042921554705,131.256932278377,79.39824787366021,75.99416288913619,73.23898275821924
Israel,ISR,2016,79.6531241815281,128.745353991867,27.5030283172787,100.0,37571.2561196275,99.2754516601562,91.6894623646632,128.745353991867,80.17853374620839,79.39824787366021,75.99416288913619
Israel,ISR,2017,81.5811835871611,126.049460421008,28.00833361537,100.0,41013.2575323519,98.0842971801758,91.6701057535759,126.049460421008,77.8823648639626,80.17853374620839,79.39824787366021
Israel,ISR,2018,83.7331569615326,125.733440171505,28.6131707306182,100.0,42269.3770257585,98.327278137207,91.6456193546346,125.733440171505,81.6990092250715,77.8823648639626,80.17853374620839
Israel,ISR,2019,86.7878776180583,135.143345507015,28.6567652412239,100.0,44091.8678022544,97.8852386474609,91.6154002002652,135.143345507015,83.0392319161478,81.6990092250715,77.8823648639626
Israel,ISR,2020,90.12734091,139.425860895034,29.5678161933081,100.0,44590.8237253282,98.0958404541016,91.5788453228939,139.425860895034,84.93277268586984,83.0392319161478,81.6990092250715
Israel,ISR,2021,90.29689758,139.775312861878,29.7078785417387,100.0,52258.4693499398,98.8700408935547,91.5353517549466,139.775312861878,84.93102271018428,84.93277268586984,83.0392319161478
Israel,ISR,2022,91.85079615,151.1379631075,29.1676695245416,100.0,54947.2091250715,98.5873031616211,91.4979834273327,150.0,87.05204658985983,84.93102271018428,84.93277268586984
Israel,ISR,2023,87.03842615,153.336641345572,29.4357235504327,100.0,52126.4489280033,99.3012008666992,91.5089569794505,150.0,84.94944467541222,87.05204658985983,84.93102271018428
Israel,ISR,2024,88.18242225,177.393104798636,29.1837101461688,100.0,54216.5218142787,98.5473403930664,91.536188843818,150.0,85.31143543195873,84.94944467541222,87.05204658985983
Italy,ITA,2004,33.24,107.860980448921,8.12094346025382,100.0,31348.1901841445,99.0750198364258,67.5072499739908,107.860980448921,60.43790151824405,53.768497944119524,53.337850772217436
Italy,ITA,2005,35.0,122.181092098347,11.6579729835562,100.0,32062.723833669,99.2056274414062,67.5897169318419,122.181092098347,60.26344758334572,60.43790151824405,53.768497944119524
Italy,ITA,2006,37.99,136.871374454418,14.4626057407447,100.0,33537.1286994269,99.5338516235352,67.6812550714834,136.871374454418,62.861431589990886,60.26344758334572,60.43790151824405
Italy,ITA,2007,40.79,151.925130505279,17.1245900774031,100.0,37826.1754554823,99.8377380371094,67.7857771296669,150.0,65.44936333198044,62.861431589990886,60.26344758334572
Italy,ITA,2008,44.53,151.676369660737,18.9320738480128,100.0,40828.5795580937,100.291458129883,67.9071958431441,150.0,66.58283513892023,65.44936333198044,62.861431589990886
Italy,ITA,2009,48.83,150.295257362571,20.1731687077376,100.0,37099.6133958219,100.175491333008,68.0494239486665,150.0,67.36855324186948,66.58283513892023,65.44936333198044
Italy,ITA,2010,53.68,155.684057564253,21.7704634480966,100.0,35856.8625485539,101.401161193848,68.2163741829857,150.0,69.86541826826739,67.36855324186948,66.58283513892023
Italy,ITA,2011,54.3899983018814,159.092737727414,22.393878996579,100.0,38432.3742820019,101.59642791748,68.4015073889511,150.0,72.36745506921224,69.86541826826739,67.36855324186948
Italy,ITA,2012,55.829997993283,160.558717223582,22.7375144996784,100.0,34854.3949441965,100.449836730957,68.7608794235259,150.0,72.77997079067887,72.36745506921224,69.86541826826739
Italy,ITA,2013,58.4593,159.698153133449,23.1031860985354,100.0,35701.6746002376,100.973121643066,69.3073989916076,150.0,71.39710114289014,72.77997079067887,72.36745506921224
Italy,ITA,2014,55.6384602242293,148.21699121216,23.7083714537202,100.0,36028.3494022349,101.121726989746,69.5807638614879,148.21699121216,70.90860171383619,71.39710114289014,72.77997079067887
Italy,ITA,2015,58.1417349568747,144.763979440074,24.5977602494059,100.0,30639.8829751432,101.228088378906,69.6100006103516,144.763979440074,72.54561613078832,70.90860171383619,71.39710114289014
Italy,ITA,2016,61.3242527666303,142.127307324616,25.7337403103573,100.0,31391.5692898108,100.742958068848,69.5969232525286,142.127307324616,73.91668530212581,72.54561613078832,70.90860171383619
Italy,ITA,2017,63.0773469984291,138.882433107903,27.4652917045411,100.0,32844.115660604,101.01001739502,69.5180784259382,138.882433107903,72.0726537658047,73.91668530212581,72.54561613078832
Italy,ITA,2018,74.3871829234822,138.264671531909,28.4648521996575,100.0,35062.3364176949,101.526412963867,69.4800033569336,138.264671531909,79.63954257503404,72.0726537658047,73.91668530212581
Italy,ITA,2019,67.8507102874836,132.181234381376,29.0544644701951,100.0,33812.788724868,101.74178314209,69.5050010681153,132.181234381376,74.91699164633674,79.63954257503404,72.0726537658047
Italy,ITA,2020,70.48342785,129.49000571147,30.2586365187027,100.0,32091.4866621366,101.836128234863,69.5187492370606,129.49000571147,75.26039917000041,74.91699164633674,79.63954257503404
Italy,ITA,2021,74.8623274,130.781488497698,31.2852927413407,100.0,36852.5425414951,101.834869384766,69.4812507629394,130.781488497698,77.36572798464789,75.26039917000041,74.91699164633674
Italy,ITA,2022,85.06074504,131.673965640047,31.19136706407,100.0,35653.9042103495,101.353858947754,69.4839779766539,131.673965640047,82.04074359844118,77.36572798464789,75.26039917000041
Italy,ITA,2023,87.0278292,131.871674517747,31.8410876819321,100.0,39279.699782164,100.678756713867,69.5381540123301,131.871674517747,82.67856584206932,82.04074359844118,77.36572798464789
Italy,ITA,2024,89.2207202,132.575141676252,31.7807732477772,100.0,40429.6224047352,100.678756713867,69.6047535143071,132.575141676252,83.56571186809421,82.67856584206932,82.04074359844118
Jamaica,JAM,2004,10.0,68.7648682277877,1.01039396008944,87.2,3807.56293124552,85.6572189331055,52.5637655955662,68.7648682277877,34.45694424681296,31.21693895725459,29.597831423761377
Jamaica,JAM,2005,12.80000019,73.7408013052154,1.6746890474592,88.0,4184.43974867497,84.6938323974609,52.7685237926234,73.7408013052154,34.32943162710567,34.45694424681296,31.21693895725459
Jamaica,JAM,2006,16.39999962,84.2161032637188,2.52661268108323,88.7,4417.00127135363,84.6938323974609,52.9707359336549,84.2161032637188,37.48496827297524,34.32943162710567,34.45694424681296
Jamaica,JAM,2007,21.10000038,98.9141056820694,3.41838013118137,89.4,4716.48612542727,86.4005813598633,53.1703742191887,98.9141056820694,41.71718396068561,37.48496827297524,34.32943162710567
Jamaica,JAM,2008,23.6,99.9151757296924,3.57065417783379,92.0,5029.80095281745,88.0502090454102,53.3674108497524,99.9151757296924,43.30004692274541,41.71718396068561,37.48496827297524
Jamaica,JAM,2009,24.3,108.003887475132,4.09942290723951,91.0,4428.38153333557,90.1742782592773,53.5618180258738,108.003887475132,44.21120514819627,43.30004692274541,41.71718396068561
Jamaica,JAM,2010,27.67,115.769193267185,4.24530155339071,92.2,4809.977380312,89.4939454246108,53.7535679480806,115.769193267185,46.87652516694867,44.21120514819627,43.30004692274541
Jamaica,JAM,2011,37.438613414848,106.698112729098,4.28434186055105,91.1,5232.63644918132,91.5373916625977,53.956586109128,106.698112729098,49.71188593104347,46.87652516694867,44.21120514819627
Jamaica,JAM,2012,33.79,97.9262957044903,4.43820042345524,93.1,5340.83333232158,91.5373916625977,54.2478817703732,97.9262957044903,46.99114397160109,49.71188593104347,46.87652516694867
Jamaica,JAM,2013,37.1,102.24554700295,5.05861470775989,93.9,5124.21301411137,85.4017870483818,54.548819811983,102.24554700295,48.576769087572245,46.99114397160109,49.71188593104347
Jamaica,JAM,2014,40.4027351046672,107.579098909745,5.42475361959861,93.3,4975.11325459872,86.3705618020868,54.8660395670395,107.579098909745,50.594066321598746,48.576769087572245,46.99114397160109
Jamaica,JAM,2015,42.2212211907441,111.942013905986,8.1672514945403,94.9,5339.30718256806,85.3548254033729,55.1995248014924,111.942013905986,53.470915632988664,50.594066321598746,48.576769087572245
Jamaica,JAM,2016,44.3668563671334,116.279104528073,10.1806638279094,96.6,5302.29553353854,87.9398248609799,55.549259277615,116.279104528073,56.117496710077894,53.470915632988664,50.594066321598746
Jamaica,JAM,2017,55.0720670507751,109.782709062265,8.49218897606476,97.4,5605.43541173019,84.2369432325225,55.9152267548307,109.782709062265,57.61548102441098,56.117496710077894,53.470915632988664
Jamaica,JAM,2018,68.2145170876072,105.137305560766,10.0973831751177,98.2,5976.90362644337,83.7616154022844,56.297410990325,105.137305560766,63.87619023462173,57.61548102441098,56.117496710077894
Jamaica,JAM,2019,70.8410169743356,107.105304450051,11.2602367962551,98.9,6030.68896415921,85.7618499653089,56.6957957395074,107.105304450051,65.40742994480233,63.87619023462173,57.61548102441098
Jamaica,JAM,2020,76.38400269,101.50208125864,13.6219905826712,99.7,5299.04530804283,81.5337816615681,57.1103647563627,101.50208125864,67.35212296252249,65.40742994480233,63.87619023462173
Jamaica,JAM,2021,82.36071561,102.38666630017,14.5717525783368,100.0,5625.67806271236,85.8093525179856,57.5411017937226,102.38666630017,69.70681918272106,67.35212296252249,65.40742994480233
Jamaica,JAM,2022,85.84329987,105.762018411183,14.9601781381994,100.0,6626.47502388538,82.8584671020508,57.9879906034775,105.762018411183,72.51391503666366,69.70681918272106,67.35212296252249
Jamaica,JAM,2023,89.47304282,115.092228780619,15.7852035329423,97.7,7542.39855849054,85.4353132628153,58.4510149367429,115.092228780619,74.57119102544468,72.51391503666366,69.70681918272106
Jamaica,JAM,2024,90.10870361,117.693907561175,15.981614377416,97.7,7753.8119527678,84.4572372436523,58.9301585439922,117.693907561175,75.07230740980341,74.57119102544468,72.51391503666366
Jordan,JOR,2004,11.6587413706379,27.6112403458584,0.177216795269549,99.2,1940.08641342805,83.6611480712891,78.3185350370311,27.6112403458584,30.16598017208531,27.811594257414903,27.095278904735324
Jordan,JOR,2005,12.93290043,52.0383900257182,0.390590599322972,99.0,2087.87079273635,84.393669128418,78.412126230667,52.0383900257182,32.89365640344888,30.16598017208531,27.811594257414903
Jordan,JOR,2006,13.86709976,67.5719512690336,0.756483482904597,100.0,2342.63459574933,86.7745513916016,78.755612573541,67.5719512690336,35.5067419813377,32.89365640344888,30.16598017208531
Jordan,JOR,2007,20.0,69.8913482736109,1.30093814077077,98.8,2506.20599484139,87.7151718139648,79.3358270749644,69.8913482736109,38.358921356318106,35.5067419813377,32.89365640344888
Jordan,JOR,2008,23.0,76.0181096461649,2.08642054082296,100.0,3669.83012701745,88.4466781616211,80.1290966207551,76.0181096461649,40.90086781400946,38.358921356318106,35.5067419813377
Jordan,JOR,2009,26.0,84.2141418220428,3.33245913153255,99.4,3845.34388086274,88.4466781616211,81.1117480967305,84.2141418220428,43.21896526464246,40.90086781400946,38.358921356318106
Jordan,JOR,2010,27.2,90.7216800010634,4.0191074658598,100.0,4139.04283161368,87.3644409179688,82.2601083887084,90.7216800010634,44.8832297416833,43.21896526464246,40.90086781400946
Jordan,JOR,2011,34.9,100.02856789936,3.96517630551423,99.6,4363.42800211536,87.5930404663086,83.5505043825064,100.02856789936,49.36511782327685,44.8832297416833,43.21896526464246
Jordan,JOR,2012,37.0,118.414414309923,3.95794086483593,99.5,4593.83609729005,87.2317581176758,84.9592629639423,118.414414309923,52.33072112156624,49.36511782327685,44.8832297416833
Jordan,JOR,2013,41.4,129.056838070079,4.10898208403129,99.7,4739.02253641778,87.3027919681245,86.4627110188335,129.056838070079,55.15260844820583,52.33072112156624,49.36511782327685
Jordan,JOR,2014,46.2,126.168902295458,4.00130350068417,99.8,4610.60460269382,88.8703034099213,88.0371754329978,126.168902295458,56.54171329743845,55.15260844820583,52.33072112156624
Jordan,JOR,2015,54.22000122,144.561128974956,3.24499522197016,99.9,4441.61896013754,88.8703034099213,89.8881391939133,144.561128974956,62.32855157739722,56.54171329743845,55.15260844820583
Jordan,JOR,2016,56.15000153,98.1219857316846,2.97134814263758,100.0,4366.06999647268,88.8703034099213,90.56272794707,98.1219857316846,56.089982615545125,62.32855157739722,56.54171329743845
Jordan,JOR,2017,64.5,94.8121235548248,3.24328385947311,100.0,4449.34618076611,88.8758288897009,90.8764609714428,94.8121235548248,58.033612992584466,56.089982615545125,62.32855157739722
Jordan,JOR,2018,65.2,83.4592297338656,3.81938742759006,99.9,4533.97658437205,89.7929068080636,91.2008859099729,83.4592297338656,57.023966007071024,58.033612992584466,56.089982615545125
Jordan,JOR,2019,70.08470154,72.8902684631993,4.28692534434619,99.9,4557.79334729121,89.5104774843719,91.515966492507,72.8902684631993,57.415615228125574,57.023966007071024,58.033612992584466
Jordan,JOR,2020,78.4178009,64.3142601333354,5.80332966781737,99.9,4411.48321838396,90.1992992911958,91.8216722992319,64.3142601333354,59.7015812210538,57.415615228125574,57.023966007071024
Jordan,JOR,2021,85.999997,65.7448847660422,6.45876564968631,99.9,4581.71967230365,90.0636022467584,92.117972910453,65.7448847660422,62.11087335870715,59.7015812210538,57.415615228125574
Jordan,JOR,2022,90.4999984,67.7457074341635,7.0736531298176,100.0,4754.41362207378,90.9912658899133,92.4048379066163,67.7457074341635,65.8158068032796,62.11087335870715,59.7015812210538
Jordan,JOR,2023,92.53443944,67.545678186078,7.03749462484875,100.0,4906.23543006639,91.9696843781763,92.682236868336,67.545678186078,65.07819003316709,65.8158068032796,62.11087335870715
Jordan,JOR,2024,95.62244985,69.6426153972396,7.01801006087142,100.0,5073.92103605892,91.7518621587381,92.9501393764286,69.6426153972396,66.15698794387256,65.07819003316709,65.8158068032796
Japan,JPN,2013,88.219428911,115.787169243408,28.9051021054089,100.0,41369.1948479498,101.049438476562,91.1516595654317,115.787169243408,80.7406198728882,79.48475307725619,78.89687168633125
Japan,JPN,2014,89.1068330166075,123.822099584501,29.6414897863191,100.0,39172.8471161948,101.036422729492,91.2548945132333,123.822099584501,83.2827030374288,80.7406198728882,79.48475307725619
Japan,JPN,2015,91.0580283929962,126.150959704287,30.5419859940146,100.0,35664.6446110613,101.724517822266,91.3532644103625,126.150959704287,85.7032517132791,83.2827030374288,80.7406198728882
Japan,JPN,2016,93.1827212821617,131.214861037498,31.3035556297124,100.0,40214.9688631562,101.296928405762,91.4541254852142,131.214861037498,87.6454573030659,85.7032517132791,83.2827030374288
Japan,JPN,2017,91.7265472366635,135.985843116605,31.8990791226107,100.0,39679.8635262948,100.260749816895,91.5498419685883,135.985843116605,84.85649805127036,87.6454573030659,85.7032517132791
Japan,JPN,2018,88.7463508901772,141.728728918149,32.6965336498031,100.0,40645.478086519,100.482200622559,91.6377318609728,141.728728918149,87.95782868817588,84.85649805127036,87.6454573030659
Japan,JPN,2019,92.7303978145525,147.209910756974,33.545921250597,100.0,41424.8655601543,100.660270690918,91.7164207898107,147.209910756974,89.17911385545163,87.95782868817588,84.85649805127036
Japan,JPN,2020,90.21945812,154.432206765516,34.8370612448992,100.0,41098.9739004553,101.34056854248,91.7809926267889,150.0,88.51760202713892,89.17911385545163,87.95782868817588
Japan,JPN,2021,82.91407928,159.516123485628,35.9391724358064,100.0,41580.739040705,101.744400024414,91.8741049279527,150.0,85.75718034433733,88.51760202713892,89.17911385545163
Japan,JPN,2022,84.92343147,168.602943650636,36.8414210393741,100.0,35548.2645222433,101.38200378418,91.9776532428406,150.0,86.84679952811169,85.75718034433733,88.51760202713892
Japan,JPN,2023,85.00990295,178.432441299977,38.6312383711286,100.0,35215.003535366,101.537071228027,92.0826903891473,150.0,87.36629735736585,86.84679952811169,85.75718034433733
Japan,JPN,2024,85.54153081,178.432441299977,,100.0,33797.1014287876,101.537071228027,92.1901718034531,,89.45453215366746,87.36629735736585,86.84679952811169
Kazakhstan,KAZ,2006,3.268399954,48.2853584849609,0.189397279485058,99.8,5030.13494711519,98.4432830810547,54.4137278108953,48.2853584849609,27.8389862297211,25.824688960594177,23.863122563783417
Kazakhstan,KAZ,2007,4.02,75.7982025702559,1.66307708073474,100.0,6449.43931096532,98.4432830810547,54.2346203341799,75.7982025702559,32.48296691036188,27.8389862297211,25.824688960594177
Kazakhstan,KAZ,2008,11.0,90.7713165139918,2.0533862152829,100.0,8123.54705891736,98.4432830810547,54.1287736358813,90.7713165139918,37.57814393557942,32.48296691036188,27.8389862297211
Kazakhstan,KAZ,2009,18.2,102.667617979132,3.4738228019682,100.0,6938.01175663001,98.4432830810547,54.1167144748885,102.667617979132,42.50092781966946,37.57814393557942,32.48296691036188
Kazakhstan,KAZ,2010,31.6,115.239169415109,5.16487386862476,100.0,8793.07589980782,98.5237492649908,54.2054127497102,115.239169415109,50.432637006465356,42.50092781966946,37.57814393557942
Kazakhstan,KAZ,2011,50.6,147.90107255349,6.99285046374658,99.8,11287.1464926039,98.8350532967319,54.3996086425518,147.90107255349,63.862308674316864,50.432637006465356,42.50092781966946
Kazakhstan,KAZ,2012,61.9066274652008,174.709434924298,9.46082267148947,100.0,12018.7966527993,99.0180187395814,54.69208192838,150.0,69.65838695280522,63.862308674316864,50.432637006465356
Kazakhstan,KAZ,2013,63.30422443,172.955295992334,11.1572510287072,100.0,13478.459627612,97.6500312583517,55.0779764821252,150.0,69.63548936521323,69.65838695280522,63.862308674316864
Kazakhstan,KAZ,2014,66.0,160.502596360577,12.0563854922617,100.0,12427.7094576939,98.522388891969,55.5524361787178,150.0,71.17253294537451,69.63548936521323,69.65838695280522
Kazakhstan,KAZ,2015,70.82993359566,145.482493555551,12.7238359694604,100.0,10196.1226255982,98.2120601574997,56.1106048930882,145.482493555551,73.11560659161657,71.17253294537451,69.63548936521323
Kazakhstan,KAZ,2016,74.5877264735738,139.051166437953,12.7965104881396,100.0,7475.56688689424,97.0463003338151,56.7476265001667,139.051166437953,73.74113724971248,73.11560659161657,71.17253294537451
Kazakhstan,KAZ,2017,76.4267482325439,143.112796203246,13.8114386119057,100.0,8943.08416791984,96.5061709309357,57.4586448748837,143.112796203246,73.84172979248766,73.74113724971248,73.11560659161657
Kazakhstan,KAZ,2018,78.9039190578816,137.674831523214,13.0002402717791,100.0,9472.48527327758,96.1156212742477,58.2388038921695,137.674831523214,74.91992910301124,73.84172979248766,73.74113724971248
Kazakhstan,KAZ,2019,81.8776204746284,133.879728083238,13.0799490149564,100.0,9457.12614657136,96.5371355057456,59.0832474269546,133.879728083238,75.01985231816775,74.91992910301124,73.84172979248766
Kazakhstan,KAZ,2020,85.94259898,124.698460644703,13.4502836627046,100.0,8781.50797787648,91.9490206290752,59.9871193541692,124.698460644703,75.00586926264245,75.01985231816775,74.91992910301124
Kazakhstan,KAZ,2021,90.9239507,123.943942754522,13.946795830528,100.0,9983.60103576902,94.310522086739,61.030254280267,123.943942754522,76.7897688183418,75.00586926264245,75.01985231816775
Kazakhstan,KAZ,2022,92.29685266,125.641583521795,14.4739535470844,100.0,11255.3396437881,94.0433413378673,61.444157327248,125.641583521795,78.17601375939131,76.7897688183418,75.00586926264245
Kazakhstan,KAZ,2023,92.87846096,127.114775212168,14.3457210056574,100.0,12879.4275257974,95.2393054334066,61.7560919499181,127.114775212168,78.11770137484706,78.17601375939131,76.7897688183418
Kazakhstan,KAZ,2024,93.39167254,127.085151242164,15.3162031103353,100.0,14154.6324958076,97.198884231219,62.072531584162,127.085151242164,78.48969321688772,78.11770137484706,78.17601375939131
Kenya,KEN,2004,3.0235280420962,7.33478416366219,,22.6,463.662781300121,47.1179389953613,25.4147539714454,7.33478416366219,8.287988898266219,6.199347609562942,6.079575216183178
Kenya,KEN,2005,3.101900101,12.8838631190706,0.0150824868721744,24.5,523.456312433863,47.2635917663574,27.2686745625048,12.8838631190706,7.4930072910419465,8.287988898266219,6.199347609562942
Kenya,KEN,2006,3.599999905,19.8902975525043,0.0480245939682215,26.4,699.80237063381,48.8131103515625,28.9830768551925,19.8902975525043,9.027614436413959,7.4930072910419465,8.287988898266219
Kenya,KEN,2007,4.400000095,29.8383317494537,0.0466317101044582,28.3,840.201439476765,50.8713607788086,30.4153861196239,29.8383317494537,11.011220931630547,9.027614436413959,7.4930072910419465
Kenya,KEN,2008,5.199999809,41.5840102028368,0.00837109273443989,30.3,915.54435473604,57.0353507995605,31.4230276259143,41.5840102028368,13.544758149994388,11.011220931630547,9.027614436413959
Kenya,KEN,2009,6.1,47.9215304374475,0.0450395928955338,23.0,1047.9678324485,57.7407112121582,31.8603086707305,47.9215304374475,13.146229905427544,13.544758149994388,11.011220931630547
Kenya,KEN,2010,7.2,60.0234402305252,0.016505376254908,19.2,1091.51873101194,57.7407112121582,31.8713287706458,60.0234402305252,13.831016210989477,13.146229905427544,13.544758149994388
Kenya,KEN,2011,8.800000191,65.6730161546273,0.126627569687319,36.2,1096.14499807675,57.7407112121582,31.8673949025409,65.6730161546273,18.754823669198178,13.831016210989477,13.146229905427544
Kenya,KEN,2012,10.5,70.0226527327794,0.123832539161972,38.1,1285.00536171512,57.7407112121582,31.8558130142761,70.0226527327794,20.09346678422292,18.754823669198178,13.831016210989477
Kenya,KEN,2013,13.0,70.7541086893706,0.164812822501609,40.1,1370.87885214659,57.7407112121582,31.8324454433988,70.7541086893706,21.212395299172293,20.09346678422292,18.754823669198178
Kenya,KEN,2014,16.5,73.0327455558393,0.221085377569084,36.0,1482.81566253497,57.7407112121582,31.7931545274563,73.0327455558393,21.81450980319312,21.212395299172293,20.09346678422292
Kenya,KEN,2015,16.5878548475992,80.0958263165851,0.286921276745847,41.6,1489.11959777284,72.5750860661828,31.7338026039958,80.0958263165851,23.844344409772695,21.81450980319312,21.212395299172293
Kenya,KEN,2016,16.6,80.9772361004341,0.275660288360412,53.1,1554.12610314423,74.4698594945796,31.6502520105647,80.9772361004341,26.243998432362805,23.844344409772695,21.81450980319312
Kenya,KEN,2017,17.82710075,87.026530838819,0.586008315906052,55.8,1667.48447230835,74.4698594945796,31.5383650847102,87.026530838819,27.50713864551832,26.243998432362805,23.844344409772695
Kenya,KEN,2018,19.5,98.5944679106884,0.739931101786048,61.2,1836.45275528993,74.4698594945796,31.3940041639796,98.5944679106884,30.660291229861034,27.50713864551832,26.243998432362805
Kenya,KEN,2019,22.6687733618171,106.547822056778,0.959288829892146,69.7,1960.40808854893,74.4698594945796,31.1895566421135,106.547822056778,35.349673501528905,30.660291229861034,27.50713864551832
Kenya,KEN,2020,24.7227993,117.602526394779,1.29112489733773,71.5,1927.66459027849,74.4698594945796,31.2063494632616,117.602526394779,37.04201410738835,35.349673501528905,30.660291229861034
Kenya,KEN,2021,26.96290016,122.297519656734,1.48254108303764,76.5,2061.35622089594,80.3774269704216,31.2879334021971,122.297519656734,39.294307341462584,37.04201410738835,35.349673501528905
Kenya,KEN,2022,29.40589905,121.168999135357,1.47646942688922,76.0,2109.56288513137,83.7738192286218,31.4307820066946,121.168999135357,40.337954257875275,39.294307341462584,37.04201410738835
Kenya,KEN,2023,32.07040024,120.612416887959,2.38882511128724,76.2,1942.58802756191,84.3083880306996,31.6330340816429,120.612416887959,41.12965289647403,40.337954257875275,39.294307341462584
Kenya,KEN,2024,34.97622513,126.477706000949,3.04382666975517,77.0,2133.46193404026,84.3083880306996,31.8937831721599,126.477706000949,43.096734979758224,41.12965289647403,40.337954257875275
Kyrgyz Republic,KGZ,2004,5.09038530732863,5.06194358260871,0.0366516427604549,99.3,433.233873286,86.5721893310547,35.3058886953128,5.06194358260871,23.160403406821928,22.20900192224279,21.7127883243269
Kyrgyz Republic,KGZ,2005,10.53380013,10.3243942625057,0.0436876659731027,99.4,476.548193640077,85.4348373413086,35.3030968124082,10.3243942625057,26.065258575279778,23.160403406821928,22.20900192224279
Kyrgyz Republic,KGZ,2006,12.30690002,23.8858159268052,0.0522863147102303,98.9,543.113512472219,85.5732421875,35.2997926803498,23.8858159268052,28.36542300576336,26.065258575279778,23.160403406821928
Kyrgyz Republic,KGZ,2007,14.03,40.8089370056808,0.0586257153654706,99.5,721.771577544361,84.9611129760742,35.2954926466692,40.8089370056808,31.42653378047531,28.36542300576336,26.065258575279778
Kyrgyz Republic,KGZ,2008,15.69999981,63.5283723785779,0.356236382830574,99.5,966.388569370494,84.9611129760742,35.2897130588983,63.5283723785779,35.264117953261334,31.42653378047531,28.36542300576336
Kyrgyz Republic,KGZ,2009,16.0,83.1255498557153,0.32150754898984,99.5,870.198894546917,86.7180862426758,35.2815523593591,83.1255498557153,37.82496606406008,35.264117953261334,31.42653378047531
Kyrgyz Republic,KGZ,2010,16.29999924,96.0616640090492,0.419774276411519,99.0,876.954476440354,87.7688035961973,35.267768240398,96.0616640090492,39.56472933789226,37.82496606406008,35.264117953261334
Kyrgyz Republic,KGZ,2011,17.5,112.200710157323,0.697823858461874,98.3,1117.40174350185,87.5220892813577,35.2466507961984,112.200710157323,41.956375657563235,39.56472933789226,37.82496606406008
Kyrgyz Republic,KGZ,2012,19.79999924,119.333438543784,0.958725846433585,99.8,1168.62244675446,87.2870662875623,35.218916221918,119.333438543784,44.030068945261675,41.956375657563235,39.56472933789226
Kyrgyz Republic,KGZ,2013,23.0,116.217890810688,2.34937399187793,98.9,1269.66303464348,87.7240351123141,35.1850529225105,116.217890810688,44.87881612180634,44.030068945261675,41.956375657563235
Kyrgyz Republic,KGZ,2014,28.29999924,128.230500927468,2.89414662041846,99.8,1264.52668823891,89.4164090538588,35.1455493029297,128.230500927468,49.070031138674594,44.87881612180634,44.030068945261675
Kyrgyz Republic,KGZ,2015,30.24699974,126.284372135274,3.52424456195573,98.7,1105.65193844261,88.9591724149373,35.1008937681291,126.284372135274,49.61331689093047,49.070031138674594,44.87881612180634
Kyrgyz Republic,KGZ,2016,40.52619934,124.639033524314,3.94326755245428,99.7,1103.27489428412,90.4864998184447,35.0515747230627,124.639033524314,53.940766589954634,49.61331689093047,49.070031138674594
Kyrgyz Republic,KGZ,2017,50.80530167,136.137649413599,4.14801893845004,100.0,1221.39046807082,89.9187538995131,34.9980805726839,136.137649413599,59.09274813091369,53.940766589954634,49.61331689093047
Kyrgyz Republic,KGZ,2018,62.8,137.74227608483,3.95179108798669,100.0,1283.5203037417,91.1445853879787,34.9408997219466,137.74227608483,64.38033552989816,59.09274813091369,53.940766589954634
Kyrgyz Republic,KGZ,2019,64.1,132.776694304851,4.14366414717506,99.9,1421.99927504102,91.6686153595535,34.8805205758044,132.776694304851,64.16794701708704,64.38033552989816,59.09274813091369
Kyrgyz Republic,KGZ,2020,72.0,109.780106660424,4.33664358791982,99.9,1229.51766602907,92.1655305586517,34.8174315392111,109.780106660424,63.40928829195217,64.16794701708704,64.38033552989816
Kyrgyz Republic,KGZ,2021,77.11769867,108.171654806063,4.43257724274204,99.7,1349.99730650542,92.5062000270634,34.7521210171204,108.171654806063,64.67358235494723,63.40928829195217,64.16794701708704
Kyrgyz Republic,KGZ,2022,84.1937027,106.925973017004,5.60484304582026,99.7,1739.72018344174,92.5062000270634,34.7003053497743,106.925973017004,68.5276028950679,64.67358235494723,63.40928829195217
Kyrgyz Republic,KGZ,2023,91.04440308,108.59118718329,6.44652532064676,100.0,2138.22210211478,91.2655243671618,34.706439175362,108.59118718329,71.30503120333557,68.5276028950679,64.67358235494723
Kyrgyz Republic,KGZ,2024,92.0286026,107.49229509732,7.79695655822307,100.0,2514.81066933171,91.339996215143,34.7219977865937,107.49229509732,71.66942610873241,71.30503120333557,68.5276028950679
Cambodia,KHM,2004,0.300436644360101,6.50447336378519,0.00588913432820946,14.2,444.199067529081,30.9775104522705,18.9813615262763,6.50447336378519,3.456501959718768,4.197500777678079,3.0641293100111024
Cambodia,KHM,2005,0.317321781089656,7.90225491067104,0.00744091799498214,20.5,525.797325120926,30.9775104522705,19.0922720052225,7.90225491067104,4.714735200144218,3.456501959718768,4.197500777678079
Cambodia,KHM,2006,0.468400002,12.6229669738929,0.0212625122552722,27.5,612.252648550727,39.1435394287109,19.2299832388976,12.6229669738929,6.865319263465638,4.714735200144218,3.456501959718768
Cambodia,KHM,2007,0.49,18.6632056449428,0.061047105969829,20.2,731.692295125426,41.7365608215332,19.4035705019128,18.6632056449428,6.121863491422786,6.865319263465638,4.714735200144218
Cambodia,KHM,2008,0.51,30.1491182361321,0.118077523722062,26.4,866.283999789749,44.2504997253418,19.6574509865325,30.1491182361321,9.19644559092266,6.121863491422786,6.865319263465638
Cambodia,KHM,2009,0.53,43.9033649673842,0.210130974636491,25.6,875.748936193569,44.2504997253418,20.1979728726519,43.9033649673842,10.78792650124793,9.19644559092266,6.121863491422786
Cambodia,KHM,2010,1.26,56.2093511731757,0.245960098825397,31.1,952.274616324008,44.2504997253418,21.1232251168762,56.2093511731757,13.35345849260301,10.78792650124793,9.19644559092266
Cambodia,KHM,2011,3.099999905,93.4414773928272,0.149430290226227,37.4,1088.98152823081,44.2504997253418,22.3824788531276,93.4414773928272,20.357996165970864,13.35345849260301,10.78792650124793
Cambodia,KHM,2012,4.94,127.835438875055,0.198955041072031,42.3,1192.80263041673,44.2504997253418,23.9411047582349,127.835438875055,26.776352227573142,20.357996165970864,13.35345849260301
Cambodia,KHM,2013,6.0,133.580989792625,0.215211287808315,50.9,1305.6600972686,44.2504997253418,25.7644735090271,133.580989792625,29.621489336695916,26.776352227573142,20.357996165970864
Cambodia,KHM,2014,14.0,132.832921082419,0.429382210764698,56.1,1431.56396469993,44.2504997253418,27.8179557823331,132.832921082419,33.82319453853703,29.621489336695916,26.776352227573142
Cambodia,KHM,2015,6.43319107021405,133.45841400103,0.534485428160887,62.7,1547.32010444393,44.2504997253418,30.0669222549819,133.45841400103,32.12201322114096,33.82319453853703,29.621489336695916
Cambodia,KHM,2016,32.3984517141849,125.627644524442,0.615922622642822,68.8,1675.19555711109,44.2504997253418,32.4767436038024,125.627644524442,42.880500345658774,32.12201322114096,33.82319453853703
Cambodia,KHM,2017,32.9002785437986,115.551192369591,0.831393686402579,89.1,1826.35391688754,48.9424458707368,35.0127905056235,115.551192369591,45.17679966780955,42.880500345658774,32.12201322114096
Cambodia,KHM,2018,65.0,119.309943480982,1.02122815035674,80.7,2036.67377566578,50.199099715459,37.6404336372742,119.309943480982,57.13307741824797,45.17679966780955,42.880500345658774
Cambodia,KHM,2019,52.305878224498,129.957441474291,1.11871609188205,84.0,2225.87705485686,49.7344518908574,39.5830241256026,129.957441474291,54.32828254656371,57.13307741824797,45.17679966780955
Cambodia,KHM,2020,56.37590027,126.075894769858,1.39770029835926,86.4,2081.73914242939,51.8196983337402,39.832658030922,126.075894769858,55.19244898310986,54.32828254656371,57.13307741824797
Cambodia,KHM,2021,60.76269913,117.234785164989,1.98089406311481,82.5,2167.40324198499,54.2809323078227,40.1091858128847,117.234785164989,54.461065541823274,55.19244898310986,54.32828254656371
Cambodia,KHM,2022,65.49079895,113.391506572248,2.9638308346303,92.3,2325.03050040841,55.1346812645406,40.374616187368,113.391506572248,58.85906968846573,54.461065541823274,55.19244898310986
Cambodia,KHM,2023,68.92549896,120.80911943838,3.64181801068419,95.0,2429.74853452838,56.7864734981041,40.6290788072508,120.80911943838,61.74648591799733,58.85906968846573,54.461065541823274
Cambodia,KHM,2024,68.47530365,116.091961125929,4.14566160137529,99.2,2627.87969756224,58.7893230437643,40.8727033252729,116.091961125929,61.41197506669815,61.74648591799733,58.85906968846573
Kiribati,KIR,2004,3.5,0.640058281729718,,62.4,1083.2688987175,87.655158996582,43.5238025326975,0.640058281729718,17.479319433878285,16.833970138160595,16.32145365210202
Kiribati,KIR,2005,4.0,0.66302851022594,0.328454123527312,69.7,1161.78341739977,85.8441390991211,43.5443274444527,0.66302851022594,15.825181330422845,17.479319433878285,16.833970138160595
Kiribati,KIR,2006,4.5,0.699881020226562,0.401931671615825,68.8,1123.19258990684,84.0447463989258,43.7349826427011,0.699881020226562,15.76765501999689,15.825181330422845,17.479319433878285
Kiribati,KIR,2007,6.0,0.734804248148293,0.493788454755653,67.7,1352.57814048911,83.7022018432617,44.6212141757087,0.734804248148293,16.144873202676692,15.76765501999689,15.825181330422845
Kiribati,KIR,2008,7.0,0.959490318742684,0.657250868338738,69.4,1410.62246914058,82.9311904907227,45.9461325515373,0.959490318742684,17.058659067918537,16.144873202676692,15.76765501999689
Kiribati,KIR,2009,8.97,9.30523072877042,0.718532503029108,64.2,1316.62753853678,82.9311904907227,47.3510238975116,9.30523072877042,17.81271488433277,17.058659067918537,16.144873202676692
Kiribati,KIR,2010,9.07,9.74665145716809,0.778260229614366,63.2,1522.10068744154,82.9311904907227,48.4603839564718,9.74665145716809,17.41055818538763,17.81271488433277,17.058659067918537
Kiribati,KIR,2011,10.0,12.4612506439397,0.768208808191817,74.9,1771.12926848792,82.9311904907227,49.1228169536795,12.4612506439397,20.393376623389994,17.41055818538763,17.81271488433277
Kiribati,KIR,2012,10.74680042,16.0307790958641,0.712479070927292,76.7,1843.55336349889,82.9311904907227,49.5800786695548,16.0307790958641,20.85481081491514,20.393376623389994,17.41055818538763
Kiribati,KIR,2013,11.5,17.5688258753668,0.614908905637836,78.8,1772.08718317132,82.9311904907227,49.9687043258795,17.5688258753668,21.091023198257467,20.85481081491514,20.393376623389994
Kiribati,KIR,2014,12.25,26.0132147130742,0.433553578551237,83.4,1736.70535682101,82.9311904907227,50.3909308922385,26.0132147130742,23.160069849298097,21.091023198257467,20.85481081491514
Kiribati,KIR,2015,14.89999962,35.0982322475709,0.100158370072337,90.6,1639.85274740652,82.9311904907227,50.9541970402064,35.0982322475709,26.68842975417114,23.160069849298097,21.091023198257467
Kiribati,KIR,2016,19.41939926,43.8900048954236,0.0928442411249346,92.6,1742.66799324117,82.9311904907227,51.7710553002321,43.8900048954236,30.13137931291021,26.68842975417114,23.160069849298097
Kiribati,KIR,2017,25.30960083,38.3479526086053,0.0922885055082104,85.7,1854.3326920967,82.9311904907227,52.9734697275451,38.3479526086053,29.120906942925217,30.13137931291021,26.68842975417114
Kiribati,KIR,2018,32.9864006,43.6895907735657,0.0712624094885489,87.5,1915.56002581991,82.9311904907227,54.5004023142497,43.6895907735657,33.255033841162124,29.120906942925217,30.13137931291021
Kiribati,KIR,2019,41.79299927,44.1071327700713,0.0847314014573801,89.3,1750.24040333237,82.9311904907227,56.2846727145489,44.1071327700713,37.44894778344011,33.255033841162124,29.120906942925217
Kiribati,KIR,2020,52.95090103,43.3476871347116,0.146710124584652,91.0,1751.87199542272,82.9311904907227,58.4123714112748,43.3476871347116,41.5731321582433,37.44894778344011,33.255033841162124
Kiribati,KIR,2021,67.08760071,40.9979980837689,0.0864640862459786,92.8,2223.54147866465,87.142166928373,59.6364645301985,40.9979980837689,45.919679686408756,41.5731321582433,37.44894778344011
Kiribati,KIR,2022,84.99849701,49.1120496056535,0.0689819037472503,94.4,2078.7648751855,88.6853008111105,60.5739126559419,49.1120496056535,56.79419281875752,45.919679686408756,41.5731321582433
Kiribati,KIR,2023,88.0,51.2540556855052,0.039990945446314,95.9,2200.68918614289,94.7441990494828,61.5244676194408,51.2540556855052,56.88202878527315,56.79419281875752,45.919679686408756
Kiribati,KIR,2024,89.44029999,53.5244353915461,0.0349395619917037,97.7,2550.98377226188,90.2786712646484,62.4620431275642,53.5244353915461,57.513973506892036,56.88202878527315,56.79419281875752
St. Kitts and Nevis,KNA,2004,24.7376775443732,62.6147036597215,9.50016193457843,96.3,10944.6183741768,86.9458694458008,32.1287199225823,62.6147036597215,49.132028873653006,41.89963363525308,32.88121935443119
St. Kitts and Nevis,KNA,2005,34.0,109.826216163835,13.9974589228417,96.5,11783.7867154145,90.2405471801758,31.9804975781124,109.826216163835,59.01630824905033,49.132028873653006,41.89963363525308
St. Kitts and Nevis,KNA,2006,38.5,109.514913354377,18.8966909317357,96.7,13837.8495311219,90.2405471801758,31.8364279281447,109.514913354377,61.10984592500575,59.01630824905033,49.132028873653006
St. Kitts and Nevis,KNA,2007,43.5,138.097888922194,20.5541043977219,97.0,14757.9579751035,110.051109313965,31.6967077874804,138.097888922194,65.93845209260164,61.10984592500575,59.01630824905033
St. Kitts and Nevis,KNA,2008,49.20000076,159.069072275008,23.7087648126401,97.3,16604.9448615905,109.900001525879,31.5615339709202,150.0,69.87442326424636,65.93845209260164,61.10984592500575
St. Kitts and Nevis,KNA,2009,55.70000076,160.925910137267,27.709097109728,97.6,16503.4119292794,108.54093170166,31.4311032932653,150.0,72.23622392477131,69.87442326424636,65.93845209260164
St. Kitts and Nevis,KNA,2010,63.0,170.772317807283,31.1659479998292,99.8,16622.9457908577,109.923469543457,31.3056125693165,150.0,76.8119272242629,72.23622392477131,69.87442326424636
St. Kitts and Nevis,KNA,2011,63.20000076,164.228127799343,26.8736936398925,100.0,17832.4572919975,109.116302490234,31.2000648379646,150.0,78.02213536507551,76.8119272242629,72.23622392477131
St. Kitts and Nevis,KNA,2012,64.0,161.588671783641,27.6401675419386,100.0,17532.0559008608,92.2169189453125,31.2035138804223,150.0,78.29863941271748,78.02213536507551,76.8119272242629
St. Kitts and Nevis,KNA,2013,64.59999847,163.589623743865,28.2563895557586,100.0,18580.1301949935,121.377906799316,31.2131485582887,150.0,75.59913774559624,78.29863941271748,78.02213536507551
St. Kitts and Nevis,KNA,2014,65.38179779,138.036484104568,29.7691605258128,100.0,20219.3954237956,113.12451171875,31.2290015317909,138.036484104568,75.64528012954713,75.59913774559624,78.29863941271748
St. Kitts and Nevis,KNA,2015,66.17310333,155.051288041285,34.7781765667806,100.0,20328.8003530109,115.485420227051,31.2513929695583,150.0,80.7044593499183,75.64528012954713,75.59913774559624
St. Kitts and Nevis,KNA,2016,66.97389984,162.682952734997,30.1178969729156,100.0,21387.5415511103,116.914031982422,31.2806171906169,150.0,79.17762116289887,80.7044593499183,75.64528012954713
St. Kitts and Nevis,KNA,2017,67.78440094,163.396386822529,62.2146652497343,100.0,22464.9899633959,119.603784742756,31.3169642505921,150.0,86.90900128405913,79.17762116289887,80.7044593499183
St. Kitts and Nevis,KNA,2018,68.60479736,152.301735874745,34.8472600408441,100.0,22901.3816403197,116.923551171393,31.3607229995076,150.0,81.70204777427404,86.90900128405913,79.17762116289887
St. Kitts and Nevis,KNA,2019,69.43499756,138.916340092009,43.4039018572159,100.0,23595.4923231291,118.920614998431,31.4121818392285,138.916340092009,81.95488705513232,81.70204777427404,86.90900128405913
St. Kitts and Nevis,KNA,2020,70.27529907,133.400896095584,45.9569020695541,100.0,18859.0190361046,111.195206559445,31.4716289738952,133.400896095584,81.4946071623372,81.95488705513232,81.70204777427404
St. Kitts and Nevis,KNA,2021,74.37159729,121.256121292475,43.0254688535808,100.0,18361.1449697886,123.94677734375,31.5393525093972,121.256121292475,79.8240389331521,81.4946071623372,81.95488705513232
St. Kitts and Nevis,KNA,2022,75.76229858,116.923933289088,46.7447387013209,100.0,21011.5744209816,119.88360814743,31.6156404983167,116.923933289088,81.39851216153404,79.8240389331521,81.4946071623372
St. Kitts and Nevis,KNA,2023,76.58950043,118.893023653706,,100.0,22576.9248439166,137.513208876365,31.7007809622822,118.893023653706,80.68285287600135,81.39851216153404,79.8240389331521
St. Kitts and Nevis,KNA,2024,76.88400269,118.893023653706,,100.0,23960.6534357084,137.513208876365,31.795061903951,,83.14005423637008,80.68285287600135,81.39851216153404
"Korea, Rep.",KOR,2004,72.7,76.705022268137,24.994067246262,100.0,17121.6301633201,96.9991989135742,81.104386778171,76.705022268137,87.52929016937603,83.36625713869407,82.936663841537
"Korea, Rep.",KOR,2005,73.5,80.1274936342835,25.4760546993955,100.0,20167.0474902506,97.2146224975586,81.3901352283669,80.1274936342835,81.73068031113617,87.52929016937603,83.36625713869407
"Korea, Rep.",KOR,2006,78.1,83.7326193913918,29.2516487032032,100.0,22609.7059431449,96.7785415649414,81.566462110512,83.7326193913918,81.57652728974352,81.73068031113617,87.52929016937603
"Korea, Rep.",KOR,2007,78.8,92.0940186995266,30.5325293113359,100.0,25078.4853957105,96.7113800048828,81.712125801927,92.0940186995266,80.39091219614014,81.57652728974352,81.73068031113617
"Korea, Rep.",KOR,2008,81.0,94.314085183969,32.0017644786606,100.0,22252.3125108061,96.3489303588867,81.8350833138518,94.314085183969,80.06289855057709,80.39091219614014,81.57652728974352
"Korea, Rep.",KOR,2009,81.6,98.7589987345583,33.675976694352,100.0,19937.3029137734,96.8854293823242,81.9245045084002,98.7589987345583,78.90870748738473,80.06289855057709,80.39091219614014
"Korea, Rep.",KOR,2010,83.7,104.09665032935,35.2563205089625,100.0,24071.2620526362,97.2930603027344,81.9685075986486,104.09665032935,80.87376612628411,78.90870748738473,80.06289855057709
"Korea, Rep.",KOR,2011,83.7591201534472,106.878306781378,36.353305205381,100.0,26175.2398553363,97.5294189453125,81.9615408086376,106.878306781378,84.95468890084008,80.87376612628411,78.90870748738473
"Korea, Rep.",KOR,2012,84.07,108.114681779859,36.8000321131758,100.0,26600.5477433903,97.3674163818359,81.9087898200378,108.114681779859,84.74618759204611,84.95468890084008,80.87376612628411
"Korea, Rep.",KOR,2013,84.77,109.206248930023,37.4217663483917,100.0,28449.3591104972,97.8287506103516,81.8269383502703,109.206248930023,81.04788935646445,84.74618759204611,84.95468890084008
"Korea, Rep.",KOR,2014,87.5568264944747,113.358579550833,37.9883114555998,100.0,30667.0912467447,98.5806732177734,81.7315682816954,113.358579550833,84.16523235823522,81.04788935646445,84.74618759204611
"Korea, Rep.",KOR,2015,89.8962557995106,115.595447050042,39.2759563055891,100.0,30171.7906545222,98.5931930541992,81.639489860678,115.595447050042,87.15648343739578,84.16523235823522,81.04788935646445
"Korea, Rep.",KOR,2016,92.8430256796075,119.489512998783,40.0712454963259,100.0,30832.0628072516,98.7179565429688,81.5559241797057,119.489512998783,89.26456540276709,87.15648343739578,84.16523235823522
"Korea, Rep.",KOR,2017,95.0694218761004,123.642066127533,41.1680978249153,100.0,33296.9845439195,99.105583190918,81.471030429984,123.642066127533,87.29863652734993,89.26456540276709,87.15648343739578
"Korea, Rep.",KOR,2018,96.0228595797887,128.494634504197,41.2189959375994,100.0,35363.9508228687,99.3186569213867,81.3823523035196,128.494634504197,92.57441556573343,87.29863652734993,89.26456540276709
"Korea, Rep.",KOR,2019,96.157579184239,133.079790493891,42.0373507524342,100.0,33826.9443301597,98.3813018798828,81.2901063535619,133.079790493891,91.56534945351771,92.57441556573343,87.29863652734993
"Korea, Rep.",KOR,2020,96.50506052,135.973274343048,43.0540600860627,100.0,33645.7719545073,97.0888214111328,81.1759595622913,135.973274343048,92.04462882940436,91.56534945351771,92.57441556573343
"Korea, Rep.",KOR,2021,97.57132698,140.516382791931,44.2526082339633,100.0,37518.4635305697,98.0692291259766,81.1616526507785,140.516382791931,93.4743141141633,92.04462882940436,91.56534945351771
"Korea, Rep.",KOR,2022,97.16855335,148.68360770138,45.4542124182774,100.0,34822.4048404971,97.8181304931641,81.1624941626873,148.68360770138,95.03819484652162,93.4743141141633,92.04462882940436
"Korea, Rep.",KOR,2023,97.41597478,162.11365652794,46.5676352036327,100.0,35674.095995632,96.2983932495117,81.1645551720421,150.0,95.55247967070804,95.03819484652162,93.4743141141633
"Korea, Rep.",KOR,2024,97.89563777,172.520241179065,47.8014965507867,100.0,36238.639908315,96.2539901733398,81.1682528469686,150.0,96.24976317924298,95.55247967070804,95.03819484652162
Kuwait,KWT,2004,22.9271120360078,82.2579404075427,0.927076187121058,100.0,27552.2827399787,100.651512145996,99.94716743531,82.2579404075427,45.47000064069866,42.58597729777557,36.887430617796156
Kuwait,KWT,2005,25.92609978,61.7887792674138,1.11767409338748,100.0,36122.6142741227,108.55924987793,100.0,61.7887792674138,40.874079729195586,45.47000064069866,42.58597729777557
Kuwait,KWT,2006,28.79120064,49.8818682701176,1.26864216805872,100.0,42946.6374104066,101.013938903809,100.0,49.8818682701176,40.09605401779582,40.874079729195586,45.47000064069866
Kuwait,KWT,2007,34.79999924,56.8763664391577,1.39559717004793,100.0,45709.4132876371,101.308387756348,100.0,56.8763664391577,43.45637446071462,40.09605401779582,40.874079729195586
Kuwait,KWT,2008,42.0,56.570118438377,1.50862499768992,100.0,55585.1889344442,99.557746887207,100.0,56.570118438377,46.451069338060336,43.45637446071462,40.09605401779582
Kuwait,KWT,2009,50.79999924,93.6658195861611,1.60973913640715,100.0,37907.1001320042,99.4600067138672,100.0,93.6658195861611,54.754672698692005,46.451069338060336,43.45637446071462
Kuwait,KWT,2010,61.40000153,135.190013358828,1.56283337614138,100.0,39212.252220155,99.4166345928894,100.0,135.190013358828,64.7675130599903,54.754672698692005,46.451069338060336
Kuwait,KWT,2011,65.7690706867398,157.499296159938,1.50024865823506,100.0,49169.6063813095,98.1417694091797,100.0,150.0,68.29293156028251,64.7675130599903,54.754672698692005
Kuwait,KWT,2012,70.44999695,152.830739955499,1.40844015253107,100.0,52155.2225833921,98.6952312050305,100.0,150.0,69.80176042739039,68.29293156028251,64.7675130599903
Kuwait,KWT,2013,75.45999908,182.738430889808,1.33989177095491,100.0,49651.0439275077,95.5615386962891,100.0,150.0,71.60623708223058,69.80176042739039,68.29293156028251
Kuwait,KWT,2014,78.69999695,207.323653501069,1.3094125484278,100.0,44368.7813457751,93.0660018920898,100.0,150.0,72.4689749700581,71.60623708223058,69.80176042739039
Kuwait,KWT,2015,82.0,199.89137958103,1.43436327571018,100.0,29882.2126495698,95.3934020996094,100.0,150.0,73.85925330489385,72.4689749700581,71.60623708223058
Kuwait,KWT,2016,85.59999847,191.294217665413,2.5322361225893,100.0,27323.6890735517,95.3934020996094,100.0,150.0,75.80475435125939,73.85925330489385,72.4689749700581
Kuwait,KWT,2017,97.9999893344615,171.826095119125,2.83340373578262,100.0,29047.6536135703,95.3934020996094,100.0,150.0,80.27280350140606,75.80475435125939,73.85925330489385
Kuwait,KWT,2018,99.5988495907557,164.219580620472,2.40138113937059,100.0,32067.9623756889,95.3934020996094,100.0,150.0,80.98883541038543,80.27280350140606,75.80475435125939
Kuwait,KWT,2019,99.5426764518489,164.941648203568,1.90435176851799,100.0,31707.8737443551,95.3934020996094,100.0,150.0,80.64319601012195,80.98883541038543,80.27280350140606
Kuwait,KWT,2020,99.10587017,153.866464370257,1.68058136279176,100.0,25236.0755848941,95.3934020996094,100.0,150.0,80.23036907052486,80.64319601012195,80.98883541038543
Kuwait,KWT,2021,99.7,158.646854136291,1.61587179429556,100.0,34018.6342592913,95.3934020996094,100.0,150.0,80.45974928726292,80.23036907052486,80.64319601012195
Kuwait,KWT,2022,99.74729919,168.350157565806,1.36328249349441,100.0,39981.7691035833,95.3934020996094,100.0,150.0,80.38483019616353,80.45974928726292,80.23036907052486
Kuwait,KWT,2023,99.74731125,167.68428501222,1.01366418243269,100.0,34091.9714813002,95.3934020996094,100.0,150.0,80.25389217048337,80.38483019616353,80.45974928726292
Kuwait,KWT,2024,99.74729919,167.68428501222,,100.0,32855.7209688827,95.3934020996094,100.0,,99.81568945981914,80.25389217048337,80.38483019616353
Lao PDR,LAO,2004,0.361434490258043,3.53172273682179,0.000864808619582104,53.5,409.296298284117,42.5078582763672,26.5371091732139,3.53172273682179,11.128058771867583,9.813766625374555,11.799420566017904
Lao PDR,LAO,2005,0.850399971,11.2024094632562,0.00534966810761283,57.2,466.061506997741,42.9863014221191,27.3224977292697,11.2024094632562,12.982056876192173,11.128058771867583,9.813766625374555
Lao PDR,LAO,2006,1.16989994,16.9299201770861,0.0124262141132278,57.0,579.391947440719,42.2330513000488,28.0378756242097,16.9299201770861,13.814448183117024,12.982056876192173,11.128058771867583
Lao PDR,LAO,2007,1.64,24.4113505484264,0.0187410133951187,55.0,697.323013673925,43.0343399047852,28.7343050001346,24.4113505484264,14.556612166025102,13.814448183117024,12.982056876192173
Lao PDR,LAO,2008,3.55,32.8857244198174,0.0470973263973196,66.0,885.747376088762,44.126880645752,29.4034348148069,32.8857244198174,18.90053601789728,14.556612166025102,13.814448183117024
Lao PDR,LAO,2009,6.0,51.823574629881,0.0691644922922526,67.4,935.03237283283,45.6930198669434,30.0420311503825,51.823574629881,22.686648074627023,18.90053601789728,14.556612166025102
Lao PDR,LAO,2010,7.0,63.2029110570342,0.0929084268653597,70.2,1125.91610151261,47.3594398498535,30.6468600890172,63.2029110570342,24.96764421967681,22.686648074627023,18.90053601789728
Lao PDR,LAO,2011,9.0,85.2839686365553,0.10185806158476,70.0,1361.54704394913,46.3030907447649,31.2146877128668,85.2839686365553,28.537676228811236,24.96764421967681,22.686648074627023
Lao PDR,LAO,2012,10.74769974,65.961259571669,0.116245215124211,76.4,1563.5650771337,49.0350189208984,31.7422801040872,65.961259571669,27.545525706009055,28.537676228811236,24.96764421967681
Lao PDR,LAO,2013,12.5,69.7677113040611,0.136506949754098,79.3,1812.51774424651,52.6759359354755,32.2264033448341,69.7677113040611,29.00152233278012,27.545525706009055,28.537676228811236
Lao PDR,LAO,2014,14.26000023,68.9014991708403,0.240468243989562,82.5,1981.03910900473,58.0247383117676,32.6638235172635,68.9014991708403,30.012108507782266,29.00152233278012,27.545525706009055
Lao PDR,LAO,2015,18.20000076,54.7979496136596,0.213918838751508,89.7,2121.01339097363,62.2967936554274,33.1240204432199,54.7979496136596,30.827260708917116,30.012108507782266,29.00152233278012
Lao PDR,LAO,2016,21.87000084,57.2966195875928,0.353548994456637,89.0,2303.22156035363,64.7630026961054,33.8267455533474,57.2966195875928,32.48928689379947,30.827260708917116,30.012108507782266
Lao PDR,LAO,2017,25.51040077,52.8887895907566,0.387808918792952,93.6,2432.43059478511,66.0411073482017,34.5115346444216,52.8887895907566,33.204298755806825,32.48928689379947,30.827260708917116
Lao PDR,LAO,2018,36.27130127,51.3792491489602,0.636626171692238,92.9,2545.1075420815,66.1528570578416,35.2050070032013,51.3792491489602,37.19328699762325,33.204298755806825,32.48928689379947
Lao PDR,LAO,2019,47.03229904,64.0668582946144,1.0539352904733,98.4,2589.32081035237,64.986385458831,35.9072880879451,64.0668582946144,45.014781531987964,37.19328699762325,33.204298755806825
Lao PDR,LAO,2020,54.0,63.1139885984314,1.67210846259045,99.3,2583.77730696131,62.4493058083911,36.6185033569111,63.1139885984314,47.44093464212058,45.014781531987964,37.19328699762325
Lao PDR,LAO,2021,62.0,64.7101497693472,2.0226898696049,100.0,2526.05105018529,59.8530595325837,37.338778268357,64.7101497693472,50.045065718633296,47.44093464212058,45.014781531987964
Lao PDR,LAO,2022,64.54000092,63.3546046458219,2.38186047453058,100.0,2046.40440255621,56.8782044614964,38.0682382805397,63.3546046458219,52.2582614724528,50.045065718633296,47.44093464212058
Lao PDR,LAO,2023,64.39800262,64.7588066942788,2.72021122524182,96.5,2066.94979776957,54.4330611689851,38.8070088517156,64.7588066942788,50.13634053758903,52.2582614724528,50.045065718633296
Lao PDR,LAO,2024,65.59269714,64.7588066942788,,96.5,2123.97909415109,51.8523602531839,39.5552154401406,,73.55740720625909,50.13634053758903,52.2582614724528
Lebanon,LBN,2004,9.0,19.2300793233026,0.0,99.9,4600.68371412993,66.0179901123047,86.6049279736931,19.2300793233026,27.495847898530666,26.63162356532267,26.674763013859973
Lebanon,LBN,2005,10.14000034,21.2702912503302,0.0,99.2,4602.19804637945,66.4239807128906,86.7665156672703,21.2702912503302,27.275215632194726,27.495847898530666,26.63162356532267
Lebanon,LBN,2006,15.0,23.2877147696888,0.0,99.4,4635.2514117486,67.2385787963867,86.9323508787087,23.2877147696888,29.566358992992118,27.275215632194726,27.495847898530666
Lebanon,LBN,2007,18.74,26.0109270665991,1.03217964549997,97.8,5125.25809960149,68.0434875488281,87.1024862269079,26.0109270665991,31.60663958252766,29.566358992992118,27.275215632194726
Lebanon,LBN,2008,22.53,28.9725367963399,2.03031091775332,99.9,5912.04532820842,68.8993988037109,87.2769743307677,28.9725367963399,34.34793652923996,31.60663958252766,29.566358992992118
Lebanon,LBN,2009,30.13999939,47.8801999965146,3.94608723416743,99.3,7090.85493856621,71.0917282104492,87.4558678091878,47.8801999965146,40.30039735853423,34.34793652923996,31.60663958252766
Lebanon,LBN,2010,43.68000031,56.8042135263845,6.56754781714514,99.5,7625.81051551165,70.562435785543,87.6392192810679,56.8042135263845,48.105966884289984,40.30039735853423,34.34793652923996
Lebanon,LBN,2011,52.0,67.8303852810625,7.89496509040388,99.7,7834.96257108993,73.8286148513332,87.8270813653079,67.8303852810625,53.96291391087576,48.105966884289984,40.30039735853423
Lebanon,LBN,2012,61.24980164,71.7218113497571,9.09489046633696,99.5,8406.98405608118,72.2122774625477,88.0195066808075,71.7218113497571,58.138204751229345,53.96291391087576,48.105966884289984
Lebanon,LBN,2013,70.5,67.6382047262301,8.35736656593718,99.6,8162.37929361396,71.2231189680025,88.2165478464663,67.6382047262301,59.776849414306504,58.138204751229345,53.96291391087576
Lebanon,LBN,2014,73.0,69.1237106092809,17.8374158459364,99.7,7577.6413302369,59.2622758017054,88.4182574811842,69.1237106092809,64.25759576014462,59.776849414306504,58.138204751229345
Lebanon,LBN,2015,74.0,71.9609626558273,,99.7,7714.1099998804,58.1075064918095,88.6246882038608,71.9609626558273,72.93086324749092,64.25759576014462,59.776849414306504
Lebanon,LBN,2016,76.11000061,67.6419803070033,,99.8,8089.012088155,59.4640916311345,88.835892633396,67.6419803070033,73.15984893217845,72.93086324749092,64.25759576014462
Lebanon,LBN,2017,78.18080139,71.4122336418984,,99.9,8608.21084982387,63.1400703776303,89.0519233886895,71.4122336418984,73.72287434129895,73.15984893217845,72.93086324749092
Lebanon,LBN,2018,80.90000153,73.9321026202855,,99.7,9174.53666204759,64.2435656996928,89.272833088641,73.9321026202855,75.60640831679054,73.72287434129895,73.15984893217845
Lebanon,LBN,2019,81.48120117,73.1364785867655,7.24813507210341,100.0,8905.88005497437,65.2767643910733,89.4986743521503,73.1364785867655,63.27850237671643,75.60640831679054,73.72287434129895
Lebanon,LBN,2020,82.0664978,75.2003104658777,7.57698778654173,100.0,5561.19166950397,65.89697761206,89.729499798117,75.2003104658777,63.60253571697426,63.27850237671643,75.60640831679054
Lebanon,LBN,2021,82.65599823,74.9935205999452,7.55615217723581,100.0,4045.37391066234,67.5143617766569,89.965362045441,74.9935205999452,62.65796987535795,63.60253571697426,63.27850237671643
Lebanon,LBN,2022,81.46479797,74.0148340435503,7.29166684799988,100.0,3654.35845534878,64.5017084327233,90.206313713022,74.0148340435503,62.966985083677685,62.65796987535795,63.60253571697426
Lebanon,LBN,2023,81.7059021,74.0148340435503,,100.0,3477.72489842684,62.8279212477627,90.4524074197598,,86.86161000591883,62.966985083677685,62.65796987535795
Lebanon,LBN,2024,80.63400269,74.0148340435503,,100.0,4473.27134441128,63.7923011779785,90.703695784554,,85.87516428876056,86.86161000591883,62.966985083677685
Liberia,LBR,2011,2.5,47.8690308724247,0.00149247437563637,4.1,568.087865520004,43.64794921875,48.6583302770849,47.8690308724247,6.915172971220677,5.922717675963653,4.324524734534894
Liberia,LBR,2012,2.599999905,54.4220580497379,0.0119825028018247,9.3,638.368751462083,43.64794921875,49.1773247639526,54.4220580497379,8.587806456390728,6.915172971220677,5.922717675963653
Liberia,LBR,2013,3.200000048,57.0612667465878,0.113640456360387,9.8,710.744570927863,43.64794921875,49.6977986242077,57.0612667465878,8.820475220651502,8.587806456390728,6.915172971220677
Liberia,LBR,2014,5.409999847,70.6628167823582,0.131455189226459,9.4,706.714490064507,36.7695617675781,50.2198153156642,70.6628167823582,11.310187903069117,8.820475220651502,8.587806456390728
Liberia,LBR,2015,10.0,78.3786689834016,0.150232936167528,15.2,692.590082351257,36.3728485107422,50.7434382961363,78.3786689834016,15.278486351077735,11.310187903069117,8.820475220651502
Liberia,LBR,2016,15.69999981,65.5437117609357,0.168222443902021,17.7,714.613063145659,36.3728485107422,51.2687310234384,65.5437117609357,16.046989133953982,15.278486351077735,11.310187903069117
Liberia,LBR,2017,16.29999924,54.8575199657656,0.185608150260109,24.2,699.269095727404,36.3728485107422,51.7957569553849,54.8575199657656,15.16014615603972,16.046989133953982,15.278486351077735
Liberia,LBR,2018,17.27770042,54.8575199657656,,22.8,692.203127129794,36.3728485107422,52.3245795497906,,15.112180230357279,15.16014615603972,16.046989133953982
Liberia,LBR,2019,19.89579964,38.4041861157665,0.21809295161251,23.1,658.164180770507,36.3728485107422,52.85526226447,38.4041861157665,13.37683464731419,15.112180230357279,15.16014615603972
Liberia,LBR,2020,22.91069984,32.1004345501657,0.252453508259017,27.6,616.787867006715,37.7416801452637,53.3878685572381,32.1004345501657,13.092309002542734,13.37683464731419,15.112180230357279
Liberia,LBR,2021,26.38229942,31.429900768597,0.247180102838331,29.8,667.96610514319,37.7416801452637,53.9224618859098,31.429900768597,12.867151921247475,13.092309002542734,13.37683464731419
Liberia,LBR,2022,30.38010025,32.0638885570006,0.274673226516174,31.8,744.617175237387,37.7416801452637,54.4591057083,32.0638885570006,16.760062882226542,12.867151921247475,13.092309002542734
Liberia,LBR,2023,31.22410011,32.0638885570006,,32.5,799.194470229642,37.7416801452637,54.997863482224,,25.154280780270362,16.760062882226542,12.867151921247475
Liberia,LBR,2024,32.23360062,32.0638885570006,,34.9,851.497723870206,37.7416801452637,55.5387986654968,,25.515980570500215,25.154280780270362,16.760062882226542
Libya,LBY,2004,3.53283816154549,8.71582286170796,,91.8,5773.76333234281,106.755638122559,88.0371675280346,8.71582286170796,26.808540454590396,25.497899400079653,25.50238035452611
Libya,LBY,2005,3.91779995,34.136694932988,,90.1,8079.24957329001,93.6851577758789,88.135773324416,34.136694932988,30.31343989404486,26.808540454590396,25.497899400079653
Libya,LBY,2006,4.301099777,65.6759769847586,,88.4,10048.8480434289,97.6095123291016,88.1599560242948,65.6759769847586,35.228974227612454,30.31343989404486,26.808540454590396
Libya,LBY,2007,4.72199937850513,73.7175601781016,,86.8,11144.9448413435,97.6095123291016,88.1560287475586,73.7175601781016,36.33253762017971,35.228974227612454,30.31343989404486
Libya,LBY,2008,9.0,118.341718213499,0.741600819831191,85.1,13906.1407818125,97.6095123291016,88.1474456787109,118.341718213499,36.883300326811586,36.33253762017971,35.228974227612454
Libya,LBY,2009,10.80000019,149.749665681643,0.989525790968802,83.5,9551.05403869755,97.6095123291016,88.1345825195312,149.749665681643,41.47817462522431,36.883300326811586,36.33253762017971
Libya,LBY,2010,14.0,167.748077476219,1.1203724807586,81.9,11600.9068649472,97.6095123291016,88.1177139282227,150.0,42.43857989681902,41.47817462522431,36.883300326811586
Libya,LBY,2011,14.0,157.649061523019,1.10354343066113,80.3,7593.8391525702,97.6095123291016,88.0970458984375,150.0,42.013923823651865,42.43857989681902,41.47817462522431
Libya,LBY,2012,15.19999981,155.146320117657,1.08911519181374,78.7,14975.8902795144,97.6095123291016,88.0727920532227,150.0,42.09679263688783,42.013923823651865,42.43857989681902
Libya,LBY,2013,16.5,162.34581961061,1.02623025498094,77.1,11951.7134126011,97.6095123291016,88.0451431274414,150.0,42.08848246680336,42.09679263688783,42.013923823651865
Libya,LBY,2014,17.76000023,132.203934123012,0.977089431066341,75.5,8926.42074591474,97.6095123291016,88.0142059326172,132.203934123012,39.533586154210745,42.08848246680336,42.09679263688783
Libya,LBY,2015,25.0,149.224588127748,0.933889931732646,73.8,7458.48917756374,97.6095123291016,87.8159103393555,149.224588127748,44.59229964979593,39.533586154210745,42.08848246680336
Libya,LBY,2016,35.0,115.499434118109,2.54699624223062,72.2,7525.80299308216,97.6095123291016,87.8160056703177,115.499434118109,43.930249437537526,44.59229964979593,39.533586154210745
Libya,LBY,2017,47.5,89.333810176041,4.71896206577758,70.6,9965.83236729757,97.6095123291016,87.8166729870528,89.333810176041,44.513470891432156,43.930249437537526,44.59229964979593
Libya,LBY,2018,47.5,89.333810176041,,67.0,11196.5854810844,97.6095123291016,87.818484275334,,51.904295132663115,44.513470891432156,43.930249437537526
Libya,LBY,2019,71.40409851,164.00440049702,4.5748595928116,68.5,9963.19489084483,97.6095123291016,87.8220115209342,150.0,63.27047780443294,51.904295132663115,44.513470891432156
Libya,LBY,2020,74.35810089,164.987107188677,4.71229521564357,69.4,6650.33810585348,97.6095123291016,87.8278267096263,150.0,64.02343203194462,63.27047780443294,51.904295132663115
Libya,LBY,2021,77.438797,195.117849246865,4.65300430613124,70.2,4935.82787349801,97.6095123291016,87.8365018271835,150.0,65.37694295655658,64.02343203194462,63.27047780443294
Libya,LBY,2022,80.64720154,192.97309381967,4.51840823499527,70.0,5986.63694851258,97.6095123291016,87.8486088593786,150.0,66.61053241920196,65.37694295655658,64.02343203194462
Libya,LBY,2023,82.10469818,192.97309381967,,73.2,6026.51518708812,97.6095123291016,87.8647197919848,,77.04243525875248,66.61053241920196,65.37694295655658
Libya,LBY,2024,81.95449829,192.97309381967,,77.4,6569.16408678648,97.6095123291016,87.8854066107749,,78.13928526916948,77.04243525875248,66.61053241920196
St. Lucia,LCA,2004,21.395212362765,61.4957470515529,2.31370137421684,89.3,6494.60034867886,74.9941787719727,24.8459172882296,61.4957470515529,40.14931175483288,38.64826712922519,33.22658706763737
St. Lucia,LCA,2005,21.5675829464215,63.8597763674826,4.23088546388637,90.1,6863.43641919345,79.0845108032227,23.5419158996884,63.8597763674826,39.21092478530825,40.14931175483288,38.64826712922519
St. Lucia,LCA,2006,24.5,63.370519506238,4.30631484826481,90.9,7611.17856675319,83.6699066162109,22.2016686292365,63.370519506238,39.72247250614189,39.21092478530825,40.14931175483288
St. Lucia,LCA,2007,27.89999962,87.6262234885967,6.60355988984132,91.8,7964.38211480117,88.3509292602539,20.9268897953144,87.6262234885967,45.10501316612471,39.72247250614189,39.21092478530825
St. Lucia,LCA,2008,30.0,103.694730107578,9.19802379034169,92.7,8516.96075488787,94.5392303466797,19.8192937163625,103.694730107578,48.86655137958266,45.10501316612471,39.72247250614189
St. Lucia,LCA,2009,31.0,111.696660367695,10.9413724693735,93.5,8250.52180732734,96.8615798950195,18.9805947108213,111.696660367695,50.27977876306633,48.86655137958266,45.10501316612471
St. Lucia,LCA,2010,32.5,115.977203843048,11.9896317273823,94.2,8673.68720340529,97.0315628051758,18.5125070971313,115.977203843048,51.86255274883216,50.27977876306633,48.86655137958266
St. Lucia,LCA,2011,34.0,126.035354858237,12.4213479549013,95.4,9128.99442011613,96.6020889282227,18.4743479557314,126.035354858237,55.23976150789815,51.86255274883216,50.27977876306633
St. Lucia,LCA,2012,45.865,125.154270020338,14.2380364685637,95.3,9260.30006551714,93.3481292724609,18.6193081275177,125.154270020338,60.51411239238705,55.23976150789815,51.86255274883216
St. Lucia,LCA,2013,49.3871994,122.318869001955,14.2493756092496,97.2,9577.21733754358,91.4860382080078,18.9258370999948,122.318869001955,60.215148442007894,60.51411239238705,55.23976150789815
St. Lucia,LCA,2014,53.17969894,108.161917559637,16.1934787352559,98.1,10044.8218377677,90.7485504150391,19.3915445904726,108.161917559637,60.881898662609416,60.215148442007894,60.51411239238705
St. Lucia,LCA,2015,57.26330185,107.338841085161,16.252251222092,99.0,10334.9860823918,90.9497604370117,20.0204288176073,107.338841085161,63.07482699694502,60.881898662609416,60.215148442007894
St. Lucia,LCA,2016,58.22259903,100.570465595573,16.9579722851645,99.8,10638.1269396653,89.6722183227539,20.8164880000551,100.570465595573,62.869839668369266,63.07482699694502,60.881898662609416
St. Lucia,LCA,2017,59.16009903,100.199612117363,18.0490183847297,99.9,11333.1123822102,88.9026336669922,21.783720356472,100.199612117363,61.40757183941976,62.869839668369266,63.07482699694502
St. Lucia,LCA,2018,60.11259842,104.478100973353,18.227062937458,100.0,11642.6984727769,88.7150192260742,22.9261241055144,104.478100973353,64.19796943510431,61.40757183941976,62.869839668369266
St. Lucia,LCA,2019,61.08050156,83.1865181441059,8.88489876787815,100.0,11764.3944032403,88.3461303710938,24.2476974658382,83.1865181441059,57.02891155315752,64.19796943510431,61.40757183941976
St. Lucia,LCA,2020,62.06399918,81.8687237026648,19.9725105189341,100.0,8537.11495506727,88.7376327514648,25.7524386560998,81.8687237026648,60.59468357514271,57.02891155315752,64.19796943510431
St. Lucia,LCA,2021,63.06330109,96.2374385229832,10.675434960397,100.0,10481.1233971786,88.7376327514648,27.4443458949551,96.2374385229832,58.97041521894032,60.59468357514271,57.02891155315752
St. Lucia,LCA,2022,66.95159912,98.6676436534083,13.571912004072,100.0,12976.1489693474,87.6844863891602,29.097678526676,98.6676436534083,62.78169933696372,58.97041521894032,60.59468357514271
St. Lucia,LCA,2023,67.44390106,98.6676436534083,,100.0,13616.6397593734,88.6818771362305,29.0976313248036,,76.61897695651815,62.78169933696372,58.97041521894032
St. Lucia,LCA,2024,68.20500183,98.6676436534083,,100.0,14493.658470648,87.8672424011515,29.0973354237452,,76.80991490386566,76.61897695651815,62.78169933696372
Liechtenstein,LIE,2004,64.0074481394199,74.1516182500218,13.786385181308,100.0,100280.831356705,110.761421203613,14.6574624864307,74.1516182500218,73.98802520805677,64.34419438335698,60.31594431545493
Liechtenstein,LIE,2005,63.37139893,79.2799285117177,24.8392954945087,100.0,105295.057027611,107.089302062988,14.594120964481,79.2799285117177,76.52535645464259,73.98802520805677,64.34419438335698
Liechtenstein,LIE,2006,64.21420288,82.2158684774839,28.5918513223731,100.0,114167.939211301,107.011070251465,14.5394671726401,82.2158684774839,74.80509442240623,76.52535645464259,73.98802520805677
Liechtenstein,LIE,2007,65.0802002,90.8788962698007,40.311133821609,100.0,130492.595349517,106.128601074219,14.4938864161177,90.8788962698007,78.43547925705266,74.80509442240623,76.52535645464259
Liechtenstein,LIE,2008,70.0,95.9259677237332,43.8720234736486,100.0,143249.227302093,107.566116333008,14.4577640001239,95.9259677237332,79.85782585080555,78.43547925705266,74.80509442240623
Liechtenstein,LIE,2009,75.0,97.992552566005,44.7489990760702,100.0,126024.714567466,105.755638122559,14.4314852298684,97.992552566005,79.47967197414158,79.85782585080555,78.43547925705266
Liechtenstein,LIE,2010,80.0,98.6138503847329,42.3622878413289,100.0,141089.812849014,108.879280090332,14.4154354105611,98.6138503847329,80.80625980012147,79.47967197414158,79.85782585080555
Liechtenstein,LIE,2011,85.0,101.929969671905,37.4827681279294,100.0,158066.369379163,111.456573486328,14.4099998474121,101.929969671905,85.29269868274173,80.80625980012147,79.47967197414158
Liechtenstein,LIE,2012,89.40769958,98.5900098371407,39.3922833096513,100.0,148842.035144342,110.373863220215,14.4124545370445,98.5900098371407,86.75424168979787,85.29269868274173,80.80625980012147
Liechtenstein,LIE,2013,93.80000305,104.109997290707,40.6827418043891,100.0,172823.607794648,110.373863220215,14.4201755971624,104.109997290707,85.12212164273801,86.75424168979787,85.29269868274173
Liechtenstein,LIE,2014,95.20999908,109.388370153109,42.0041439065737,100.0,178735.153020908,115.557830810547,14.4336985145967,109.388370153109,88.20319888960057,85.12212164273801,86.75424168979787
Liechtenstein,LIE,2015,96.6411972,109.491978609626,41.9679144385027,100.0,167187.15730982,116.123443603516,14.4535587761782,109.491978609626,90.10308830888542,88.20319888960057,85.12212164273801
Liechtenstein,LIE,2016,98.09390259,117.766848331783,42.3634188488635,100.0,165375.491396259,116.028373718262,14.4802918687379,117.766848331783,92.08905965721628,90.10308830888542,88.20319888960057
Liechtenstein,LIE,2017,99.54660034,122.594451783355,42.9405548216645,100.0,170547.092298954,117.094329833984,14.5144332791067,122.594451783355,89.55117796483543,92.08905965721628,90.10308830888542
Liechtenstein,LIE,2019,93.14610291,124.214360041623,44.6748178980229,100.0,166907.839305016,119.209663391113,14.6070830005951,124.214360041623,89.93192618430066,89.55117796483543,92.08905965721628
Liechtenstein,LIE,2020,94.34999847,126.104676657982,46.5602187427451,100.0,164671.093553454,120.228446960449,14.6666622853765,126.104676657982,90.8850974651179,89.93192618430066,89.55117796483543
Liechtenstein,LIE,2021,95.56939697,126.070587030017,47.5207458252228,100.0,201944.830335076,118.726867675781,14.6989159370696,126.070587030017,91.36885452296782,90.8850974651179,89.93192618430066
Liechtenstein,LIE,2022,97.88069916,126.306686674975,48.9304880840349,100.0,188055.003235348,118.726867675781,14.6923070071538,126.306686674975,93.16154148399208,91.36885452296782,90.8850974651179
Liechtenstein,LIE,2023,98.13230133,127.059447446841,49.4065356836204,100.0,206780.590353385,118.726867675781,14.6783761234077,127.059447446841,92.91987766313969,93.16154148399208,91.36885452296782
Liechtenstein,LIE,2024,98.2641983,128.901429646351,50.0050163029847,100.0,220167.225473557,118.726867675781,14.657584904886,128.901429646351,93.40905415777544,92.91987766313969,93.16154148399208
Sri Lanka,LKA,2010,6.912399769,83.1420949448513,1.09351514330917,85.3,2808.36245207687,92.3497085571289,17.2486209380693,83.1420949448513,31.11727207457804,30.47297978474333,25.845545923894242
Sri Lanka,LKA,2011,7.956399918,87.1978920701214,1.70878756619529,87.8,3224.95745082305,94.108642578125,17.7881192817964,87.1978920701214,32.75120858583753,31.11727207457804,30.47297978474333
Sri Lanka,LKA,2012,9.00039959,91.3242275735165,1.67222042245956,87.0,3327.77612404326,94.6744689941406,18.2617686748284,91.3242275735165,33.22903674690627,32.75120858583753,31.11727207457804
Sri Lanka,LKA,2013,10.04440022,95.1136033828075,1.98679918143445,90.2,3739.43182292825,95.1442636196356,18.4323136480916,95.1136033828075,34.48854344099882,33.22903674690627,32.75120858583753
Sri Lanka,LKA,2014,10.5000026214106,102.671053139637,2.63419031926553,92.7,3972.04377042271,93.4926277980089,18.6153877203724,102.671053139637,36.41903785152195,34.48854344099882,33.22903674690627
Sri Lanka,LKA,2015,15.26249981,109.984693490847,2.88043182386208,94.3,4057.71582716521,94.4516928962286,18.796256612131,109.984693490847,39.8470825350329,36.41903785152195,34.48854344099882
Sri Lanka,LKA,2016,22.19,117.737517418373,4.07189669081491,97.5,4149.19189391879,93.9037221276375,18.9747679368162,117.737517418373,44.93967404676275,39.8470825350329,36.41903785152195
Sri Lanka,LKA,2017,25.07550049,127.669744935625,5.5257624644358,97.5,4398.88828786059,94.0418660922689,19.1507693078088,127.669744935625,47.09503732744839,44.93967404676275,39.8470825350329
Sri Lanka,LKA,2018,28.33620071,136.084228735946,6.93976008216017,99.6,4358.56095905888,95.9107331693991,19.3241083384127,136.084228735946,50.886502875359156,47.09503732744839,44.93967404676275
Sri Lanka,LKA,2019,32.02090073,126.514451763616,7.43541256815093,99.8,4081.94772178134,95.9107331693991,19.4946326418437,126.514451763616,51.169409798811245,50.886502875359156,47.09503732744839
Sri Lanka,LKA,2020,36.18473435,131.773421339878,7.8962203692284,100.0,3847.60136741182,95.9107331693991,19.6621898312161,131.773421339878,52.79751376804441,51.169409798811245,50.886502875359156
Sri Lanka,LKA,2021,44.45308724,135.522602889503,10.5401488574725,100.0,3996.96240531688,89.8339685558794,19.8266275195269,135.522602889503,57.56230249071753,52.79751376804441,51.169409798811245
Sri Lanka,LKA,2022,48.3,151.72675762805,9.63609972688813,100.0,3342.63650438046,88.1918156520303,19.9877933196367,150.0,61.21830474899033,57.56230249071753,52.79751376804441
Sri Lanka,LKA,2023,51.2,142.277402587724,8.76545173115153,100.0,3815.41531767474,87.9534065332114,20.1455348442463,142.277402587724,60.77667655473839,61.21830474899033,57.56230249071753
Sri Lanka,LKA,2024,54.59,132.548743018664,8.4682688580745,100.0,4545.36006870612,87.9534065332114,20.2996997058686,132.548743018664,60.031919647581084,60.77667655473839,61.21830474899033
Lesotho,LSO,2004,2.17552433931097,9.95434596112177,0.00111611162942659,6.8,766.685820928242,34.4488716125488,21.7993659097494,9.95434596112177,3.3916809251946716,2.970037534913472,2.848652567848884
Lesotho,LSO,2005,2.580199957,12.7893640595655,0.00230405780420219,9.6,861.381496414995,36.768440246582,22.5317981562788,12.7893640595655,4.153165040784609,3.3916809251946716,2.970037534913472
Lesotho,LSO,2006,2.97970818724486,18.4011006327301,,9.7,925.467485502842,38.4086112976074,23.3329886243114,18.4011006327301,6.365614700397747,4.153165040784609,3.3916809251946716
Lesotho,LSO,2007,3.44543125970873,24.6998875730315,0.00563158767767659,13.9,861.188420899563,41.5562515258789,24.2187949905661,24.6998875730315,6.914267652263145,6.365614700397747,4.153165040784609
Lesotho,LSO,2008,3.58,30.1654529450441,0.00711909896615428,16.0,898.482517882593,44.7508811950684,25.1966303659683,30.1654529450441,8.402588750837824,6.914267652263145,6.365614700397747
Lesotho,LSO,2009,3.72,33.3689571771781,0.0201930149332394,17.0,878.847950537772,49.1937294006348,26.2591028264855,33.3689571771781,8.935227657580848,8.402588750837824,6.914267652263145
Lesotho,LSO,2010,3.859999895,49.4651223718861,0.0200375604069829,17.0,1119.47557793042,54.2426986694336,27.4004815007995,49.4651223718861,10.513874056627607,8.935227657580848,8.402588750837824
Lesotho,LSO,2011,7.0,61.1891009424486,0.0664843106460795,22.5,1280.73390931581,56.9506416320801,28.6150355175921,61.1891009424486,14.498991696064937,10.513874056627607,8.935227657580848
Lesotho,LSO,2012,10.0,75.9363906183486,0.0804186488683877,20.6,1217.93071228944,59.0772018432617,29.8970340055453,75.9363906183486,17.07576789355325,14.498991696064937,10.513874056627607
Lesotho,LSO,2013,15.0,87.055264662748,0.110624632872098,26.9,1151.03735837227,57.7590713500977,31.2407460933407,87.055264662748,21.642013687383596,17.07576789355325,14.498991696064937
Lesotho,LSO,2014,22.0,102.821994635806,0.0722084487731054,27.8,1173.5377928819,58.2575629391492,32.6404409096604,102.821994635806,26.674738196367525,21.642013687383596,17.07576789355325
Lesotho,LSO,2015,25.0,101.688197961524,0.0979753503141436,31.8,1121.19851342518,59.3985096286536,34.0903875831861,101.688197961524,28.3760875455666,26.674738196367525,21.642013687383596
Lesotho,LSO,2016,32.4538569477365,107.157971519258,0.10467409743234,35.1,992.491840678465,56.8386993408203,35.5077950709441,107.157971519258,32.82069742433831,28.3760875455666,26.674738196367525
Lesotho,LSO,2017,39.0,110.370078484639,0.223493470430344,33.7,1069.36673247542,59.3586515505342,36.5283648068846,110.370078484639,35.12567788826677,32.82069742433831,28.3760875455666
Lesotho,LSO,2018,40.79999924,72.4555241955612,0.263921601133539,47.0,1170.65569702819,59.3586515505342,37.569092747415,72.4555241955612,32.34917504390206,35.12567788826677,32.82069742433831
Lesotho,LSO,2019,42.301733569273,76.1124827725111,0.209015549435255,44.6,1082.05706777516,59.3586515505342,38.6040920446259,76.1124827725111,33.06931035823515,32.34917504390206,35.12567788826677
Lesotho,LSO,2020,43.65750122,69.8944012395073,0.226324591508713,47.5,918.582574704447,59.3586515505342,39.6329305425532,69.8944012395073,32.13730727269342,33.06931035823515,32.34917504390206
Lesotho,LSO,2021,45.05670166,80.5368195682415,0.353652507890634,50.4,1066.58645143823,59.3586515505342,40.6551760851997,80.5368195682415,33.78996176719817,32.13730727269342,33.06931035823515
Lesotho,LSO,2022,48.06959915,68.1001351640997,0.39753117741491,50.0,1030.12582947757,59.3586515505342,41.6703965165322,68.1001351640997,34.02632706960018,33.78996176719817,32.13730727269342
Lesotho,LSO,2023,48.98590088,69.3513051423509,0.383738154734299,57.3,921.435141557056,59.3586515505342,42.6781596804785,69.3513051423509,34.582416260744374,34.02632706960018,33.78996176719817
Lesotho,LSO,2024,51.79660034,70.328049309004,0.379434958926989,60.6,1023.04227681523,59.3586515505342,43.6780334209246,70.328049309004,35.61733044488318,34.582416260744374,34.02632706960018
Lithuania,LTU,2004,31.23,90.3592532233403,3.82180940616857,99.4,6734.57487061946,103.009536743164,66.6022567749023,90.3592532233403,52.97966482944062,44.32484186493241,38.368116572903645
Lithuania,LTU,2005,36.22,131.038602302106,7.04582990569982,99.4,7857.03148786492,104.49723815918,66.5784912109375,131.038602302106,58.756443632400504,52.97966482944062,44.32484186493241
Lithuania,LTU,2006,43.9,144.296392938056,11.2763501710192,99.4,9210.10118229413,107.004852294922,66.6381530761719,144.296392938056,64.68393144416507,58.756443632400504,52.97966482944062
Lithuania,LTU,2007,49.9,152.012023368388,17.3002567947876,99.4,12295.1212779366,106.929290771484,66.7184982299805,150.0,69.43425898982987,64.68393144416507,58.756443632400504
Lithuania,LTU,2008,55.22,157.03197861735,18.4494764858694,99.4,14955.5345462921,106.108779907227,66.7527770996094,150.0,70.99160788033409,69.43425898982987,64.68393144416507
Lithuania,LTU,2009,59.76,156.847948346861,20.0356658048958,99.5,11854.3711053096,104.755882263184,66.7816619873047,150.0,71.93513676471076,70.99160788033409,69.43425898982987
Lithuania,LTU,2010,62.12,157.889641413685,21.9297095928618,99.7,11829.122609457,105.068267822266,66.7712860107422,150.0,73.47732462834011,71.93513676471076,70.99160788033409
Lithuania,LTU,2011,63.6399774002179,163.043370593157,24.0272372898481,99.7,14261.8433787325,106.008163452148,66.7518340055756,150.0,76.93262552977099,73.47732462834011,71.93513676471076
Lithuania,LTU,2012,67.2299893276414,167.226065135398,25.7287935833036,100.0,14288.1853493139,106.17350769043,66.8536758422852,150.0,78.83663285481691,76.93262552977099,73.47732462834011
Lithuania,LTU,2013,68.4529,154.341459457267,28.2656607039035,100.0,15636.5252586048,108.811836242676,67.0092086791992,150.0,77.2133813089493,78.83663285481691,76.93262552977099
Lithuania,LTU,2014,72.1335378644566,145.49429149643,27.337779493026,100.0,16446.1647181663,107.746429443359,67.1514937628023,145.49429149643,78.62780823234104,77.2133813089493,78.83663285481691
Lithuania,LTU,2015,71.3780590101754,143.991494147494,28.6774149586821,100.0,14269.8039878287,106.955902099609,67.2282485961914,143.991494147494,79.50981495816131,78.62780823234104,77.2133813089493
Lithuania,LTU,2016,74.3766455618662,146.550393676088,29.8964138705034,100.0,14934.2702840428,106.39778137207,67.1894226074219,146.550393676088,81.62400063037171,79.50981495816131,78.62780823234104
Lithuania,LTU,2017,77.6152565124514,154.147985747777,28.2319064734089,100.0,16800.1510246099,107.223350524902,67.1012954711914,150.0,80.03615415271119,81.62400063037171,79.50981495816131
Lithuania,LTU,2018,79.7225827680518,134.333614750945,28.1444849879285,100.0,19247.2315367967,106.866737365723,67.1464742010457,134.333614750945,81.13626485782228,80.03615415271119,81.62400063037171
Lithuania,LTU,2019,81.5818683764046,132.528841977519,28.2791627222047,100.0,19608.7943945553,106.835861206055,67.245735168457,132.528841977519,80.3463095036231,81.13626485782228,80.03615415271119
Lithuania,LTU,2020,83.05554724,131.341332336588,28.4988545174577,100.0,20428.6478157394,106.810821533203,67.4254608154297,131.341332336588,80.27781749189698,80.3463095036231,81.13626485782228
Lithuania,LTU,2021,86.93054425,133.357273318046,28.712701575387,100.0,23882.8668916753,105.67610168457,68.1912117004395,133.357273318046,82.04157652506922,80.27781749189698,80.3463095036231
Lithuania,LTU,2022,87.72420219,135.834150715729,28.4400438919259,100.0,24946.5724005188,106.918357849121,68.2866452426813,135.834150715729,82.83173311772802,82.04157652506922,80.27781749189698
Lithuania,LTU,2023,88.50287484,137.203719983084,27.9638162516437,100.0,27983.3658256887,105.428817749023,68.575454583199,137.203719983084,82.8463317929866,82.83173311772802,82.04157652506922
Lithuania,LTU,2024,89.16116293,138.728835196967,27.8460080234758,100.0,29603.7772588256,104.860809326172,68.8285833315315,138.728835196967,83.23268325244013,82.8463317929866,82.83173311772802
Luxembourg,LUX,2004,65.88,102.553808019271,7.96428509085831,100.0,76544.9170868473,94.1919326782227,85.9799097226846,102.553808019271,74.9856718307959,69.13306296587122,61.32828794793993
Luxembourg,LUX,2005,70.0,109.591866994153,15.0635095613532,100.0,80988.2044869403,93.7901229858398,86.3735649102561,109.591866994153,76.99517784264116,74.9856718307959,69.13306296587122
Luxembourg,LUX,2006,72.51,150.78267416139,20.9213603853946,100.0,90788.8164271049,94.220832824707,86.7738936810355,150.0,83.50778686162818,76.99517784264116,74.9856718307959
Luxembourg,LUX,2007,78.92,142.5239969184,26.7932621233889,100.0,107475.320297978,94.9079666137695,87.1831946460401,142.5239969184,85.55490468319717,83.50778686162818,76.99517784264116
Luxembourg,LUX,2008,82.23,144.583733818688,29.2848524509704,100.0,120422.137934157,95.75830078125,87.6037664162874,144.583733818688,86.32859078163725,85.55490468319717,83.50778686162818
Luxembourg,LUX,2009,87.31,144.524044184212,31.3376302472766,100.0,109419.746953106,95.75830078125,88.0379076027949,144.524044184212,86.77151942545913,86.32859078163725,85.55490468319717
Luxembourg,LUX,2010,90.62,143.276640192349,33.1818450562661,100.0,110885.991378721,100.080001831055,88.48791681658,143.276640192349,88.45284473614745,86.77151942545913,86.32859078163725
Luxembourg,LUX,2011,90.0298585646936,147.511878499915,32.7339447418355,100.0,119025.057203467,100.420967102051,88.9562814837254,147.511878499915,91.58639412308713,88.45284473614745,86.77151942545913
Luxembourg,LUX,2012,91.9499237417387,143.387946442865,31.9617588949556,100.0,112584.676270958,100.609519958496,89.4405768017292,143.387946442865,90.93390939846446,91.58639412308713,88.45284473614745
Luxembourg,LUX,2013,93.7765,145.093438163702,32.4834270107517,100.0,120000.140729859,103.469413757324,89.9413746679705,145.093438163702,88.43245943091178,90.93390939846446,91.58639412308713
Luxembourg,LUX,2014,94.6702052774766,144.244165248014,33.580271770101,100.0,123678.706919314,104.596977233887,90.4577807676859,144.244165248014,90.0057791783727,88.43245943091178,90.93390939846446
Luxembourg,LUX,2015,96.3767141704759,141.659175188223,34.2910720305652,100.0,105462.012584423,104.379188537598,90.9893679353068,141.659175188223,91.69533489826092,90.0057791783727,88.43245943091178
Luxembourg,LUX,2016,98.1366986657616,130.932672500368,34.8068400324932,100.0,106899.293549552,106.08519744873,91.5357090052649,130.932672500368,91.04798616287114,91.69533489826092,90.0057791783727
Luxembourg,LUX,2017,97.3629603241751,133.110922975046,35.9768313229784,100.0,110193.213797228,106.78434753418,92.0963768119916,133.110922975046,88.04437645701941,91.04798616287114,91.69533489826092
Luxembourg,LUX,2018,97.061298705829,131.326868398506,36.8853200372964,100.0,116926.759593905,106.983123779297,92.6709441899184,131.326868398506,91.61415320418948,88.04437645701941,91.04798616287114
Luxembourg,LUX,2019,97.120635693272,131.870169616698,37.3611453762962,100.0,112696.649059674,106.946510314941,93.2589839734767,131.870169616698,90.03463877033553,91.61415320418948,88.04437645701941
Luxembourg,LUX,2020,98.45962893,132.908973559976,37.2960860898482,100.0,116860.02817236,107.078948974609,93.8600689970981,132.908973559976,90.3104769919351,90.03463877033553,91.61415320418948
Luxembourg,LUX,2021,98.66086333,136.87108956478,38.0399641403524,100.0,134965.815442152,106.482757568359,94.5861743396533,136.87108956478,91.06439620847112,90.3104769919351,90.03463877033553
Luxembourg,LUX,2022,98.24203749,139.651285065505,38.3269581349215,100.0,123719.658915996,107.83975982666,94.7605400940185,139.651285065505,91.53015558465928,91.06439620847112,90.3104769919351
Luxembourg,LUX,2023,99.34785707,144.474949556306,38.3793065082138,100.0,133230.619178899,107.744010925293,94.8015300320787,144.474949556306,92.50136386873002,91.53015558465928,91.06439620847112
Luxembourg,LUX,2024,98.7606147,144.474949556306,40.3174570156723,100.0,137781.681659123,108.577438354492,94.8438702866393,,92.42495892066844,92.50136386873002,91.53015558465928
Latvia,LVA,2004,38.58,67.8707555161397,2.17063706234592,99.7,6109.73265186817,99.2952423095703,67.9206702831277,67.8707555161397,51.45344258784878,42.59753810891749,38.93475752931106
Latvia,LVA,2005,46.0,83.5617184514221,2.71320805934858,99.7,7283.78738127622,102.686317443848,67.8953910570353,83.5617184514221,54.038656292749806,51.45344258784878,42.59753810891749
Latvia,LVA,2006,53.63,98.4075939418629,4.94242534582647,99.6,9211.7374468148,103.965400695801,67.873733661714,98.4075939418629,59.57854617942503,54.038656292749806,51.45344258784878
Latvia,LVA,2007,59.17,100.737558024988,15.3836192324889,99.7,13370.9789452508,103.921241760254,67.8558853865191,100.737558024988,66.16902846391821,59.57854617942503,54.038656292749806
Latvia,LVA,2008,63.41,105.551654925745,18.9239067993871,99.7,15677.6080864506,104.897567749023,67.8420335208058,105.551654925745,68.88141805855321,66.16902846391821,59.57854617942503
Latvia,LVA,2009,66.84,107.542192196889,21.2280519111895,100.0,11996.0322729773,99.4204025268555,67.8323653539295,107.542192196889,69.76818270205949,68.88141805855321,66.16902846391821
Latvia,LVA,2010,68.42,109.927825454005,20.7297918659797,99.8,11188.4191700977,102.822158813477,67.8270681752453,109.927825454005,70.43621166034039,69.76818270205949,68.88141805855321
Latvia,LVA,2011,69.7499545592245,112.090589002306,22.2055874415821,99.8,12902.574053337,105.565788269043,67.8266897008267,112.090589002306,73.63245200452889,70.43621166034039,69.76818270205949
Latvia,LVA,2012,73.1199437663748,129.304547798055,23.4018125136081,100.0,13329.3499931271,106.344802856445,67.8331638942219,129.304547798055,77.40804611291577,73.63245200452889,70.43621166034039
Latvia,LVA,2013,75.2344,127.073387613574,24.6397186303098,100.0,14484.4715282132,114.776809692383,67.847334482933,127.073387613574,75.58802920956873,77.40804611291577,73.63245200452889
Latvia,LVA,2014,75.8261041383556,119.549742772481,25.3240856124593,100.0,15185.814581236,113.706932067871,67.8686035364944,119.549742772481,75.61020838152092,75.58802920956873,77.40804611291577
Latvia,LVA,2015,79.2005829239344,130.949148754694,25.4568684345307,100.0,13321.9753140616,112.356651306152,67.8965395668259,130.949148754694,79.50123540687073,75.61020838152092,75.58802920956873
Latvia,LVA,2016,79.8420977843089,135.227462327724,26.4893005276389,100.0,13838.5266823272,111.296806335449,67.9307110858472,135.227462327724,80.81926530093598,79.50123540687073,75.61020838152092
Latvia,LVA,2017,80.1140770037369,126.846989128969,27.0886247975645,100.0,15132.4958333982,110.723251342773,67.9706866054779,126.846989128969,77.10577703710081,80.81926530093598,79.50123540687073
Latvia,LVA,2018,83.5771748630956,107.397431401316,27.2877295355647,100.0,17252.1710428626,109.155700683594,68.0160346376376,107.397431401316,78.27716380527968,77.10577703710081,80.81926530093598
Latvia,LVA,2019,86.13545644343,108.221910991332,26.5858975490829,100.0,17294.9751600969,107.602462768555,68.066323694246,108.221910991332,77.8300628156254,78.27716380527968,77.10577703710081
Latvia,LVA,2020,88.89796078,107.902487108935,25.804169430384,100.0,17564.2321549354,105.956283569336,68.1211222872228,107.902487108935,78.19172235217705,77.8300628156254,78.27716380527968
Latvia,LVA,2021,91.17964988,114.644670333429,25.9761549056076,100.0,20261.8887788916,105.814010620117,68.1808791463693,114.644670333429,79.7118127182244,78.19172235217705,77.8300628156254
Latvia,LVA,2022,91.03009059,115.202627450543,25.989241189689,100.0,20221.103686109,104.764526367188,68.2570218109034,115.202627450543,80.19452208068628,79.7118127182244,78.19172235217705
Latvia,LVA,2023,92.18791291,119.909944560018,25.9948491178264,100.0,22710.2637544197,102.126243591309,68.3586316343061,119.909944560018,80.74636848620085,80.19452208068628,79.7118127182244
Latvia,LVA,2024,92.70757011,121.262202363304,25.7542854181725,100.0,23578.9663562625,101.252647399902,68.4839492628509,121.262202363304,80.89279312810939,80.74636848620085,80.19452208068628
"Macao SAR, China",MAC,2004,31.4840973824121,89.6827042720863,9.37743674823725,100.0,23407.1993692194,92.5055236816406,100.0,89.6827042720863,57.55726167049861,50.43052955754031,47.53549135706669
"Macao SAR, China",MAC,2005,34.86289978,107.538589171415,13.7320325951584,100.0,25681.2167315221,92.0361480712891,100.0,107.538589171415,59.65092522814242,57.55726167049861,50.43052955754031
"Macao SAR, China",MAC,2006,46.4,125.08122898022,18.1262985334557,100.0,29813.7877167933,92.9831237792969,100.0,125.08122898022,66.99793577541602,59.65092522814242,57.55726167049861
"Macao SAR, China",MAC,2007,47.32699966,152.089033555119,21.1570532765306,100.0,35400.2334659409,94.0301895141602,100.0,150.0,70.10694648748311,66.99793577541602,59.65092522814242
"Macao SAR, China",MAC,2008,49.24,174.014516821227,22.683746011606,100.0,38888.5118044503,89.8171920776367,100.0,150.0,70.05698450630207,70.10694648748311,66.99793577541602
"Macao SAR, China",MAC,2009,54.0,188.792009943893,22.9564881898075,100.0,40354.2810293673,89.3067169189453,100.0,150.0,70.48209606357923,70.05698450630207,70.10694648748311
"Macao SAR, China",MAC,2010,55.198,199.404590569397,23.4682999115148,100.0,52596.2250160214,91.1610379698531,100.0,150.0,71.05696418930984,70.48209606357923,70.05698450630207
"Macao SAR, China",MAC,2011,60.2036967182195,235.079295314897,23.914716494711,100.0,67046.7284292101,94.9301234316026,100.0,150.0,75.48681622197566,71.05696418930984,70.48209606357923
"Macao SAR, China",MAC,2012,61.31,274.656223720989,24.6143475315178,100.0,76058.0224963659,97.4283454689247,100.0,150.0,75.87884118570193,75.48681622197566,71.05696418930984
"Macao SAR, China",MAC,2013,65.8,287.643446353444,25.3524467091891,100.0,87107.8313063626,98.6075581395349,100.0,150.0,75.1802103850872,75.87884118570193,75.48681622197566
"Macao SAR, China",MAC,2014,69.7809492200465,304.184963559144,26.4618944001678,100.0,88355.3181764446,101.75873015873,100.0,150.0,77.99902413762503,75.1802103850872,75.87884118570193
"Macao SAR, China",MAC,2015,77.6001318608868,304.751044313614,27.3135223143179,100.0,69902.9605741233,100.96644295302,100.0,150.0,82.41508891369847,77.99902413762503,75.1802103850872
"Macao SAR, China",MAC,2016,81.6429854646415,310.568300773121,28.0554364413727,100.0,68911.6755919628,99.4636678200692,100.0,150.0,84.3967411314905,82.41508891369847,77.99902413762503
"Macao SAR, China",MAC,2017,83.1740890688259,316.601552229203,28.7678987369964,100.0,77570.9876166977,97.4219858156028,100.0,150.0,82.4995729879938,84.3967411314905,82.41508891369847
"Macao SAR, China",MAC,2018,83.7940896091516,331.099986034622,29.3055867583929,100.0,83588.2875009014,92.7108013937282,100.0,150.0,85.71920215243425,82.4995729879938,84.3967411314905
"Macao SAR, China",MAC,2019,86.4679257062588,416.260540646881,29.807414296232,100.0,81882.6964523869,90.6689895470383,100.0,150.0,85.6363449707067,85.71920215243425,82.4995729879938
"Macao SAR, China",MAC,2020,87.46230316,237.343774476003,30.4508928113933,100.0,36883.6652578543,88.5771812080537,100.0,150.0,85.74012318442787,85.6363449707067,85.71920215243425
"Macao SAR, China",MAC,2021,88.46810492,183.574788091048,29.6158421202704,100.0,44884.8961602393,88.5480769230769,100.0,150.0,85.83746557718518,85.74012318442787,85.6363449707067
"Macao SAR, China",MAC,2022,89.48549652,172.244717160072,29.6066193799726,100.0,36806.891255461,90.2211838006231,100.0,150.0,86.19208475308348,85.83746557718518,85.74012318442787
"Macao SAR, China",MAC,2023,89.82640076,192.478344669931,29.6759264447159,100.0,67216.3631112124,92.5810397553517,100.0,150.0,86.23676476693686,86.19208475308348,85.83746557718518
"Macao SAR, China",MAC,2024,89.82640076,201.136947388589,29.8553859567768,100.0,72004.7437020733,94.6616766467066,100.0,150.0,86.27214054817281,86.23676476693686,86.19208475308348
Morocco,MAR,2004,11.6079347729582,31.1717436954099,0.215871402340826,78.2,2183.55541992188,47.3964385986328,54.9787569660869,31.1717436954099,26.417516408725298,20.6809656104651,19.802775654553372
Morocco,MAR,2005,15.0844445240204,40.8220113851492,0.820662817858694,78.6,2242.98828125,49.1547889709473,55.4397798676399,40.8220113851492,28.462145240765878,26.417516408725298,20.6809656104651
Morocco,MAR,2006,19.7711915653115,52.0120841652536,1.27345465942188,96.5,2438.12646484375,52.2258186340332,55.9627589629824,52.0120841652536,35.625014322417954,28.462145240765878,26.417516408725298
Morocco,MAR,2007,21.5,64.2243296034678,1.53066387639665,82.2,2755.5859375,55.3458595275879,56.5303841299064,64.2243296034678,34.9424052281842,35.625014322417954,28.462145240765878
Morocco,MAR,2008,33.1,72.1861049565747,1.56051392412264,84.1,3183.20043945313,57.666561126709,57.1254169272616,72.1861049565747,41.419686534296346,34.9424052281842,35.625014322417954
Morocco,MAR,2009,41.3,79.0201255804651,1.49700703492122,85.9,3119.58862304688,60.7418212890625,57.7306189138977,79.0201255804651,45.78223307729391,41.419686534296346,34.9424052281842
Morocco,MAR,2010,52.0,98.5069862903323,1.55388163790599,95.7,3067.9853515625,63.0757983249551,58.3287516486646,98.5069862903323,54.88870249940223,45.78223307729391,41.419686534296346
Morocco,MAR,2011,46.107482597,111.063715196143,1.80844788018493,96.1,3301.98876953125,66.0255284774218,58.902576690412,111.063715196143,53.974943797216554,54.88870249940223,45.78223307729391
Morocco,MAR,2012,55.4160531914894,116.972130406733,2.06726433186317,96.4,3164.17724609375,68.7358726261435,59.4348555979895,116.972130406733,58.40066010803967,53.974943797216554,54.88870249940223
Morocco,MAR,2013,56.0,125.560354723339,2.49778239459711,97.2,3379.7431640625,68.7358726261435,59.9083499302469,125.560354723339,59.722719985012105,58.40066010803967,53.974943797216554
Morocco,MAR,2014,56.7746379160074,128.971839608382,2.90442154576056,97.3,3435.40698242188,68.7358726261435,60.3030486171654,128.971839608382,60.38174807469146,59.722719985012105,58.40066010803967
Morocco,MAR,2015,57.0799993486116,124.480492544005,3.31584217888863,97.3,3146.24780273438,68.7358726261435,60.6417124737154,124.480492544005,60.00575244551237,60.38174807469146,59.722719985012105
Morocco,MAR,2016,58.271236420398,118.531797132419,3.58453478764246,97.8,3140.85546875,68.7358726261435,60.9657656537179,118.531797132419,59.79577065472199,60.00575244551237,60.38174807469146
Morocco,MAR,2017,61.7622120123071,123.894319060738,3.89000663311516,100.0,3296.52661132813,78.2157249451868,61.2761057031842,123.894319060738,61.62592013791964,59.79577065472199,60.00575244551237
Morocco,MAR,2018,64.8038651924043,124.827523956634,4.33205746913484,98.1,3501.69799804688,78.470919593794,61.5695822753314,124.827523956634,63.00256333680484,61.62592013791964,59.79577065472199
Morocco,MAR,2019,84.1203630467602,128.874798962456,4.83650253578356,99.6,3508.09765625,79.3440512967066,61.8430450233765,128.874798962456,72.0155634882196,63.00256333680484,61.62592013791964
Morocco,MAR,2020,84.12036305,135.088404811169,5.74683480916137,100.0,3268.0302734375,80.3087996541375,62.0933436005366,135.088404811169,73.01527991630398,72.0155634882196,63.00256333680484
Morocco,MAR,2021,88.13031937,138.911268095998,6.14617858388986,100.0,3785.93627929688,80.740396321068,62.3173276600289,138.911268095998,75.27484764834819,73.01527991630398,72.0155634882196
Morocco,MAR,2022,89.9,141.870002419562,6.47150166958379,100.0,3463.1376953125,84.4553724029251,62.5118468550703,141.870002419562,76.74201850773044,75.27484764834819,73.01527991630398
Morocco,MAR,2023,91.0,148.155101338402,7.02184328513844,100.0,3813.72607421875,87.7346312462207,62.673750838878,148.155101338402,78.31662612846688,76.74201850773044,75.27484764834819
Morocco,MAR,2024,91.2,153.057260079672,7.30282126551091,100.0,4153.1943359375,89.9834863018408,62.7998124018197,150.0,78.77219521321504,78.31662612846688,76.74201850773044
Monaco,MCO,2008,67.25,69.1041588139213,40.8342756627717,100.0,204263.893236529,147.5048828125,100.0,69.1041588139213,73.91905382335037,73.8048454076947,73.26255254210787
Monaco,MCO,2009,70.1,71.0666172290199,41.4040291682116,100.0,169150.337647299,147.5048828125,100.0,71.0666172290199,72.68903850274195,73.91905382335037,73.8048454076947
Monaco,MCO,2010,75.0,70.602780206857,41.6126405934324,100.0,161853.922745228,147.5048828125,100.0,70.602780206857,74.65547058999766,72.68903850274195,73.91905382335037
Monaco,MCO,2011,80.30000305,93.6457903729453,46.8980144936075,100.0,179364.009524397,147.5048828125,100.0,93.6457903729453,86.18716772424149,74.65547058999766,72.68903850274195
Monaco,MCO,2012,87.0,95.6325084267235,46.8381780991616,100.0,165444.625782803,147.5048828125,100.0,95.6325084267235,88.50920033491991,86.18716772424149,74.65547058999766
Monaco,MCO,2013,90.69999695,100.047958924592,47.6655288176715,100.0,184940.633666281,147.5048828125,100.0,100.047958924592,85.45301186054648,88.50920033491991,86.18716772424149
Monaco,MCO,2014,92.40000153,93.2102524357839,49.2692648361382,100.0,195693.519540544,147.5048828125,100.0,93.2102524357839,87.33410439366325,85.45301186054648,88.50920033491991
Monaco,MCO,2015,93.36329651,92.5537992763283,49.9333460293277,100.0,170437.021128628,147.5048828125,100.0,92.5537992763283,89.4303568172154,87.33410439366325,85.45301186054648
Monaco,MCO,2016,95.20819855,89.3255714132418,49.9356154093787,100.0,173604.669723126,153.586303710938,100.0,89.3255714132418,89.68159849767999,89.4303568172154,87.33410439366325
Monaco,MCO,2017,97.0530014,87.5258771697011,51.1120547799777,100.0,170663.470051177,153.586303710938,100.0,87.5258771697011,85.70865250547078,89.68159849767999,89.4303568172154
Monaco,MCO,2019,98.0,88.6483507832795,53.7300900049857,100.0,193746.729890885,153.586303710938,100.0,88.6483507832795,89.79688248272137,85.70865250547078,89.68159849767999
Monaco,MCO,2020,98.57080078,93.2588699080158,54.8672798948752,100.0,176891.806328966,153.586303710938,100.0,93.2588699080158,90.67070697148313,89.79688248272137,85.70865250547078
Monaco,MCO,2021,99.07759857,97.1422638668985,54.9173307031433,100.0,223823.327192464,153.586303710938,100.0,97.1422638668985,90.68835030490757,90.67070697148313,89.79688248272137
Monaco,MCO,2022,98.75189972,100.061647530246,55.2284811589736,100.0,226052.060664649,153.586303710938,100.0,100.061647530246,91.7801967621391,90.68835030490757,90.67070697148313
Monaco,MCO,2023,98.87049866,104.060991888284,55.8835609405483,100.0,256799.911212051,153.586303710938,100.0,104.060991888284,91.58874911842625,91.7801967621391,90.68835030490757
Monaco,MCO,2024,99.04489899,107.400792109963,55.6780823690818,100.0,288001.574856495,158.546615600586,100.0,107.400792109963,91.9227013292497,91.58874911842625,91.7801967621391
Moldova,MDA,2010,29.68000031,70.2257053429633,7.4547521029782,99.3,2436.79935102421,87.9811349895035,39.2804946899414,70.2257053429633,44.137359486052276,40.807847330072846,39.65464523169962
Moldova,MDA,2011,32.06999969,90.4419573908726,10.0167937961344,99.4,2941.36224066021,87.7193726926085,39.3469161987305,90.4419573908726,49.40149787980763,44.137359486052276,40.807847330072846
Moldova,MDA,2012,34.65000153,102.918975508711,12.0173397889983,99.5,3044.8084324815,88.1958686665424,39.3614196777344,102.918975508711,52.612330603198416,49.40149787980763,44.137359486052276
Moldova,MDA,2013,37.43999863,108.451690919044,13.7695240878002,99.6,3321.04397795719,88.3360494330142,39.4275512695312,108.451690919044,53.56248739976824,52.612330603198416,49.40149787980763
Moldova,MDA,2014,66.9999982002077,111.829207986696,15.2330041292856,99.8,3289.95758568777,104.382597025321,39.6298484802246,111.829207986696,67.1123132687186,53.56248739976824,52.612330603198416
Moldova,MDA,2015,69.0000044661932,112.958678058046,16.2569619282762,99.9,2749.55137054338,105.06970563726,39.6954040527344,112.958678058046,68.92811900825252,67.1123132687186,53.56248739976824
Moldova,MDA,2016,70.9999991066624,117.008370513998,17.2155177259579,99.9,2847.08794770479,106.047154912204,39.7373237609863,117.008370513998,70.7166967906793,68.92811900825252,67.1123132687186
Moldova,MDA,2017,71.76709747,117.321043357799,18.2974964435539,100.0,3453.26727720294,94.3536367146469,39.9736557006836,117.321043357799,69.36118500290635,70.7166967906793,68.92811900825252
Moldova,MDA,2018,72.54239655,115.31999925169,19.7583973228257,100.0,4156.44981956646,95.915919225487,40.3258094787598,115.31999925169,71.69677620248359,69.36118500290635,70.7166967906793
Moldova,MDA,2019,73.32610321,116.105189229966,21.54270340639,100.0,4405.33418162155,95.6507638474012,40.772289276123,116.105189229966,71.88982717157596,71.69677620248359,69.36118500290635
Moldova,MDA,2020,74.11830139,111.444672775453,23.4268592640718,100.0,4375.7788930524,96.1733374702658,41.3368530273438,111.444672775453,71.55128941322425,71.88982717157596,71.69677620248359
Moldova,MDA,2021,74.91899872,128.983642317657,25.2112754309344,100.0,5274.60582195352,96.5853430388789,41.8115425109863,128.983642317657,74.87473167266947,71.55128941322425,71.88982717157596
Moldova,MDA,2022,74.91899872,137.182551887592,26.317794331222,100.0,5744.29618434435,97.6136725974109,42.4048843383789,137.182551887592,76.75442369447028,74.87473167266947,71.55128941322425
Moldova,MDA,2023,76.50330353,129.546081439289,27.3086365814931,100.0,6799.58594644576,97.8896863952854,43.0011825561523,129.546081439289,76.12021271628444,76.75442369447028,74.87473167266947
Moldova,MDA,2024,77.3687973,120.083487069521,29.6324400873685,100.0,7578.90216348853,99.3439166347193,43.516471862793,120.083487069521,75.3614065689821,76.12021271628444,76.75442369447028
Madagascar,MDG,2005,0.567700028,2.66324010069674,,16.0,305.812074924388,20.3285102844238,26.4743019495822,2.66324010069674,3.9941739595511625,3.74632030819661,5.126619714103908
Madagascar,MDG,2006,0.607599974,5.30075933146314,0.00689780688766037,16.8,324.146874882604,22.8831806182861,26.7586741989468,5.30075933146314,3.7414120167788294,3.9941739595511625,3.74632030819661
Madagascar,MDG,2007,0.649999976,10.9142059758793,0.0115854535722299,17.5,419.548001431865,25.2112007141113,27.0400195163682,10.9142059758793,4.57757193224537,3.7414120167788294,3.9941739595511625
Madagascar,MDG,2008,1.649999976,23.1087553718629,0.0166699802713078,18.3,512.579800058444,27.4633598327637,27.31826536364,23.1087553718629,7.076121474407695,4.57757193224537,3.7414120167788294
Madagascar,MDG,2009,1.629999995,29.162840971111,0.0212370192432641,17.4,446.315238370592,28.5682106018066,27.5933392025561,29.162840971111,7.551353342572648,7.076121474407695,4.57757193224537
Madagascar,MDG,2010,1.700000048,34.7635703189871,0.0243020212465751,12.3,450.009391645726,28.5682106018066,27.8651684949103,34.7635703189871,6.618815769313336,7.551353342572648,7.076121474407695
Madagascar,MDG,2011,1.899999976,38.0363591750174,0.030023266717202,14.3,506.163691559309,34.1198081970215,28.1336807024963,38.0363591750174,7.466169672441433,6.618815769313336,7.551353342572648
Madagascar,MDG,2012,2.299999952,37.4155490576043,0.13245426583546,18.7,493.511162904211,35.3920151133501,28.3988032871081,37.4155490576043,8.071028936241275,7.466169672441433,6.618815769313336
Madagascar,MDG,2013,3.0,35.0948534776429,0.157565817989663,12.9,515.301589361832,35.3920151133501,28.6604637105393,35.0948534776429,6.222244048345844,8.071028936241275,7.466169672441433
Madagascar,MDG,2014,3.700000048,39.2252725571455,0.100285297234557,23.0,505.684922503435,35.8148702330413,28.9185894345838,39.2252725571455,8.831320118613046,6.222244048345844,8.071028936241275
Madagascar,MDG,2015,4.173999786,42.0572239372609,0.0931855023903611,23.8,445.320069480568,36.1207695007324,29.1731079210354,42.0572239372609,9.273064454154671,8.831320118613046,6.222244048345844
Madagascar,MDG,2016,4.713699818,30.6447038676546,0.101092139939568,22.9,453.970714522463,36.0765113830566,29.4239466316878,30.6447038676546,7.37446716456625,9.273064454154671,8.831320118613046
Madagascar,MDG,2017,6.406000137,32.5906255978573,0.0935555068196559,24.1,491.866848718929,34.7709486382629,29.671033028335,32.5906255978573,7.576559195654106,7.37446716456625,9.273064454154671
Madagascar,MDG,2018,7.747799873,38.7515500132643,0.0989673512851062,36.5,500.45718552916,34.6266095687665,29.9181125346909,38.7515500132643,11.071009752247575,7.576559195654106,7.37446716456625
Madagascar,MDG,2019,9.379400253,46.077978411707,0.106309263427764,31.0,499.818837622534,32.8161749019587,30.3046972370204,46.077978411707,11.880912626502678,11.071009752247575,7.576559195654106
Madagascar,MDG,2020,11.35470009,54.8084663590199,0.110521830202826,32.0,450.771615205157,32.8161749019587,30.7019474167548,54.8084663590199,12.557729696682959,11.880912626502678,11.071009752247575
Madagascar,MDG,2021,13.74590015,53.9177233784298,0.104182794544746,35.1,483.469463351195,34.1320359801924,31.1137123216036,53.9177233784298,12.366577314387762,12.557729696682959,11.880912626502678
Madagascar,MDG,2022,17.81170082,64.7494924066919,0.10748996107107,36.1,504.059106969168,34.1320359801924,31.5397813465886,64.7494924066919,17.27219167560303,12.366577314387762,12.557729696682959
Madagascar,MDG,2023,18.24080086,75.4562966735535,0.124487385085979,39.4,514.064076551927,34.1320359801924,31.9799438860946,75.4562966735535,18.24473568926687,17.27219167560303,12.366577314387762
Madagascar,MDG,2024,18.67790031,75.4562966735535,,42.5,550.37875528856,34.1320359801924,32.4339893339844,,18.55428582923038,18.24473568926687,17.27219167560303
Maldives,MDV,2004,6.58825487530861,37.5717039411041,0.237879587144549,90.0,4070.2609459446,67.8094329833984,32.8541942827704,37.5717039411041,27.5606564519277,24.539940730471802,23.103940756580606
Maldives,MDV,2005,6.86960506696215,66.4493243132993,1.06386797594222,90.9,3796.51546524644,67.8094329833984,34.0715178283824,66.4493243132993,30.8117823260121,27.5606564519277,24.539940730471802
Maldives,MDV,2006,11.0363527828647,86.3635929151094,1.99903775995616,91.7,5018.94335409159,67.8094329833984,34.8678636610379,86.3635929151094,35.70661220857741,30.8117823260121,27.5606564519277
Maldives,MDV,2007,16.3,96.6284412858767,3.20667901466659,92.6,5758.10286933053,67.8094329833984,35.4340781469745,96.6284412858767,39.85423912554539,35.70661220857741,30.8117823260121
Maldives,MDV,2008,23.2,129.585328851474,4.56881934735402,93.6,6757.43280929292,67.8094329833984,35.9335121678807,129.585328851474,47.79632032954234,39.85423912554539,35.70661220857741
Maldives,MDV,2009,24.8,131.439236235733,4.41605053477855,99.9,6734.03165601895,67.8094329833984,36.3718272129661,131.439236235733,49.488229398484265,47.79632032954234,39.85423912554539
Maldives,MDV,2010,26.53,137.018282001818,4.31079403090978,99.0,7173.59601844692,70.0468136514648,36.7646137762553,137.018282001818,50.70015293027295,49.488229398484265,47.79632032954234
Maldives,MDV,2011,34.0,141.955019616029,4.72015714232192,99.1,7424.520410971,72.8434927609116,37.1274623517731,141.955019616029,54.885904370803786,50.70015293027295,49.488229398484265
Maldives,MDV,2012,38.93009949,144.912336034,4.66860383953177,99.2,7461.29703686309,71.9760042609256,37.475963433544,144.912336034,57.09988868891376,54.885904370803786,50.70015293027295
Maldives,MDV,2013,44.09999847,156.262903991801,5.08685979953508,99.4,8236.08177944126,68.3872693233485,37.8257075155926,150.0,59.55465659843732,57.09988868891376,54.885904370803786
Maldives,MDV,2014,49.27999878,160.974524741488,4.79719160479381,100.0,8939.07416571472,72.9110894145066,38.1938859868107,150.0,61.633945693858315,59.55465659843732,57.09988868891376
Maldives,MDV,2015,54.4620018,172.785960191894,5.41277203996693,99.8,9644.90655028145,73.441380211737,38.5771510715291,150.0,64.08290523163107,61.633945693858315,59.55465659843732
Maldives,MDV,2016,59.47750092,183.197235330741,6.61143042760338,100.0,9947.80744731739,70.014084045724,38.9560872317815,150.0,66.67339140396015,64.08290523163107,61.633945693858315
Maldives,MDV,2017,64.95500183,196.409673414258,7.97186042807237,99.8,10509.628805812,69.7419183184781,39.32787719143,150.0,68.26324077961706,66.67339140396015,64.08290523163107
Maldives,MDV,2018,70.93689728,181.34343974517,10.0179877784565,100.0,11423.2838427029,68.5727820261217,39.6923354428279,150.0,72.2111972947267,68.26324077961706,66.67339140396015
Maldives,MDV,2019,77.46970367,169.774322321116,10.9012960012794,100.0,11740.2724029785,68.0857601310983,40.0492764783282,150.0,74.88709908202964,72.2111972947267,68.26324077961706
Maldives,MDV,2020,79.09780121,142.936122584731,12.6832736528067,100.0,7393.8886543933,69.8982015609094,40.3985147902839,142.936122584731,74.60244743985862,74.88709908202964,72.2111972947267
Maldives,MDV,2021,81.95760345,136.789214071769,14.8246453577808,100.0,10176.143882547,69.8982015609094,40.7398648710483,136.789214071769,75.42885438637242,74.60244743985862,74.88709908202964
Maldives,MDV,2022,83.91189054,136.458655310185,17.3997244832152,100.0,11786.0191492983,73.5234576648616,41.0641769690663,136.458655310185,77.28748850888854,75.42885438637242,74.60244743985862
Maldives,MDV,2023,84.55290222,141.601234995076,18.6292999539919,100.0,12587.6126038651,79.3565296847573,41.5096832933973,141.601234995076,78.56214079676688,77.28748850888854,75.42885438637242
Maldives,MDV,2024,85.23999786,148.137074909198,19.6489572735075,100.0,13379.3513577224,79.3565296847573,41.9982152717385,148.137074909198,80.26386777275394,78.56214079676688,77.28748850888854
"Middle East, North Africa, Afghanistan & Pakistan",MEA,2007,11.7,54.7290717240626,1.25335227478828,87.15191140522,4009.6538543062,53.3521614074707,50.6801329870905,54.7290717240626,30.234572228649817,27.385813834124374,25.138489831590043
"Middle East, North Africa, Afghanistan & Pakistan",MEA,2008,14.1,66.1603833132913,1.66467600476855,88.0946609813966,4838.92296020983,53.9880104064941,50.9861350256982,66.1603833132913,33.08857343873353,30.234572228649817,27.385813834124374
"Middle East, North Africa, Afghanistan & Pakistan",MEA,2009,16.1,79.3522647067203,2.09512478973516,88.74034285556,4261.00104677278,54.9664688110352,51.2777903563857,79.3522647067203,35.73158345889321,33.08857343873353,30.234572228649817
"Middle East, North Africa, Afghanistan & Pakistan",MEA,2010,18.3,88.9876337825002,2.53315926407445,90.5608198614909,4874.74374602995,55.212589263916,51.496551443161,88.9876337825002,38.36216704115334,35.73158345889321,33.08857343873353
"Middle East, North Africa, Afghanistan & Pakistan",MEA,2011,20.1,95.4179191054657,3.39285106709915,90.7761559347102,5735.78283895152,56.6907615661621,51.8428269722488,95.4179191054657,40.365713967272484,38.36216704115334,35.73158345889321
"Middle East, North Africa, Afghanistan & Pakistan",MEA,2012,22.4,100.330061035009,4.24337869378996,91.8541213665318,6052.38238208124,57.1146392822266,52.3441905145837,100.330061035009,42.21241637992276,40.365713967272484,38.36216704115334
"Middle East, North Africa, Afghanistan & Pakistan",MEA,2013,25.2,105.500544173396,4.52528798240488,93.1479690416445,5871.07008125381,55.8841400146484,52.9394246896376,105.500544173396,43.74485108613088,42.21241637992276,40.365713967272484
"Middle East, North Africa, Afghanistan & Pakistan",MEA,2014,28.7,105.791394455761,5.27459980318512,94.0320956677215,5814.71484290247,56.3870697021484,53.3224917392575,105.791394455761,45.61270075783217,43.74485108613088,42.21241637992276
"Middle East, North Africa, Afghanistan & Pakistan",MEA,2015,31.8,105.2,6.1,93.4360655461117,5130.25978607342,57.3701782226562,53.6392632351358,105.2,47.04752739931983,45.61270075783217,43.74485108613088
"Middle East, North Africa, Afghanistan & Pakistan",MEA,2016,35.0,104.0,6.6,95.158764819742,5130.21030038801,58.2178192138672,53.9026375690062,104.0,48.68349962565905,47.04752739931983,45.61270075783217
"Middle East, North Africa, Afghanistan & Pakistan",MEA,2017,39.7,103.1,8.5,96.0012431691978,5283.42471158364,58.3111190795898,54.0927613956461,103.1,49.95329586418461,48.68349962565905,47.04752739931983
"Middle East, North Africa, Afghanistan & Pakistan",MEA,2018,42.3,102.2,9.2,94.9706861712285,5550.31969384997,59.3685111999512,54.2444653262483,102.2,51.5213120568737,49.95329586418461,48.68349962565905
"Middle East, North Africa, Afghanistan & Pakistan",MEA,2019,46.0,107.8,9.3,96.0087072984601,5416.06362418233,60.1695289611816,54.4404080887212,107.8,53.91802249448592,51.5213120568737,49.95329586418461
"Middle East, North Africa, Afghanistan & Pakistan",MEA,2020,50.6,95.4,7.09,96.2621204422818,4749.14341262891,60.7267608642578,54.6812240122644,95.4,52.2547592747203,53.91802249448592,51.5213120568737
"Middle East, North Africa, Afghanistan & Pakistan",MEA,2021,54.2,98.3,7.92,96.4166690553693,5622.19134191977,61.3739013671875,54.8188568175474,98.3,53.7136729844601,52.2547592747203,53.91802249448592
"Middle East, North Africa, Afghanistan & Pakistan",MEA,2022,57.8,101.5,8.53,95.8637945014964,6436.74030312288,62.4220314025879,55.12536380356,101.5,56.52702986841723,53.7136729844601,52.2547592747203
"Middle East, North Africa, Afghanistan & Pakistan",MEA,2023,59.5,102.4,8.94,96.4226367435274,6144.70308054742,64.1539916992188,55.4304551226559,102.4,56.727398711837665,56.52702986841723,53.7136729844601
"Middle East, North Africa, Afghanistan & Pakistan",MEA,2024,61.5,104.6,9.29,96.7736884722286,6275.43469598207,65.7879486083984,55.6954503331851,104.6,57.58074415345923,56.727398711837665,56.52702986841723
Mexico,MEX,2004,14.1,36.8326596827555,1.01277915709648,98.6,7849.66759649565,79.7827072143555,76.3274397419019,36.8326596827555,33.420867131563746,30.926307558451832,30.617160660594067
Mexico,MEX,2005,17.20999908,44.5402855250975,1.81677032017237,98.9,8671.75891798441,80.6305389404297,76.4748624380269,44.5402855250975,34.80649344734397,33.420867131563746,30.926307558451832
Mexico,MEX,2006,19.52000046,51.6490140299726,2.81575456824012,99.1,9512.63575346699,82.7013931274414,76.4982455683657,51.6490140299726,36.81817704241061,34.80649344734397,33.420867131563746
Mexico,MEX,2007,20.81,61.1903963397257,4.14106964177955,97.9,10134.3327129706,84.0887069702148,76.5047326234761,61.1903963397257,38.61051618396505,36.81817704241061,34.80649344734397
Mexico,MEX,2008,21.71,68.225553581827,6.82462658332165,98.9,10523.7685427665,86.0763092041016,76.5090428271033,68.225553581827,40.83189921444426,38.61051618396505,36.81817704241061
Mexico,MEX,2009,26.34,74.2801618229031,8.60820715794462,98.3,8423.56933148639,85.9423217773438,76.5143930040295,74.2801618229031,43.48435954202997,40.83189921444426,38.61051618396505
Mexico,MEX,2010,31.05,80.4262985351805,9.31394316309963,99.2,9728.80078307432,87.2729263305664,76.5244441414713,80.4262985351805,46.66666386788593,43.48435954202997,40.83189921444426
Mexico,MEX,2011,37.1762954125184,82.0725244522242,10.0362003918243,99.0,10664.4944032313,88.3800888061523,76.5667802279537,82.0725244522242,50.36151780048857,46.66666386788593,43.48435954202997
Mexico,MEX,2012,39.75,86.2256233206385,11.1945528217656,99.1,10744.1335236186,90.6936187744141,76.6585199140734,86.2256233206385,51.973756846826994,50.36151780048857,46.66666386788593
Mexico,MEX,2013,43.46,90.2012422761648,10.7719183026526,99.1,11216.800851866,93.2623062133789,76.7955768077952,90.2012422761648,52.38941695423484,51.973756846826994,50.36151780048857
Mexico,MEX,2014,44.3856962723411,87.6144646415609,10.8799928230972,99.2,11391.3773503964,97.3196868896484,76.9741367091766,87.6144646415609,52.53750852000604,52.38941695423484,51.973756846826994
Mexico,MEX,2015,57.4310429923633,88.9454290232153,12.1891508368561,99.0,10021.2386113616,100.982269287109,77.1903854182753,88.9454290232153,58.78545620693413,52.53750852000604,52.38941695423484
Mexico,MEX,2016,59.5404459967255,91.3941924453661,13.0255992017626,99.5,9097.92397674769,102.871368408203,77.4405087351486,91.3941924453661,60.40298243362286,58.78545620693413,52.53750852000604
Mexico,MEX,2017,53.0317886110982,92.6493518556478,13.7767213511093,100.0,9649.27816729586,105.11018371582,77.7206924598541,92.6493518556478,56.357573906731034,60.40298243362286,58.78545620693413
Mexico,MEX,2018,56.6595667981289,96.4612204576614,14.7373951154108,99.5,10084.7937570364,105.964653015137,78.0271223924494,96.4612204576614,59.95267144869436,56.357573906731034,60.40298243362286
Mexico,MEX,2019,69.6321092705209,97.0358606795758,15.3885155172291,99.6,10369.5553593527,105.515609741211,78.355984332992,97.0358606795758,65.0362479820037,59.95267144869436,56.357573906731034
Mexico,MEX,2020,71.49017499,96.9237451881936,17.7520559419946,99.4,8841.27074929751,102.58154296875,78.677960602824,96.9237451881936,65.99607342321801,65.0362479820037,59.95267144869436
Mexico,MEX,2021,75.62650476,99.09481491263,19.2796725887476,100.0,10314.0506733708,98.3202514648438,78.9324007418057,99.09481491263,67.9765717632132,65.99607342321801,65.0362479820037
Mexico,MEX,2022,78.63217894,105.720624125765,20.6070256426489,100.0,11405.7940469896,98.3576583862305,79.199683215791,105.720624125765,71.44605737256816,67.9765717632132,65.99607342321801
Mexico,MEX,2023,81.18318755,111.735420288549,20.752917384408,99.7,13830.843848864,102.055458068848,79.4734935748046,111.735420288549,72.65035861911844,71.44605737256816,67.9765717632132
Mexico,MEX,2024,83.12233799,116.486713265167,21.7367225364543,99.8,13988.0423745241,103.093322753906,79.7538805976118,116.486713265167,74.3501655267871,72.65035861911844,71.44605737256816
Marshall Islands,MHL,2004,3.59977681383754,1.24345928829333,,74.3,2566.08291015814,77.7290267944336,70.0567388477898,1.24345928829333,20.748191688461947,19.8322765344122,19.51029711434339
Marshall Islands,MHL,2005,3.8787023977433,1.27152930297075,,75.7,2658.65217893885,73.762451171875,70.6234401061174,1.27152930297075,21.084492364249087,20.748191688461947,19.8322765344122
Marshall Islands,MHL,2006,3.79559021427832,1.27152930297075,,77.2,2754.26988767503,79.1771087646484,71.2077527286922,,28.219274702826254,21.084492364249087,20.748191688461947
Marshall Islands,MHL,2007,3.950000048,1.27152930297075,,72.3,2892.28403958874,82.46044921875,71.7941991662501,,26.567809847282142,28.219274702826254,21.084492364249087
Marshall Islands,MHL,2008,4.599999905,1.27152930297075,,80.2,2817.60522775322,84.7516632080078,72.3673018695269,,29.86297069826895,26.567809847282142,28.219274702826254
Marshall Islands,MHL,2009,5.599999905,1.27152930297075,,81.7,2906.63026970914,83.8652801513672,72.9115832892586,,30.980964185537363,29.86297069826895,26.567809847282142
Marshall Islands,MHL,2010,7.0,1.27152930297075,,89.4,3095.45768964722,83.8652801513672,73.4115658761809,,34.43368927504605,30.980964185537363,29.86297069826895
Marshall Islands,MHL,2011,10.0,1.27152930297075,,89.9,3319.39815439151,83.8652801513672,73.8553711172585,,36.41008925725747,34.43368927504605,30.980964185537363
Marshall Islands,MHL,2012,12.5,1.27152930297075,,90.4,3514.26515490383,83.8652801513672,74.2705132518924,,38.1993904635534,36.41008925725747,34.43368927504605
Marshall Islands,MHL,2013,14.0,1.27152930297075,2.53349381424992,90.9,3677.90690791421,83.8652801513672,74.6790601806083,,30.48738890213355,38.1993904635534,36.41008925725747
Marshall Islands,MHL,2014,16.79999924,31.126998152462,2.75524138485019,91.5,3735.23977829545,83.8652801513672,75.0790555372177,31.126998152462,28.324450103021235,30.48738890213355,38.1993904635534
Marshall Islands,MHL,2015,19.28240013,31.7622950819672,2.04918032786885,92.1,3764.34426229508,83.1655992680695,75.4702568207363,31.7622950819672,29.091645341089034,28.324450103021235,30.48738890213355
Marshall Islands,MHL,2016,29.78779984,31.7622950819672,2.09604057934562,92.7,4229.80988911945,84.9683299860961,75.8524215301796,,38.859888639160424,29.091645341089034,28.324450103021235
Marshall Islands,MHL,2017,38.70119858,34.3871563970857,2.14919727481786,93.8,4592.83457628576,84.9683299860961,76.2253071645634,34.3871563970857,36.37800282556761,38.859888639160424,29.091645341089034
Marshall Islands,MHL,2018,43.88249969,34.3871563970857,2.2082367229767,95.3,4858.12079054875,84.9683299860961,76.5886712229035,,45.75008339309712,36.37800282556761,38.859888639160424
Marshall Islands,MHL,2019,49.75749969,36.3578521598836,2.27236575999273,96.8,5292.33985502306,92.6458959354737,76.9422712042154,36.3578521598836,41.957948035779864,45.75008339309712,36.37800282556761
Marshall Islands,MHL,2020,56.41910172,37.4654615276542,2.34159134547839,98.3,5661.96787336674,92.9692504804612,77.285864607515,37.4654615276542,44.55816640790479,41.957948035779864,45.75008339309712
Marshall Islands,MHL,2021,63.97259903,38.6781734232601,2.27717746029444,99.8,6315.31172190393,94.7273914462945,77.6163157431143,38.6781734232601,46.54862676710851,44.55816640790479,41.957948035779864
Marshall Islands,MHL,2022,64.26719666,39.7060658232902,2.35047533498016,100.0,6455.6603538189,91.7037811279297,77.9855966195187,39.7060658232902,48.4914605187588,46.54862676710851,44.55816640790479
Marshall Islands,MHL,2023,64.07589722,39.7060658232902,,100.0,6799.39217554794,89.551989301237,78.3593928884282,,74.20015596882229,48.4914605187588,46.54862676710851
Marshall Islands,MHL,2024,65.915802,39.7060658232902,,97.2,7590.28443592202,85.7558637219654,78.7325660244112,,74.06250586232895,74.20015596882229,48.4914605187588
North Macedonia,MKD,2004,24.44,47.2351660443568,,99.4,2818.5814561242,83.2468414306641,57.8527941292946,47.2351660443568,49.31401603064528,44.02529432579784,39.85357526862133
North Macedonia,MKD,2005,26.45000076,54.1201173122685,0.59507887570479,99.1,3120.98401394233,83.6800384521484,57.8614206464767,54.1201173122685,39.55046846669705,49.31401603064528,44.02529432579784
North Macedonia,MKD,2006,28.62,60.4930613292055,1.7463346596574,99.0,3440.4411057968,83.6800384521484,57.8796574341199,60.4930613292055,41.48681385625837,39.55046846669705,49.31401603064528
North Macedonia,MKD,2007,36.29999924,86.1891034077308,4.82749047537623,99.1,4204.11328760452,84.0014801025391,57.9111032054655,86.1891034077308,49.35822399107964,41.48681385625837,39.55046846669705
North Macedonia,MKD,2008,46.04,95.0115267568525,8.74101931878654,99.2,5026.4202989873,84.0322494506836,57.9593566737547,95.0115267568525,55.917266796022105,49.35822399107964,41.48681385625837
North Macedonia,MKD,2009,51.77,94.3034525397712,11.2968607671847,99.2,4799.78722768888,84.1355972290039,58.0280165522288,94.3034525397712,58.17420335098705,55.917266796022105,49.35822399107964
North Macedonia,MKD,2010,51.9,104.968060033975,12.6122529557569,99.5,4833.36586759968,85.4283828735352,58.1206815541291,104.968060033975,60.031469400095034,58.17420335098705,55.917266796022105
North Macedonia,MKD,2011,56.7,108.467609532426,13.7991890008361,99.7,5416.86672931659,85.4283828735352,58.2409503926967,108.467609532426,63.989096292325556,60.031469400095034,58.17420335098705
North Macedonia,MKD,2012,57.449947312961,110.268442239858,15.4034279276413,99.6,5049.8265386157,85.8300170898438,58.3924217811729,110.268442239858,64.66900879831118,63.989096292325556,60.031469400095034
North Macedonia,MKD,2013,65.24,111.124632440594,16.8126639116268,99.7,5626.26115664893,83.8025588989258,58.578694432799,111.124632440594,66.56039783556372,64.66900879831118,63.989096292325556
North Macedonia,MKD,2014,68.0584815397496,111.342589695936,17.7239038498213,99.8,5925.38592218015,83.6949768066406,58.8033670608162,111.342589695936,68.38801184539639,66.56039783556372,64.66900879831118
North Macedonia,MKD,2015,70.3802030766689,105.212016364652,18.4016994838328,99.9,5262.68671928674,84.9836273193359,59.0700383784659,105.212016364652,69.20476151758665,68.38801184539639,66.56039783556372
North Macedonia,MKD,2016,72.1568144676058,104.549883518699,19.4533715332855,100.0,5598.48622617967,84.9836273193359,59.3823070989891,104.549883518699,70.2486957100995,69.20476151758665,68.38801184539639
North Macedonia,MKD,2017,74.5168241807954,103.458690624197,20.4183259234605,100.0,5955.2973863451,84.6865386962891,59.7437719356273,103.458690624197,69.0252270214491,70.2486957100995,69.20476151758665
North Macedonia,MKD,2018,79.1677551850871,102.572291491295,22.2929498345599,99.8,6713.98925398989,83.3533935546875,60.1580316016216,102.572291491295,73.54845476899663,69.0252270214491,70.2486957100995
North Macedonia,MKD,2019,81.4128827618364,101.231634434543,23.9402500262168,100.0,6718.85826635458,82.5312805175781,60.6286848102132,101.231634434543,73.81465788904117,73.54845476899663,69.0252270214491
North Macedonia,MKD,2020,81.40553811,99.4723867063031,25.4041233643961,100.0,6659.59651070776,82.4416732788086,61.1593302746435,99.4723867063031,73.54768633927276,73.81465788904117,73.54845476899663
North Macedonia,MKD,2021,81.873703,104.875134243923,26.9448892231031,100.0,7620.80296977508,84.1619567871094,61.6841975628139,104.875134243923,74.42369193940073,73.54768633927276,73.81465788904117
North Macedonia,MKD,2022,83.85030365,111.303079555687,28.0035734605346,100.0,7606.2375253797,91.4516372680664,61.9530566607267,111.303079555687,77.23120246341878,74.42369193940073,73.54768633927276
North Macedonia,MKD,2023,88.5,106.458776658176,29.1771708951077,100.0,8674.35846327485,90.0724868774414,62.2518322545779,106.458776658176,77.9757918171399,77.23120246341878,74.42369193940073
North Macedonia,MKD,2024,93.6,108.38712260883,29.8921727758887,100.0,9291.8566035502,90.0724868774414,62.5645376928533,108.38712260883,80.45476052311402,77.9757918171399,77.23120246341878
Mali,MLI,2004,0.432819639900985,3.10523812834724,,16.4,495.006294675661,21.5015201568604,20.4570532892964,3.10523812834724,4.250944683687068,3.7008465169781166,3.195279359280073
Mali,MLI,2005,0.507099986,5.62822858148233,,18.2,548.730382848879,23.2651901245117,20.8706715422205,5.62822858148233,5.022562190720435,4.250944683687068,3.7008465169781166
Mali,MLI,2006,0.729600012,10.8143886204419,0.0220512462385113,16.6,586.985415512593,25.1828804016113,21.2987608960246,10.8143886204419,4.50034083226231,5.022562190720435,4.250944683687068
Mali,MLI,2007,0.81,17.5053976147782,0.022133419561447,21.7,670.853394978069,27.6904392242432,21.7398043631622,17.5053976147782,6.40082762379703,4.50034083226231,5.022562190720435
Mali,MLI,2008,1.57,23.0146454181582,0.0352859709752809,23.4,767.194838946144,31.0381298065186,22.1922849560871,23.0146454181582,8.068635182487093,6.40082762379703,4.50034083226231
Mali,MLI,2009,1.799999952,28.8978765173021,0.0534092136335505,24.0,787.48256428259,34.0355415344238,22.6557955217884,28.8978765173021,8.944862669523651,8.068635182487093,6.40082762379703
Mali,MLI,2010,2.0,46.6622176783255,0.0502910029715529,27.0,797.151541141189,36.7189206176726,23.1359461824894,46.6622176783255,11.45986049569388,8.944862669523651,8.068635182487093
Mali,MLI,2011,2.2,65.7107159010821,0.0515026702513302,28.8,938.292902579598,38.7492137225876,23.6379674039304,65.7107159010821,14.379683953166891,11.45986049569388,8.944862669523651
Mali,MLI,2012,2.799999952,86.1756593856956,0.02547615493819,25.6,872.506092463946,38.7492137225876,24.1606168848588,86.1756593856956,16.50480023501058,14.379683953166891,11.45986049569388
Mali,MLI,2013,3.5,113.114584714497,0.0166613066782973,32.4,901.920957649814,39.2758121397099,24.7033626854883,113.114584714497,21.710531500549006,16.50480023501058,14.379683953166891
Mali,MLI,2014,7.0,130.439571178385,,34.2,947.915033293219,41.2349114693214,25.2656728660325,130.439571178385,32.32133248616219,21.710531500549006,16.50480023501058
Mali,MLI,2015,10.32999992,122.082978226993,0.018818888075322,37.6,838.11986940103,38.9892238642006,25.847015486705,122.082978226993,26.556380680288697,32.32133248616219,21.710531500549006
Mali,MLI,2016,14.0,105.348301513254,0.111738195386459,38.8,872.468587171653,40.0999948578594,26.4468586077195,105.348301513254,25.72954438954538,26.556380680288697,32.32133248616219
Mali,MLI,2017,18.89999962,111.210305187838,0.0777267019132024,34.8,924.057531692284,38.5485805738327,27.0646702892896,111.210305187838,27.154496534078554,25.72954438954538,26.556380680288697
Mali,MLI,2018,21.39999962,107.404034726492,0.591594866067607,50.9,996.379292136901,37.9832691019192,27.6999185916288,107.404034726492,30.538210117388182,27.154496534078554,25.72954438954538
Mali,MLI,2019,24.96030045,108.814511587375,0.676472661314418,47.9,971.949318638092,37.9832691019192,28.3520715749509,108.814511587375,31.862571011977103,30.538210117388182,27.154496534078554
Mali,MLI,2020,29.11300087,116.587405376001,1.12281404354348,50.6,953.242943290974,37.9832691019192,29.0205972994693,116.587405376001,34.102986019938776,31.862571011977103,30.538210117388182
Mali,MLI,2021,33.95650101,108.693122357196,0.648338018002888,53.4,1027.27345365357,37.9832691019192,29.7049638253978,108.693122357196,34.55183171471672,34.102986019938776,31.862571011977103
Mali,MLI,2022,35.19919968,112.119852778009,0.774220028570636,53.0,976.914116406452,37.9832691019192,30.4015705681899,112.119852778009,36.059015923359716,34.55183171471672,34.102986019938776
Mali,MLI,2023,36.03879929,112.119852778009,,54.5,1042.44223444837,38.9389470920545,31.0031889023235,,36.90771021109667,36.059015923359716,34.55183171471672
Mali,MLI,2024,36.80149841,112.119852778009,,49.5,1093.2523323649,38.9389470920545,31.6075621182225,,34.46734221477508,36.90771021109667,36.059015923359716
Malta,MLT,2004,34.62,74.5054747101982,9.16314100847619,100.0,15212.1312964883,104.41886138916,93.6081858790552,74.5054747101982,56.33552775088676,51.867046140227195,51.46865702635559
Malta,MLT,2005,41.24,78.3847866060195,12.4380625181457,100.0,15831.3439802756,101.806327819824,93.6985189936163,78.3847866060195,57.81345937239974,56.33552775088676,51.867046140227195
Malta,MLT,2006,40.41,83.4679651658186,12.7446119185277,100.0,16653.6038312389,97.5271606445312,93.7986874969541,83.4679651658186,55.89012725356879,57.81345937239974,56.33552775088676
Malta,MLT,2007,46.9,88.3347675079159,20.1300584615901,100.0,19444.1743635565,100.52220916748,93.9118231189546,88.3347675079159,61.218238282779865,55.89012725356879,57.81345937239974
Malta,MLT,2008,50.08,92.0440414445937,23.440636419401,100.0,22405.6426266551,101.423049926758,94.0294765354989,92.0440414445937,62.94254303192186,61.218238282779865,55.89012725356879
Malta,MLT,2009,58.86,100.306087287159,27.0098266376739,100.0,21261.5428699817,101.423049926758,94.1423744490362,100.306087287159,67.19389477003455,62.94254303192186,61.218238282779865
Malta,MLT,2010,63.0,107.790825054241,29.7855677615811,100.0,21946.6073066905,105.11385345459,94.2412435620154,107.790825054241,70.74171892652586,67.19389477003455,62.94254303192186
Malta,MLT,2011,68.0198237885462,122.871784244091,30.3037011219232,100.0,23516.972445816,94.1126708984375,94.3155916422812,122.871784244091,77.85450188236474,70.74171892652586,67.19389477003455
Malta,MLT,2012,68.1998742928975,124.757214417819,31.8224330830663,100.0,22878.3095862582,95.5169982910156,94.3626256493653,124.757214417819,78.3028097546023,77.85450188236474,70.74171892652586
Malta,MLT,2013,68.9138,129.921671505793,33.3783014199957,100.0,25415.5525389054,96.430793762207,94.3906567856206,129.921671505793,76.12695643100929,78.3028097546023,77.85450188236474
Malta,MLT,2014,73.1141157845193,125.718724466898,34.8819867199098,100.0,27424.5693619702,95.6191711425781,94.412512773898,125.718724466898,78.89419122437951,76.12695643100929,78.3028097546023
Malta,MLT,2015,75.9600189752747,117.794018171562,36.6768468766082,100.0,25529.6693210673,93.432373046875,94.4387696268011,117.794018171562,80.7091311684768,78.89419122437951,76.12695643100929
Malta,MLT,2016,78.0751488032182,128.59869659476,37.6179796999137,100.0,26459.0644285369,92.2248611450195,94.4800033569336,128.59869659476,83.55761697058337,80.7091311684768,78.89419122437951
Malta,MLT,2017,81.0119110762945,129.249073523943,38.7512769768028,100.0,30317.2611769875,99.5694808959961,94.5691806330314,129.249073523943,81.59784847422407,83.55761697058337,80.7091311684768
Malta,MLT,2018,81.6580442928014,127.093763801237,39.5892751744889,100.0,33382.280781103,100.396072387695,94.7242373261706,127.093763801237,85.66539350958105,81.59784847422407,83.55761697058337
Malta,MLT,2019,85.7785963798031,125.866492068688,40.1799549616579,100.0,32421.9087471186,100.816368103027,94.9332032524644,125.866492068688,85.47556106831406,85.66539350958105,81.59784847422407
Malta,MLT,2020,86.85876183,122.175694268893,41.1094408219109,100.0,31823.422001724,100.112777709961,95.1841082280263,122.175694268893,85.09209701012128,85.47556106831406,85.66539350958105
Malta,MLT,2021,87.46977742,123.941408455002,42.1830899964911,100.0,38078.0064279067,101.402908325195,95.5145343617045,123.941408455002,85.59041318496016,85.09209701012128,85.47556106831406
Malta,MLT,2022,91.54062209,132.861156549134,43.4449972737186,100.0,35658.8318250199,101.95467376709,95.6003155132879,132.861156549134,89.45219391695936,85.59041318496016,85.09209701012128
Malta,MLT,2023,92.07266941,140.59359496844,44.282454836797,100.0,40932.5238774461,103.027229309082,95.6272277147965,140.59359496844,90.80956390973553,89.45219391695936,85.59041318496016
Malta,MLT,2024,93.86029816,142.070062100751,44.5068355303026,100.0,44023.6341078148,103.027229309082,95.6546264490509,142.070062100751,91.8745583019934,90.80956390973553,89.45219391695936
Myanmar,MMR,2004,0.024337392002823,0.196418976046369,,46.2,224.508811413327,45.0282783508301,28.2256085278922,0.196418976046369,11.117860565606668,10.952967653570079,11.600237007180205
Myanmar,MMR,2005,0.065200001,0.27129940081198,0.000512243623910731,47.3,252.685193060728,45.6932487487793,28.390792243762,0.27129940081198,9.111917603031275,11.117860565606668,10.952967653570079
Myanmar,MMR,2006,0.18204833106115,0.448285852912208,0.00828918867760863,48.4,303.495087119254,47.5437698364258,28.5517581878355,0.448285852912208,9.398033849812396,9.111917603031275,11.117860565606668
Myanmar,MMR,2007,0.217128445069958,0.514578241519701,0.0134358321508409,49.5,419.375780725042,47.3708114624023,28.7079107938945,0.514578241519701,9.5933571808397,9.398033849812396,9.111917603031275
Myanmar,MMR,2008,0.22,0.759210538252597,0.020654755544097,50.6,658.442487229705,49.9790115356445,28.8586544957208,0.759210538252597,9.997499869819766,9.5933571808397,9.398033849812396
Myanmar,MMR,2009,0.219999999,1.03164871502753,0.0477595166128622,51.8,758.442935789255,49.9621315002441,29.0033937270962,1.03164871502753,10.188343882080172,9.997499869819766,9.5933571808397
Myanmar,MMR,2010,0.25,1.21164199479353,0.0468134407079318,48.8,1010.53417343401,50.8663902282715,29.1415329218024,1.21164199479353,9.20178475471369,10.188343882080172,9.997499869819766
Myanmar,MMR,2011,0.98,2.51643773692417,0.0443101573417305,54.1,1213.62898703376,50.8663902282715,29.2724765136213,2.51643773692417,10.56478659585345,9.20178475471369,10.188343882080172
Myanmar,MMR,2012,1.399999976,7.48356366415727,,55.3,1202.6658960055,50.8663902282715,29.3956289363345,7.48356366415727,13.758073215285274,10.56478659585345,9.20178475471369
Myanmar,MMR,2013,1.799999952,13.5933519472846,,56.5,1199.09561597055,50.8663902282715,29.5103946237239,13.5933519472846,14.536291696766217,13.758073215285274,10.56478659585345
Myanmar,MMR,2014,7.400000095,57.2778336231227,,52.0,1293.00042298688,57.1178512573242,29.6164342116462,57.2778336231227,23.778945522489774,14.536291696766217,13.758073215285274
Myanmar,MMR,2015,10.89999962,80.2397229653255,0.0644384582091319,60.5,1166.73305546337,57.1178512573242,29.7166821191682,80.2397229653255,25.40746277533234,23.778945522489774,14.536291696766217
Myanmar,MMR,2016,16.0,98.2342601991436,0.174162128034933,55.6,1229.19713515893,67.7588500976562,29.8129165582094,98.2342601991436,29.063467829934996,25.40746277533234,23.778945522489774
Myanmar,MMR,2017,23.621081950267,92.3917955157784,0.214986286331048,69.8,1272.82241830603,72.3457412719727,29.9051727703437,92.3917955157784,33.531195422488345,29.063467829934996,25.40746277533234
Myanmar,MMR,2018,29.37899971,116.972136284863,0.246880529164931,66.1,1298.21310320785,77.0191497802734,29.993574050729,116.972136284863,38.434625249367606,33.531195422488345,29.063467829934996
Myanmar,MMR,2019,36.54050064,155.669416939698,0.92296052297012,68.3,1425.98954211903,77.0191497802734,30.0782436945232,150.0,47.487025642994865,38.434625249367606,33.531195422488345
Myanmar,MMR,2020,45.4477005,148.158208114821,1.29924592186564,70.4,1490.21683548367,77.0191497802734,30.1593049968842,148.158208114821,50.35750367128241,47.487025642994865,38.434625249367606
Montenegro,MNE,2006,28.89999962,101.547633509026,,99.0,4422.55172559508,92.1242370605469,63.111308588912,101.547633509026,57.717910599138094,44.62529503269876,55.85319663665958
Montenegro,MNE,2007,30.79999924,142.095017359275,2.81853361099752,99.0,5979.43813180981,92.5225219726562,63.5035790981749,142.095017359275,53.50420202922515,57.717910599138094,44.62529503269876
Montenegro,MNE,2008,32.90000153,182.988251467579,6.281000876992,99.0,7390.01481290503,93.0311737060547,63.8414387962647,150.0,56.538801225329834,53.50420202922515,57.717910599138094
Montenegro,MNE,2009,35.09999847,204.631442133458,9.38099861172162,99.1,6726.67589734408,95.6065979003906,64.1131468872325,150.0,57.8356437642724,56.538801225329834,53.50420202922515
Montenegro,MNE,2010,37.5,185.100808748149,10.2303793142727,99.2,6678.63939560908,98.99609375,64.3069625751293,150.0,59.07999443491235,57.8356437642724,56.538801225329834
Montenegro,MNE,2011,35.6115412460109,183.204359810839,10.2281061123334,99.0,7265.51771176628,93.1708908081055,64.4210914835811,150.0,58.98988560249965,59.07999443491235,57.8356437642724
Montenegro,MNE,2012,56.8387825490631,156.401963569782,13.8535846197557,99.3,6552.47970337373,92.6130599975586,64.5244008658951,150.0,69.26466351064269,58.98988560249965,59.07999443491235
Montenegro,MNE,2013,60.31,156.964444205798,15.1169768888917,99.7,7102.7776714702,92.6130599975586,64.6252987959653,150.0,69.57645794721995,69.26466351064269,58.98988560249965
Montenegro,MNE,2014,63.8868840056697,160.490358344882,16.450287071867,97.7,7342.17147363741,92.6130599975586,64.7232143772459,150.0,71.42942399529636,69.57645794721995,69.26466351064269
Montenegro,MNE,2015,68.1197860085679,160.454990487865,17.8930024118635,99.5,6421.00005731419,91.863410949707,64.8181652937171,150.0,74.63693998742073,71.42942399529636,69.57645794721995
Montenegro,MNE,2016,69.8816468416779,166.719850572448,18.3977867805956,99.6,6968.01202883651,90.5575180053711,64.9101692293409,150.0,75.5972371971275,74.63693998742073,71.42942399529636
Montenegro,MNE,2017,71.2723325399382,168.464830660169,22.1614090312426,100.0,7674.2856571219,90.6022262573242,64.9992438680584,150.0,75.47034697342323,75.5972371971275,74.63693998742073
Montenegro,MNE,2018,71.5171004874886,184.219098888429,25.8249904594873,100.0,8673.59469069858,91.4442672729492,65.0854068937869,150.0,79.11700202387468,75.47034697342323,75.5972371971275
Montenegro,MNE,2019,73.4766657478691,188.173957398388,29.2284854340679,100.0,8749.25629734676,91.84033203125,65.1686759904159,150.0,80.06197590351488,79.11700202387468,75.47034697342323
Montenegro,MNE,2020,77.60879306,177.66521091893,30.2953440746132,99.9,7555.48699036321,92.3578720092773,65.2490688418027,150.0,81.44916465188699,80.06197590351488,79.11700202387468
Montenegro,MNE,2021,82.21969752,185.488473149833,31.180870777725,99.8,9315.86435643142,93.1638412475586,65.3266031317675,150.0,83.68179313272728,81.44916465188699,80.06197590351488
Montenegro,MNE,2022,88.22192026,207.278149444886,31.8922375082974,100.0,10038.1849482517,92.1609725952148,65.4012965440866,150.0,86.47545903959565,83.68179313272728,81.44916465188699
Montenegro,MNE,2023,88.5515976,207.237922064803,32.0155251660479,100.0,12258.1600477339,93.8724975585938,65.4731667624849,150.0,86.52475658305013,86.47545903959565,83.68179313272728
Montenegro,MNE,2024,88.88258428,221.687322527444,32.305369479654,100.0,13270.1824401005,93.8724975585938,65.5422314706266,150.0,86.73916296378357,86.52475658305013,86.47545903959565
Mongolia,MNG,2006,9.0,29.9796189659682,0.135409299755954,77.0,1329.89179579053,92.3052825927734,63.8388366340039,29.9796189659682,23.242215045043448,24.17462429862944,17.15348370332217
Mongolia,MNG,2007,9.0,45.8051776001595,0.283554418866818,78.1,1627.68787743359,92.3052825927734,65.2590695004873,45.8051776001595,25.554961807310868,23.242215045043448,24.17462429862944
Mongolia,MNG,2008,9.800000191,66.9284063613147,1.23381809458159,79.2,2127.42678594737,92.3052825927734,66.4693095486742,66.9284063613147,29.33379977619048,25.554961807310868,23.242215045043448
Mongolia,MNG,2009,10.0,84.3807849396284,1.50364345674788,80.3,1703.32756790019,98.5075302124023,67.3659050254095,84.3807849396284,31.86806706130595,29.33379977619048,25.554961807310868
Mongolia,MNG,2010,10.2,92.9207634213904,2.84091834423251,78.5,2625.21881402433,91.1776885986328,67.8298018313254,92.9207634213904,32.962872101583926,31.86806706130595,29.33379977619048
Mongolia,MNG,2011,12.4999911084745,107.181059165519,3.42607770710846,72.1,3736.04201455077,91.1776885986328,67.9196058798676,107.181059165519,34.85020716373549,32.962872101583926,31.86806706130595
Mongolia,MNG,2012,16.4,120.738848253543,3.94085550888065,83.7,4328.89001905655,91.1776885986328,67.9522782537785,120.738848253543,40.745356257970606,34.85020716373549,32.962872101583926
Mongolia,MNG,2013,17.699984237,100.901264814345,4.89953823458973,81.2,4340.14310544449,91.1776885986328,67.9776750055915,100.901264814345,37.57862811261908,40.745356257970606,34.85020716373549
Mongolia,MNG,2014,19.9424474349209,103.920441847843,6.77117608106174,86.0,4126.23975800524,91.1776885986328,67.9941357229626,103.920441847843,40.602380927551266,37.57862811261908,40.745356257970606
Mongolia,MNG,2015,22.5000041337688,103.078420951136,6.98959122144406,88.0,3838.92126989984,91.1776885986328,67.9999999906095,103.078420951136,42.1212322381968,40.602380927551266,37.57862811261908
Mongolia,MNG,2016,22.2657705007562,110.745846833017,7.43705957487671,90.8,3619.90026383792,91.1776885986328,67.9776754820979,110.745846833017,43.85869499903049,42.1212322381968,40.602380927551266
Mongolia,MNG,2017,23.71430016,125.18399904135,9.18362021979381,93.6,3645.96708669551,91.1776885986328,67.9260583223672,125.18399904135,46.510010232121545,43.85869499903049,42.1212322381968
Mongolia,MNG,2018,47.1300018848989,133.283865358717,9.66655365112798,98.1,4107.64288528468,91.2949725153641,67.8683444833372,133.283865358717,59.14922322452247,46.510010232121545,43.85869499903049
Mongolia,MNG,2019,51.079994082603,136.719198864644,9.83638257697054,98.9,4347.54610314873,88.7463471502002,67.8277299551557,136.719198864644,61.312204356267415,59.14922322452247,46.510010232121545
Mongolia,MNG,2020,62.50002848,132.610273840436,9.3475568899214,99.5,4001.25193077703,95.3826370696027,68.0894771770775,132.610273840436,64.59459108772744,61.312204356267415,59.14922322452247
Mongolia,MNG,2021,81.60682285,140.352142155192,11.3929982387502,100.0,4517.61578018785,98.3276220923038,69.2153244018555,140.352142155192,74.62957270924628,64.59459108772744,61.312204356267415
Mongolia,MNG,2022,81.07720184,142.808581769425,12.9008288504333,100.0,4993.51487463495,93.5508272676123,69.783805847168,142.808581769425,75.41399821583676,74.62957270924628,64.59459108772744
Mongolia,MNG,2023,83.74320221,141.08481753135,14.5529107220073,100.0,5838.63108083902,96.8181201904352,70.4464492797852,141.08481753135,76.66526687897849,75.41399821583676,74.62957270924628
Mongolia,MNG,2024,85.12349701,140.670025377351,15.7837343261767,99.1,6750.6301157724,96.8181201904352,70.9566040039062,140.670025377351,77.27404051023203,76.66526687897849,75.41399821583676
Mozambique,MOZ,2004,0.679447835392438,3.56849208981733,,10.7,400.056973161545,10.5598001480103,29.8592114813982,3.56849208981733,3.018376041122276,2.134930798237943,2.2794870199139705
Mozambique,MOZ,2005,0.854399979,7.40691910278913,,11.8,436.773856167384,12.95458984375,30.0098613217248,7.40691910278913,3.8664025885398488,3.018376041122276,2.134930798237943
Mozambique,MOZ,2006,0.842954488044236,11.2537028396523,0.0105883041717197,13.0,457.487647833183,15.2163000106812,30.1740801725307,11.2537028396523,3.863778172715926,3.8664025885398488,3.018376041122276
Mozambique,MOZ,2007,0.91,14.4674737235959,0.0299093816668691,12.4,507.874923914304,17.9137401580811,30.3598131347122,14.4674737235959,4.124509833593113,3.863778172715926,3.8664025885398488
Mozambique,MOZ,2008,1.56,20.1888204410131,0.0510334187083242,13.6,592.159111184122,20.1720008850098,30.5625357695184,20.1888204410131,5.705591338919808,4.124509833593113,3.863778172715926
Mozambique,MOZ,2009,2.68,26.6650991246997,0.0613976266700072,15.0,547.697144193651,22.9890193939209,30.7715592059159,26.6650991246997,7.19216601303905,5.705591338919808,4.124509833593113
Mozambique,MOZ,2010,4.17,31.4105056102953,0.0753198965096013,18.9,496.185839392659,25.1208838457009,30.9861779822921,31.4105056102953,8.638958908766481,7.19216601303905,5.705591338919808
Mozambique,MOZ,2011,4.599999905,33.216339150187,0.119979505298291,20.2,618.17649286789,26.0157578808472,31.2062230032794,33.216339150187,9.228821991929012,8.638958908766481,7.19216601303905
Mozambique,MOZ,2012,5.0,36.1781646576283,0.120955650717816,21.2,685.685748199513,25.6446165136399,31.4315251735105,36.1781646576283,9.54149334462495,9.228821991929012,8.638958908766481
Mozambique,MOZ,2013,5.5,49.5029641007918,0.115170237953958,22.4,686.505672517351,34.4439086914062,31.6619153976179,49.5029641007918,11.310592021647837,9.54149334462495,9.228821991929012
Mozambique,MOZ,2014,6.0,71.6701472266196,0.143416778231361,24.8,697.142680444123,33.95458984375,31.8972245802342,71.6701472266196,14.923411531867217,11.310592021647837,9.54149334462495
Mozambique,MOZ,2015,6.5,75.8447213176406,0.160353647407002,24.0,610.563774706589,34.5285606384277,32.1372836259918,75.8447213176406,15.315319190266203,14.923411531867217,11.310592021647837
Mozambique,MOZ,2016,7.0,54.9641156223382,0.170460624854022,26.2,441.489734819071,34.5285606384277,32.3819234395234,54.9641156223382,12.676395724441644,15.315319190266203,14.923411531867217
Mozambique,MOZ,2017,7.7963266079129,42.1619694080105,0.218845913283962,24.3,470.93856305196,37.2411918640137,32.6274411492675,42.1619694080105,9.716845762253694,12.676395724441644,15.315319190266203
Mozambique,MOZ,2018,10.89999962,48.5007087167822,0.241713568697421,31.1,517.507260258101,37.2411918640137,32.9902559073541,48.5007087167822,12.784642448780728,9.716845762253694,12.676395724441644
Mozambique,MOZ,2019,12.47929955,49.4350694242276,0.234152423439938,29.7,519.09255091362,37.2411918640137,33.4177241517032,49.4350694242276,13.448130656812069,12.784642448780728,9.716845762253694
Mozambique,MOZ,2020,14.28740025,50.2318825476662,0.227393157051228,30.6,462.433876479921,37.2411918640137,33.9044006416285,50.2318825476662,12.842797810871357,13.448130656812069,12.784642448780728
Mozambique,MOZ,2021,16.35759926,43.1636190464176,0.206558007808804,31.5,509.907829475551,37.2411918640137,34.4499259401554,43.1636190464176,10.908749697602726,12.842797810871357,13.448130656812069
Mozambique,MOZ,2022,18.96220016,45.8178199662019,0.197784521833894,33.2,578.273222184503,37.2411918640137,35.0536638047945,45.8178199662019,14.241591310271101,10.908749697602726,12.842797810871357
Mozambique,MOZ,2023,19.94560051,47.5003032540948,0.149001818335337,36.0,622.191133245967,37.2411918640137,35.7149783148407,47.5003032540948,13.396439130492487,14.241591310271101,10.908749697602726
Mozambique,MOZ,2024,20.52729988,49.5047696961223,0.141999688956087,36.9,656.976148587772,37.2411918640137,36.4332337447237,49.5047696961223,12.630582459345476,13.396439130492487,14.241591310271101
Mauritania,MRT,2004,0.481470438230954,18.2105677067792,,24.3,823.554457141893,22.1136894226074,39.5685575664461,18.2105677067792,9.493376962682698,8.116011002438574,7.52667073014712
Mauritania,MRT,2005,0.670000017,25.3691742833335,0.00558001727763886,18.2,998.96583416747,22.4629497528076,40.407151934074,25.3691742833335,6.733681676881346,9.493376962682698,8.116011002438574
Mauritania,MRT,2006,0.979700029,35.1772263626288,0.0322863229428668,27.0,1300.60367988659,23.1758899688721,41.3739934217664,35.1772263626288,10.013606716766146,6.733681676881346,9.493376962682698
Mauritania,MRT,2007,1.433599949,45.7141942652888,0.129321813777235,33.0,1405.15016203368,23.1758899688721,42.4406001164139,45.7141942652888,12.827730439485439,10.013606716766146,6.733681676881346
Mauritania,MRT,2008,1.870000005,65.7183543081028,0.184590117894529,30.0,1635.5630623124,18.5803203582764,43.5784901049073,65.7183543081028,15.316669836856615,12.827730439485439,10.013606716766146
Mauritania,MRT,2009,2.279999971,66.4418800358538,0.206275148822572,31.1,1435.43010811893,20.0069904327393,44.7591814741371,66.4418800358538,15.688425510618092,15.316669836856615,12.827730439485439
Mauritania,MRT,2010,4.0,81.8660764708571,0.171308167439062,34.2,1659.96369705455,20.4244003295898,45.9541923109942,81.8660764708571,18.60990851045172,15.688425510618092,15.316669836856615
Mauritania,MRT,2011,4.5,94.6316258570616,0.174716820290903,35.3,1931.19975525465,22.7523097991943,47.1350407023691,94.6316258570616,20.68720512442497,18.60990851045172,15.688425510618092
Mauritania,MRT,2012,5.0,111.230731736701,0.185049380580564,36.4,1859.11733247641,27.0638964405956,48.2732447351525,111.230731736701,23.245083818537644,20.68720512442497,18.60990851045172
Mauritania,MRT,2013,6.199999809,106.798483685642,0.201696802468349,37.6,1936.26950446101,30.2620419125702,49.3553973225913,106.798483685642,23.06708809202726,23.245083818537644,20.68720512442497
Mauritania,MRT,2014,11.80000019,97.5267336951353,0.20787244115521,38.8,1718.97089374709,30.6988232872483,50.4694791226856,97.5267336951353,24.048527128497696,23.06708809202726,23.245083818537644
Mauritania,MRT,2015,17.60000038,91.8941169084199,0.243018145169932,39.5,1558.84205473416,31.196307538775,51.6680350049622,91.8941169084199,25.55365821784674,24.048527128497696,23.06708809202726
Mauritania,MRT,2016,19.23279953,88.4383494871236,0.272618915656489,41.2,1568.00551190332,32.187587041888,52.9185627319946,88.4383494871236,25.929777645366915,25.55365821784674,24.048527128497696
Mauritania,MRT,2017,21.01720047,96.7595354581295,0.300123497838788,42.9,1617.93401542267,31.7565696757394,54.1970448502004,96.7595354581295,27.54725113206623,25.929777645366915,25.55365821784674
Mauritania,MRT,2018,22.96699905,105.275094895088,0.304863077886015,43.6,1723.37809442655,35.5293425627344,55.1305077000081,105.275094895088,29.1897445644968,27.54725113206623,25.929777645366915
Mauritania,MRT,2019,25.0977993,105.441089704161,0.242070430744355,44.9,1767.072710621,37.5793709898761,56.0596215779146,105.441089704161,30.59138661263065,29.1897445644968,27.54725113206623
Mauritania,MRT,2020,29.90649986,126.277034284458,0.401227704167555,45.4,1795.72437324423,36.0277030077074,56.9836701058893,126.277034284458,34.523873612666485,30.59138661263065,29.1897445644968
Mauritania,MRT,2021,35.63660049,137.540323142707,0.405903092669414,47.7,1947.47413907209,36.0277030077074,57.901535141641,137.540323142707,38.78080312461138,34.523873612666485,30.59138661263065
Mauritania,MRT,2022,42.46450043,109.883898247552,0.415227794850191,49.0,1961.28166648869,36.0277030077074,58.8120996197226,109.883898247552,37.82292229691841,38.78080312461138,34.523873612666485
Mauritania,MRT,2023,44.95629883,90.7724948884417,0.59041012129361,50.3,2127.9576285973,36.0277030077074,59.7142464747058,90.7724948884417,35.031476642831315,37.82292229691841,38.78080312461138
Mauritania,MRT,2024,45.77939987,92.0748946443443,0.946513083252489,52.2,2104.54260769051,36.0277030077074,60.6068586411829,92.0748946443443,35.157921370098485,35.031476642831315,37.82292229691841
Mauritius,MUS,2004,13.6890885885342,43.8266122579613,0.205152824451912,99.0,5460.60800184198,86.3435287475586,41.3265540022042,43.8266122579613,33.834600577564174,32.00116169184815,30.398096056324647
Mauritius,MUS,2005,15.1722002,52.2446836857658,0.429361724128331,99.0,5354.02974260642,88.6331024169922,41.1419874152917,52.2446836857658,33.977838239434476,33.834600577564174,32.00116169184815
Mauritius,MUS,2006,16.7,61.1177886041965,2.2072653410678,99.0,5784.22491883026,86.6944198608398,40.9607687547567,61.1177886041965,36.4777208180383,33.977838239434476,33.834600577564174
Mauritius,MUS,2007,20.22,73.1476040513014,2.76734949799845,99.0,6677.37538616398,86.7215270996094,40.7846600109183,73.1476040513014,39.574867964703955,36.4777208180383,33.977838239434476
Mauritius,MUS,2008,21.81,81.0663444829304,4.11968916591809,99.0,8140.47983639243,86.2219161987305,40.6154231740954,81.0663444829304,41.60851067986967,39.574867964703955,36.4777208180383
Mauritius,MUS,2009,22.51,84.9704293760927,5.69793552947211,99.0,7426.86137313939,86.6567001342773,40.4548202346069,84.9704293760927,42.48613022642006,41.60851067986967,39.574867964703955
Mauritius,MUS,2010,28.33,92.8425699047874,7.32215958568935,99.4,8113.17670740212,86.9073104858398,40.3046131827718,92.8425699047874,46.57670336432799,42.48613022642006,41.60851067986967
Mauritius,MUS,2011,34.95000076,100.608971543233,9.1921039721924,99.6,9324.24232310496,88.7222900390625,40.1665923228716,100.608971543233,51.694207584896205,46.57670336432799,42.48613022642006
Mauritius,MUS,2012,35.42,115.252449250293,10.9217558584205,99.4,9421.52514098225,92.1094389658945,40.0369511615085,115.252449250293,54.17746302361938,51.694207584896205,46.57670336432799
Mauritius,MUS,2013,40.116825135,118.793106653529,12.5795517217874,99.4,9877.13865958834,93.7982864379883,39.9108848558771,118.793106653529,55.75685589902572,54.17746302361938,51.694207584896205
Mauritius,MUS,2014,44.8032753683379,127.86328226284,14.0866327916688,99.5,10490.3315563853,97.075353264043,39.7887571971735,127.86328226284,59.841840851567554,55.75685589902572,54.17746302361938
Mauritius,MUS,2015,50.1393184766711,136.371902265385,15.2753864309067,99.6,9630.5437837507,93.9681984718368,39.6709610617726,136.371902265385,64.18974375777168,59.841840851567554,55.75685589902572
Mauritius,MUS,2016,52.19129944,140.423888162514,16.4576177636993,99.7,10095.1225574156,94.4362545563892,39.5578893260494,140.423888162514,66.11967036305637,64.18974375777168,59.841840851567554
Mauritius,MUS,2017,55.4032403002657,142.524532117413,19.0600896444054,99.6,10986.7034093005,92.5403344955972,39.4499348663789,142.524532117413,66.68928682964544,66.11967036305637,64.18974375777168
Mauritius,MUS,2018,58.596169704299,148.816797831837,21.3138552473439,99.8,11818.7480619272,91.4171358592572,39.3474905591359,148.816797831837,71.58782690239207,66.68928682964544,66.11967036305637
Mauritius,MUS,2019,61.7299551453346,145.117277088014,23.8830105654334,100.0,11568.2533399824,93.1354968676317,39.2509492806955,145.117277088014,72.47054708670021,71.58782690239207,66.68928682964544
Mauritius,MUS,2020,67.73290684,149.06995900167,25.1865809761826,99.5,9135.84773751062,89.5019998431496,39.1607039074325,149.06995900167,75.1342065697191,72.47054708670021,71.58782690239207
Mauritius,MUS,2021,71.59999847,154.053185977432,25.7028828022003,99.6,9177.71195973013,89.5019998431496,39.077147315722,150.0,77.08552032225111,75.1342065697191,72.47054708670021
Mauritius,MUS,2022,75.5,164.309278835228,26.1963906498554,100.0,10246.5017455553,89.5019998431496,39.0000125885784,150.0,78.93248417944484,77.08552032225111,75.1342065697191
Mauritius,MUS,2023,79.5,165.257524411348,26.9082309192612,100.0,11269.9684462139,89.5019998431496,39.0039901092226,150.0,80.79653591248126,78.93248417944484,77.08552032225111
Mauritius,MUS,2024,73.30793533,172.68356921857,27.9742504733832,100.0,11990.9355434317,90.7246586359898,39.0162147027917,150.0,78.36765072392446,80.79653591248126,78.93248417944484
Malawi,MWI,2004,0.347505334967577,1.77697522954047,0.00110393491199759,6.9,404.674248445428,28.9145393371582,15.0316039821946,1.77697522954047,1.1692738423251232,1.0598042947142536,1.3959701973138954
Malawi,MWI,2005,0.384499997,3.2800777505911,0.00314640984901049,6.6,414.361121984475,28.7130393981934,15.1041793656241,3.2800777505911,1.253424976734914,1.1692738423251232,1.0598042947142536
Malawi,MWI,2006,0.425099999,4.6986669369963,,3.7,440.822149023873,30.5642108917236,15.1753987017157,4.6986669369963,1.103502172911161,1.253424976734914,1.1692738423251232
Malawi,MWI,2007,0.965864736553132,7.74031710895931,0.00687961404628625,7.4,475.180261659331,30.2626094818115,15.2477960727861,7.74031710895931,2.2081862161288983,1.103502172911161,1.253424976734914
Malawi,MWI,2008,0.7,10.787342707362,0.00705474085382541,7.8,554.048820396119,32.6917381286621,15.3238029928378,10.787342707362,2.875070011785591,2.2081862161288983,1.103502172911161
Malawi,MWI,2009,1.07,17.2664810012484,0.00718265648257671,8.3,625.869729869625,33.3515281677246,15.4015312766848,17.2664810012484,3.853039308569482,2.875070011785591,2.2081862161288983
Malawi,MWI,2010,2.26,21.025675510066,0.00731799620718711,8.7,683.124694716799,33.6619814891638,15.4776969380518,21.025675510066,4.24698449599066,3.853039308569482,2.875070011785591
Malawi,MWI,2011,3.33,25.8864481164849,0.0113330986355604,7.6,763.061000394572,34.7371599213107,15.5523153908723,25.8864481164849,5.02101767414598,4.24698449599066,3.853039308569482
Malawi,MWI,2012,4.350599766,29.5800071510519,0.00788054318712719,7.4,558.46208832772,34.8210140987042,15.6253133040464,29.5800071510519,5.440814186999005,5.02101767414598,4.24698449599066
Malawi,MWI,2013,5.050000191,32.7317425220037,0.0543070159937472,9.0,496.947368267313,37.847295845447,15.6966173464742,32.7317425220037,5.894666105258752,5.440814186999005,5.02101767414598
Malawi,MWI,2014,5.829999924,33.8868400746068,0.05150546237057,11.9,529.5133440206,39.5435659506335,15.766154187056,33.8868400746068,6.588452259360526,5.894666105258752,5.440814186999005
Malawi,MWI,2015,6.0,38.4341901744435,0.034268649944541,10.8,539.605363240686,39.7291461793841,15.8338504946918,38.4341901744435,6.731583175237924,6.588452259360526,5.894666105258752
Malawi,MWI,2016,6.300000191,40.8844441758703,0.0495052352697577,11.0,450.506105510719,38.1843681335449,15.899632938282,40.8844441758703,7.024856639312335,6.731583175237924,6.588452259360526
Malawi,MWI,2017,7.0,43.0855088342582,0.0599566013099431,12.7,495.769683367165,39.6154222954854,15.9634281867266,43.0855088342582,7.059152469116608,7.024856639312335,6.731583175237924
Malawi,MWI,2018,8.798299789,38.1955692011493,0.0613015454757565,18.0,533.202567189331,38.8324397802949,16.0221486554255,38.1955692011493,7.460909164913165,7.059152469116608,7.024856639312335
Malawi,MWI,2019,11.05860043,46.7841008334388,0.0596980345376099,11.2,580.889139762475,35.5212672502146,16.1383746619001,46.7841008334388,8.416656436053088,7.460909164913165,7.059152469116608
Malawi,MWI,2020,13.89949989,51.2170439392301,0.0627371263723842,11.5,602.507478176106,41.4565075090498,16.2961471756409,51.2170439392301,8.56590607367465,8.416656436053088,7.460909164913165
Malawi,MWI,2021,15.30300045,59.5599408158462,0.0670814931398598,14.2,617.446994451007,35.8885917563293,16.4881925800694,59.5599408158462,9.318112878536912,8.56590607367465,8.416656436053088
Malawi,MWI,2022,16.84830093,59.6495709408963,0.0724060330808983,14.0,604.269740360317,35.5084899925617,16.7146031979436,59.6495709408963,11.132404314728639,9.318112878536912,8.56590607367465
Malawi,MWI,2023,17.98810346,61.0866071008045,0.079556560544817,15.6,633.214767978695,36.644092994481,16.9748746665356,61.0866071008045,10.256360124723475,11.132404314728639,9.318112878536912
Malawi,MWI,2024,18.96159935,69.260530662121,0.0863853749149284,15.6,522.365366146003,36.644092994481,17.268503531213,69.260530662121,10.558340797992704,10.256360124723475,11.132404314728639
Malaysia,MYS,2004,42.2522656295248,57.8498313244464,0.999731873891089,98.7,4939.24851854427,80.5677719116211,66.0647889111941,57.8498313244464,50.37953905788656,44.49548593984355,43.227518012370524
Malaysia,MYS,2005,48.6291702459839,75.6500475633466,1.86986635854964,98.7,5555.58179951206,76.2537536621094,67.0159820173565,75.6500475633466,53.41308992990834,50.37953905788656,44.49548593984355
Malaysia,MYS,2006,51.6379889864403,73.6762398568335,2.84276851737206,98.8,6158.40785533236,75.8026123046875,67.9191992840997,73.6762398568335,54.09869301111142,53.41308992990834,50.37953905788656
Malaysia,MYS,2007,55.7,86.4755300769983,3.83430285414437,98.9,7168.93031942508,74.2519378662109,68.7649673902807,86.4755300769983,57.50639953420093,54.09869301111142,53.41308992990834
Malaysia,MYS,2008,55.8,100.518464614095,4.82153483966066,99.0,8371.82156086005,74.8359527587891,69.5438130147565,100.518464614095,59.453869519076235,57.50639953420093,54.09869301111142
Malaysia,MYS,2009,55.9,107.179512670287,5.52395471352698,99.3,7191.43287234626,75.0242767333984,70.2462628363839,107.179512670287,59.86905866853937,59.453869519076235,57.50639953420093
Malaysia,MYS,2010,56.3,118.156632715164,7.32068815724969,99.5,8899.34505544675,77.2140274047852,70.8625314831025,118.156632715164,62.012073953717994,59.86905866853937,59.453869519076235
Malaysia,MYS,2011,61.0,125.715832147402,8.59576382844835,99.5,10217.1068585031,77.5925369262695,71.4245166681964,125.715832147402,65.89474008576715,62.012073953717994,59.86905866853937
Malaysia,MYS,2012,65.8,139.314753874976,9.84700347717991,99.8,10600.5744240026,81.2371978759766,71.9680127926087,139.314753874976,69.91468485516481,65.89474008576715,62.012073953717994
Malaysia,MYS,2013,57.05751226,142.522112800428,9.73942530166021,99.6,10713.6407638899,80.938362121582,72.4882717118078,142.522112800428,65.41019348323925,69.91468485516481,65.89474008576715
Malaysia,MYS,2014,63.6654258813225,146.3656485505,9.97193881432051,99.7,11013.3107334403,83.2836303710938,72.9802206910773,146.3656485505,68.85377893765646,65.41019348323925,69.91468485516481
Malaysia,MYS,2015,71.0640678111957,141.210531313909,9.80955980953099,99.9,9648.6797937523,81.5115814208984,73.4387869957006,141.210531313909,71.38934448859403,68.85377893765646,65.41019348323925
Malaysia,MYS,2016,78.7883099275229,136.725167298764,8.55245970508987,99.9,9476.53409809923,79.8283920288086,73.8588978909614,136.725167298764,73.40357885315464,71.38934448859403,68.85377893765646
Malaysia,MYS,2017,80.1404790103961,130.853522804244,8.30705146836206,100.0,9862.54806612235,78.8863677978516,74.2354806421432,130.853522804244,71.700511460327,73.40357885315464,71.38934448859403
Malaysia,MYS,2018,81.2010486181174,128.873150399987,8.19179819298533,100.0,10901.8019954421,74.4872817993164,74.5634625145296,128.873150399987,72.51078524131256,71.700511460327,73.40357885315464
Malaysia,MYS,2019,84.1871450078281,133.372921941941,8.86497357882019,100.0,10920.191763972,75.3229827880859,74.8377707734042,133.372921941941,74.32508441201603,72.51078524131256,71.700511460327
Malaysia,MYS,2020,89.55501192,129.017911652905,9.91101742902637,100.0,9957.52626697613,73.2459411621094,75.0511895575672,129.017911652905,75.92370068477663,74.32508441201603,72.51078524131256
Malaysia,MYS,2021,96.7514278,137.684938559871,10.8921782282506,100.0,10903.1037480772,74.9618181140898,75.5088628191907,137.684938559871,80.49558389711164,75.92370068477663,74.32508441201603
Malaysia,MYS,2022,97.3986404,138.208441079076,12.1753566089982,100.0,11754.5678336248,78.8341986282999,75.9741357073003,138.208441079076,81.4745503581995,80.49558389711164,75.92370068477663
Malaysia,MYS,2023,97.69272633,142.7320920639,13.0287000355119,100.0,11386.0395636528,79.4472788704033,76.4434752105739,142.7320920639,82.41486050623851,81.4745503581995,80.49558389711164
Malaysia,MYS,2024,98.0206059,139.664651283564,13.5464432669708,100.0,11874.4273684245,80.2757406864183,76.9170296648992,139.664651283564,82.14147623672623,82.41486050623851,81.4745503581995
Namibia,NAM,2004,3.8047156152631,14.7313553186735,,38.7,3403.15496192955,64.5331420898438,35.5356476670033,14.7313553186735,14.475252630670319,13.50014798795064,12.554123979846187
Namibia,NAM,2005,4.010000229,22.8242198901444,0.00681385266416554,39.6,3685.77299991587,63.1600494384766,36.5870014553064,22.8242198901444,12.352847843634535,14.475252630670319,13.50014798795064
Namibia,NAM,2006,4.39887064732726,30.566276818777,0.00994031792952214,40.5,4017.1834716928,62.1227416992188,37.6722151614564,30.566276818777,13.69108023792258,12.352847843634535,14.475252630670319
Namibia,NAM,2007,4.83561077833704,39.6448033290399,0.0126820568710988,43.7,4379.04313682732,62.7577209472656,38.763436210037,39.6448033290399,15.676437815202105,13.69108023792258,12.352847843634535
Namibia,NAM,2008,5.32900377208954,51.3908754816673,0.0156322054697087,42.4,4204.78555422749,62.7577209472656,39.8328120256318,51.3908754816673,17.37041617145206,15.676437815202105,13.69108023792258
Namibia,NAM,2009,6.5,78.5395548461197,0.0229614603681343,44.1,4302.91374148376,62.7577209472656,40.8524900328246,78.5395548461197,21.724071835108568,17.37041617145206,15.676437815202105
Namibia,NAM,2010,11.6,92.4287530968414,0.447196455037916,44.4,5418.21633365814,68.0998401813149,41.7946176561991,92.4287530968414,25.535494755425383,21.724071835108568,17.37041617145206
Namibia,NAM,2011,12.0,102.24430130572,0.820472202485644,42.3,5834.7917675794,72.4541177178611,42.6276075621535,102.24430130572,26.642228137982045,25.535494755425383,21.724071835108568
Namibia,NAM,2012,12.94139957,97.8210232683603,1.09598141666067,46.4,5942.64680978673,74.2465574610051,43.3804079185694,97.8210232683603,27.149844027325855,26.642228137982045,25.535494755425383
Namibia,NAM,2013,13.89999962,121.105585418565,1.58667582978618,47.4,5346.62131149967,76.142480002464,44.1106769079132,121.105585418565,30.8304712250448,27.149844027325855,26.642228137982045
Namibia,NAM,2014,14.84000015,115.5200011764,1.78241879056579,48.4,5378.32326241205,76.7595646559311,44.8214248210559,115.5200011764,30.518357114776016,30.8304712250448,27.149844027325855
Namibia,NAM,2015,25.68790054,107.392368276966,2.96542138735627,51.6,4774.10650865775,78.2608012276393,45.5103554445325,107.392368276966,34.814174015614256,30.518357114776016,30.8304712250448
Namibia,NAM,2016,31.0333004,109.049558197665,2.63785901436242,49.7,4395.68776162376,79.2606097203135,46.1751725648784,109.049558197665,36.616041262523254,34.814174015614256,30.518357114776016
Namibia,NAM,2017,36.83739853,106.914765245509,2.623967181163,52.5,5143.96072323076,79.5334606379175,46.8135799686288,106.914765245509,38.394715271391426,36.616041262523254,34.814174015614256
Namibia,NAM,2018,42.8207016,107.060260494691,2.43865058644091,52.3,5308.60813408705,78.8626899009705,47.4232814423189,107.060260494691,40.522680501945686,38.394715271391426,36.616041262523254
Namibia,NAM,2019,49.77590179,106.53315947895,2.60177914003955,53.3,4731.9210318831,79.0125016773938,48.0019807724839,106.53315947895,43.62112326073745,40.522680501945686,38.394715271391426
Namibia,NAM,2020,57.8608017,106.206587456143,2.88695019939445,52.3,3878.58982993966,82.8872992484077,48.547381745659,106.206587456143,45.81439384576019,43.62112326073745,40.522680501945686
Namibia,NAM,2021,60.25999832,103.727351391971,3.1781346555903,55.2,4412.8355693052,83.3329528489539,49.0571881483796,103.727351391971,46.3228145782879,45.81439384576019,43.62112326073745
Namibia,NAM,2022,62.99720001,100.557816104444,3.29190749644768,56.2,4349.79908493314,81.8163691171532,49.5291037671807,100.557816104444,47.88039563757062,46.3228145782879,45.81439384576019
Namibia,NAM,2023,63.69549942,87.6760954339972,3.52006938690795,56.7,4225.99102418102,81.6173009252032,49.9545837830821,87.6760954339972,45.06862559662103,47.88039563757062,46.3228145782879
Namibia,NAM,2024,64.87460327,85.1648988113055,2.83462992194067,59.3,4501.84849548225,81.9566828199727,50.4088030252155,85.1648988113055,44.589851758197014,45.06862559662103,47.88039563757062
Niger,NER,2004,0.189933733703092,1.29973715942214,0.00058043835307477,9.7,283.468281798296,8.35079956054688,16.2687225341797,1.29973715942214,1.5939917060349398,1.9482356664999723,2.0899844584577107
Niger,NER,2005,0.221300006,2.35423436951156,0.00154112417157306,7.1,318.643121918273,9.26323986053467,16.2687225341797,2.35423436951156,1.1568819951802563,1.5939917060349398,1.9482356664999723
Niger,NER,2006,0.294,3.38505980377446,0.00243191667062058,9.3,333.345078419447,10.6787004470825,16.2675724894628,3.38505980377446,1.8007958380896976,1.1568819951802563,1.5939917060349398
Niger,NER,2007,0.390399992,6.07959815207237,0.00325596256588765,11.2,387.168065883301,10.3014001846313,16.2641887037781,6.07959815207237,2.513235604909782,1.8007958380896976,1.1568819951802563
Niger,NER,2008,0.7,12.3528088783202,0.0040164263374716,11.8,475.044955398162,10.6592998504639,16.2586706998252,12.3528088783202,3.8942648219093763,2.513235604909782,1.8007958380896976
Niger,NER,2009,0.76,16.3011350896202,0.00627207968050026,12.3,461.131533961487,11.1999397277832,16.2511180003032,16.3011350896202,4.404990641371131,3.8942648219093763,2.513235604909782
Niger,NER,2010,0.829999983,22.1684789291814,0.00906408215442356,13.6,474.425692340831,12.8063202484136,16.2416301279116,22.1684789291814,4.821871693841116,4.404990641371131,3.8942648219093763
Niger,NER,2011,0.9,27.612953279822,0.012307668661491,14.3,510.75956176268,13.6643213754076,16.2303066053496,27.612953279822,5.620123010920553,4.821871693841116,4.404990641371131
Niger,NER,2012,1.049999952,30.2495367855019,0.0205698689039478,14.4,528.510104469655,14.8037867184503,16.2141284004355,30.2495367855019,5.604210265714764,5.620123010920553,4.821871693841116
Niger,NER,2013,1.149999976,37.8312018781097,0.0345574257482412,15.2,552.103334363117,15.9596510320284,16.2162595696064,37.8312018781097,6.282992069293259,5.604210265714764,5.620123010920553
Niger,NER,2014,1.24867568902241,42.8624011489646,0.155881254433501,15.7,565.30989731175,17.8459505465436,16.2450424611665,42.8624011489646,6.849806840689309,6.282992069293259,5.604210265714764
Niger,NER,2015,2.476200104,44.9309205276883,0.136352479886906,16.6,485.662574175279,19.6922012498743,16.3035606587493,44.9309205276883,7.506019297562296,6.849806840689309,6.282992069293259
Niger,NER,2016,4.322800159,36.120522177752,0.0372575269558715,17.0,499.910520068193,22.6700395113082,16.3898280543236,36.120522177752,6.760236986509413,7.506019297562296,6.849806840689309
Niger,NER,2017,10.2243115586561,40.9549864276209,0.0403537206550309,17.6,529.929418934868,23.7611505662509,16.5036987906896,40.9549864276209,9.074134782928214,6.760236986509413,7.506019297562296
Niger,NER,2018,10.74180031,40.9549864276209,,17.6,576.927536415462,23.7611505662509,16.6449011799221,,8.706083747436224,9.074134782928214,6.760236986509413
Niger,NER,2019,11.28549957,52.8112616845298,0.0479349681103909,18.5,541.265819870273,23.7611505662509,16.813146499685,52.8112616845298,11.005795826572669,8.706083747436224,9.074134782928214
Niger,NER,2020,11.85680008,60.0355524816093,0.0505953107507067,18.7,575.451340306915,23.7611505662509,17.0081420003794,60.0355524816093,10.627381230538298,11.005795826572669,8.706083747436224
Niger,NER,2021,12.45689964,61.5063092448251,,18.6,609.585703670137,23.7611505662509,17.2295936666686,61.5063092448251,11.725913639283833,10.627381230538298,11.005795826572669
Niger,NER,2022,13.08749962,63.3770548032743,,19.5,613.614736429298,23.7611505662509,17.477207007512,63.3770548032743,14.107288756884738,11.725913639283833,10.627381230538298
Niger,NER,2023,12.98079967,65.735032215569,0.107619048674827,20.1,647.930108509567,21.5605140503495,17.7506873295237,65.735032215569,9.9286860547598,14.107288756884738,11.725913639283833
Niger,NER,2024,15.55760002,60.5939862118112,0.111273829357144,21.3,729.856664168989,19.8664761204349,18.0497398450803,60.5939862118112,8.835785027868859,9.9286860547598,14.107288756884738
Nigeria,NGA,2004,1.28613764134527,6.48475870170114,,46.1,962.48104194733,33.9481201171875,46.6994804889599,6.48475870170114,13.16234860508936,13.548002505426597,11.447451854112114
Nigeria,NGA,2005,3.54915571796492,12.8170956320625,0.000344786561361771,46.8,1211.37703504386,33.7729187011719,47.5656414756863,12.8170956320625,12.287322123228616,13.16234860508936,13.548002505426597
Nigeria,NGA,2006,5.54503608300536,21.6814998851536,,47.6,1599.53891556365,33.1262817382812,48.424271994461,21.6814998851536,18.087815059854417,12.287322123228616,13.16234860508936
Nigeria,NGA,2007,6.769999981,26.3563208061766,0.0349676764955042,50.1,1815.52697545827,30.4232006072998,49.2357987173198,26.3563208061766,16.08396721154224,18.087815059854417,12.287322123228616
Nigeria,NGA,2008,8.0,39.9685817471357,0.0430064367391725,50.3,2154.10543545364,33.6112785339355,50.0505212312351,39.9685817471357,18.627622589622987,16.08396721154224,18.087815059854417
Nigeria,NGA,2009,9.300000191,45.9848876760246,0.0505759155118218,50.0,1820.48633854782,37.1381416320801,50.86453484762,45.9848876760246,19.772177134776435,18.627622589622987,16.08396721154224
Nigeria,NGA,2010,11.5,52.3861480651505,0.0594732858863234,48.0,2202.25672957344,41.7837982177734,51.6778188255446,52.3861480651505,20.747122413414,19.772177134776435,18.627622589622987
Nigeria,NGA,2011,13.80000019,55.5301267540609,,55.9,2418.41316975875,43.0239906311035,52.490352424079,55.5301267540609,29.44924640107703,20.747122413414,19.772177134776435
Nigeria,NGA,2012,16.10000038,64.0053263148187,0.00810383050570905,53.0,2633.19734671361,44.4557914733887,53.302114902293,64.0053263148187,24.629074090416264,29.44924640107703,20.747122413414
Nigeria,NGA,2013,19.10000038,70.282509513161,0.008309884720275,55.6,2872.79083379398,52.7967300415039,54.1130855192568,70.282509513161,26.868155919768444,24.629074090416264,29.44924640107703
Nigeria,NGA,2014,21.0,74.7512781478918,0.00846705820803965,54.2,3088.72131316169,42.7821502685547,54.9232435340404,74.7512781478918,27.64451364377915,26.868155919768444,24.629074090416264
Nigeria,NGA,2015,22.51420021,79.1045279367312,0.00822774714580616,52.5,2585.73360671797,43.8246917724609,55.7325682057138,79.1045279367312,28.313274822291298,27.64451364377915,26.868155919768444
Nigeria,NGA,2016,24.13750076,78.970142296733,0.0552235758942345,59.3,2070.4127339595,39.3068084716797,56.541038793347,78.970142296733,30.271340013766846,28.313274822291298,27.64451364377915
Nigeria,NGA,2017,25.87789917,72.3679681751497,0.0553465496536786,54.4,1876.34027111773,39.3068084716797,57.3486345560101,72.3679681751497,28.087830280597988,30.271340013766846,28.313274822291298
Nigeria,NGA,2018,27.74370003,84.2840110939485,0.0360912702919465,56.5,2057.87944554011,40.4885292053223,58.1553347527729,84.2840110939485,30.624812237620773,28.087830280597988,30.271340013766846
Nigeria,NGA,2019,29.74410057,88.1169010528984,0.0397927035008571,55.4,3189.81286496183,40.4885292053223,58.9611186427056,88.1169010528984,32.00298409611727,30.624812237620773,28.087830280597988
Nigeria,NGA,2020,31.88879967,95.4356648074949,0.0305206381229766,55.4,2797.184580679,44.1220893859863,59.7659654848781,95.4356648074949,32.69756893104563,32.00298409611727,30.624812237620773
Nigeria,NGA,2021,35.50979996,89.2915858426408,0.0301639204550369,59.5,2787.48779220991,45.444938659668,60.5698545383604,89.2915858426408,33.079186921867354,32.69756893104563,32.00298409611727
Nigeria,NGA,2022,39.14720154,99.5852151989567,0.0433814077089791,60.5,2899.16047469267,45.444938659668,61.3727650622225,99.5852151989567,37.23907355247375,33.079186921867354,32.69756893104563
Nigeria,NGA,2023,40.06399918,98.4772822731425,0.051283785190682,61.2,2138.76383718757,46.8931503295898,62.1746763155343,98.4772822731425,36.525559523352854,37.23907355247375,33.079186921867354
Nigeria,NGA,2024,41.21139908,70.7619057835431,0.0787379280608494,62.5,1084.16041805058,46.8931503295898,62.9755675573659,70.7619057835431,31.393853663876957,36.525559523352854,37.23907355247375
Nicaragua,NIC,2004,2.32066460863941,14.007895447525,0.0948432289406688,75.2,1098.62118662335,65.4347305297852,55.7791779253789,14.007895447525,18.391906360008605,17.262503356111417,16.5291428515591
Nicaragua,NIC,2005,2.566400051,20.9538936430489,0.197188187053605,73.8,1183.30214010175,68.5747222900391,55.9375480421093,20.9538936430489,18.6340066909193,18.391906360008605,17.262503356111417
Nicaragua,NIC,2006,2.8055730627337,33.7750318102256,0.351402648714535,76.3,1248.17371577788,69.0923385620117,56.1058547675536,33.7750318102256,20.94691646093418,18.6340066909193,18.391906360008605
Nicaragua,NIC,2007,3.900000095,45.5188355326479,0.501160308903936,76.9,1350.38145753377,72.1754989624023,56.2816618351146,45.5188355326479,23.107385692757287,20.94691646093418,18.6340066909193
Nicaragua,NIC,2008,5.300000191,55.7329896587397,0.774881724379025,77.5,1523.68437086409,70.7740936279297,56.4638124507513,55.7329896587397,25.335076655133847,23.107385692757287,20.94691646093418
Nicaragua,NIC,2009,7.300000191,59.1267264564002,1.3909059521787,77.9,1467.08288052845,70.7740936279297,56.651098305894,59.1267264564002,26.788368824925083,25.335076655133847,23.107385692757287
Nicaragua,NIC,2010,10.0,69.0593730664319,1.27720503010919,80.1,1526.56706951408,71.3924407958984,56.842311091973,69.0593730664319,29.510466348113106,26.788368824925083,25.335076655133847
Nicaragua,NIC,2011,10.6,82.8921073212797,1.46230029604484,81.2,1679.71192084633,71.3924407958984,57.0362425004184,82.8921073212797,31.809260557402673,29.510466348113106,26.788368824925083
Nicaragua,NIC,2012,13.5,99.1601154121126,1.71677805197409,81.3,1784.69836017555,71.3924407958984,57.2316842226606,99.1601154121126,35.05523715167507,31.809260557402673,29.510466348113106
Nicaragua,NIC,2013,15.5,113.788542316855,2.20070874162015,81.9,1835.43996363715,71.3924407958984,57.4274279501299,113.788542316855,37.80991938403845,35.05523715167507,31.809260557402673
Nicaragua,NIC,2014,17.60000038,116.506541177339,1.83646496195825,81.9,1958.37047579547,71.3924407958984,57.6222653742564,116.506541177339,38.81988299271114,37.80991938403845,35.05523715167507
Nicaragua,NIC,2015,19.70429993,118.127474523195,1.89136628724316,83.2,2074.45620634731,71.3924407958984,57.8149881864705,118.127474523195,40.15511844174323,38.81988299271114,37.80991938403845
Nicaragua,NIC,2016,24.57180023,124.272855307825,2.84026129428402,83.9,2131.68704828322,71.3924407958984,58.0043880782023,124.272855307825,43.53252863945966,40.15511844174323,38.81988299271114
Nicaragua,NIC,2017,30.39999962,129.505649809198,3.32673076712995,84.6,2182.61380995674,71.3924407958984,58.1892567408822,129.505649809198,46.17439878436302,43.53252863945966,40.15511844174323
Nicaragua,NIC,2018,33.9129982,116.272405969925,3.00641554480569,85.2,2035.16549390507,71.3924407958984,58.3683858659405,116.272405969925,45.46433029341763,46.17439878436302,43.53252863945966
Nicaragua,NIC,2019,39.01079941,89.2772705280369,3.35640827391085,85.7,1958.62051528095,71.3924407958984,58.5405671448072,89.2772705280369,43.74188453344668,45.46433029341763,46.17439878436302
Nicaragua,NIC,2020,44.87490082,90.8140674248283,4.42253148272568,86.0,1938.44704754382,71.3924407958984,58.7045922689128,90.8140674248283,45.87248865545628,43.74188453344668,45.46433029341763
Nicaragua,NIC,2021,51.62039948,93.8165084237294,4.51379519532816,86.3,2138.38573878237,71.3924407958984,58.8592529296875,93.8165084237294,48.356909340478694,45.87248865545628,43.74188453344668
Nicaragua,NIC,2022,59.38000107,104.278484676229,5.00781944815467,86.5,2322.89069619459,71.3924407958984,58.9954376220703,104.278484676229,54.27178476941804,48.356909340478694,45.87248865545628
Nicaragua,NIC,2023,60.30120087,105.843136180202,5.43030503048751,88.3,2609.44491147975,70.1749572753906,59.1250953674316,105.843136180202,54.57281176682933,54.27178476941804,48.356909340478694
Nicaragua,NIC,2024,61.39550018,105.961143065351,5.77624223916809,88.7,2847.87639497305,70.1749572753906,59.2628402709961,105.961143065351,54.65298417949271,54.57281176682933,54.27178476941804
Netherlands,NLD,2004,68.52,90.1034399666958,19.5183532792721,100.0,40611.3414353091,116.909530639648,82.250953139759,90.1034399666958,83.40175506864034,74.80721537847546,71.54323338837881
Netherlands,NLD,2005,81.0,96.1634815625928,24.9002320580163,100.0,42165.396168388,117.553810119629,83.5048949725161,96.1634815625928,86.93307986261604,83.40175506864034,74.80721537847546
Netherlands,NLD,2006,83.7,104.863315130995,31.4796082807097,100.0,45123.5432406426,118.427619934082,84.6532280358545,104.863315130995,88.09422438082161,86.93307986261604,83.40175506864034
Netherlands,NLD,2007,85.82,116.657089917059,33.3124497886048,100.0,52100.7996285947,119.842338562012,85.4089231499726,116.657089917059,88.00050528168208,88.09422438082161,86.93307986261604
Netherlands,NLD,2008,87.42,124.279564732922,34.9756568223498,100.0,58246.7026905874,121.511627197266,85.6149582464487,124.279564732922,88.01624688585407,88.00050528168208,88.09422438082161
Netherlands,NLD,2009,89.63,120.767315086474,36.7354644977419,100.0,53172.0261581418,122.74600982666,86.2223179632671,120.767315086474,86.29781246306575,88.01624688585407,88.00050528168208
Netherlands,NLD,2010,90.72,114.356515784318,37.7372328275169,100.0,51305.7338533973,124.569526672363,87.3502790247129,114.356515784318,86.05621402113952,86.29781246306575,88.01624688585407
Netherlands,NLD,2011,91.4199957622284,117.673977365337,38.5614208058284,100.0,54701.7728030611,129.868103027344,88.0059204972573,117.673977365337,90.61617031887336,86.05621402113952,86.29781246306575
Netherlands,NLD,2012,92.859992359525,116.563841951798,39.3374146344405,100.0,50473.9442002689,111.448249816895,88.5342462391333,116.563841951798,90.70051836027366,90.61617031887336,86.05621402113952
Netherlands,NLD,2013,93.9564,114.73405856983,40.030499091092,100.0,52602.2860520766,111.448249816895,89.1749992370605,114.73405856983,86.51534265629522,90.70051836027366,90.61617031887336
Netherlands,NLD,2014,91.6666666666667,114.867279906758,40.2287973950107,100.0,53457.2234864322,111.448249816895,89.8364787097165,114.867279906758,86.89775991399726,86.51534265629522,90.70051836027366
Netherlands,NLD,2015,91.7241379310345,121.637501079209,41.0879703576802,100.0,45793.8135434697,114.137916564941,90.2787737214621,121.637501079209,89.53126149449689,86.89775991399726,86.51534265629522
Netherlands,NLD,2016,90.4109589041096,121.420358968335,41.9813942626003,100.0,46808.5291492503,112.994277954102,90.5803239452777,121.420358968335,89.31596692247777,89.53126149449689,86.89775991399726
Netherlands,NLD,2017,93.1972789115646,118.57673269471,42.0988982620643,100.0,49513.6817346384,115.225227355957,91.1219700676602,118.57673269471,86.04024459851121,89.31596692247777,89.53126149449689
Netherlands,NLD,2018,91.8918918918919,121.162164892591,42.5152457224727,100.0,53955.0770024266,114.50032043457,92.6062472401044,121.162164892591,90.27412710044312,86.04024459851121,89.31596692247777
Netherlands,NLD,2019,93.2885906040269,124.08833250929,42.5292659897442,100.0,53554.9007491475,114.804168701172,93.8898028856479,124.08833250929,89.17253801719995,90.27412710044312,86.04024459851121
Netherlands,NLD,2020,91.33333333,121.422728509042,42.6667277513049,100.0,53467.9277413737,136.284164428711,94.2532277765935,121.422728509042,87.45688425084278,89.17253801719995,90.27412710044312
Netherlands,NLD,2021,92.05298013,123.447849713072,42.9460563127039,100.0,60141.9880911492,135.962173461914,94.6294783220315,123.447849713072,87.75159689547847,87.45688425084278,89.17253801719995
Netherlands,NLD,2022,92.51968504,115.8205562749,43.5643185557355,100.0,59123.318556487,138.767501831055,94.9856177734136,115.8205562749,87.2957623969628,87.75159689547847,87.45688425084278
Netherlands,NLD,2023,97.00680272,125.272736960305,43.2644444744139,100.0,63515.6030780019,137.514724731445,95.3221682092129,125.272736960305,89.92850909841731,87.2957623969628,87.75159689547847
Netherlands,NLD,2024,97.00679779,128.538765867661,42.9782483069868,100.0,67465.3208126875,137.514724731445,95.6396517079336,128.538765867661,90.2695169872186,89.92850909841731,87.2957623969628
Norway,NOR,2004,77.69,98.5410115505158,14.6276914888311,100.0,57854.5698169407,114.047332763672,77.5684593888498,98.5410115505158,85.27582591104333,79.93107055624004,76.70168622414295
Norway,NOR,2005,81.99,102.840698194554,21.4432708272588,100.0,67358.3615969796,111.56275177002,77.8260148882032,102.840698194554,85.93631875778004,85.27582591104333,79.93107055624004
Norway,NOR,2006,82.55,104.4721010262,26.703950267933,100.0,75047.741700385,111.527641296387,78.0877227783203,104.4721010262,84.9885773284125,85.93631875778004,85.27582591104333
Norway,NOR,2007,86.93,106.978961607642,30.9463135563526,100.0,86600.2387607877,111.639923095703,78.4072502632828,106.978961607642,86.16149696490399,84.9885773284125,85.93631875778004
Norway,NOR,2008,90.57,109.293133681522,33.0829820928709,100.0,99001.5300678626,111.518058776855,78.7541006020666,109.293133681522,86.69018245935976,86.16149696490399,84.9885773284125
Norway,NOR,2009,92.08,110.89194579904,34.5487937244221,100.0,81939.726548458,111.068412780762,79.0570820210427,110.89194579904,85.33325696246789,86.69018245935976,86.16149696490399
Norway,NOR,2010,93.39,114.524452247645,35.2484740738801,100.0,90020.342257973,112.978569030762,79.245002746582,114.524452247645,86.43444558335383,85.33325696246789,86.69018245935976
Norway,NOR,2011,93.4899826515194,115.596284894229,36.0526456056247,100.0,103545.218988177,113.169883728027,79.311620451463,115.596284894229,90.14422375582714,86.43444558335383,85.33325696246789
Norway,NOR,2012,94.6499780533304,115.523573177259,37.0178249972402,100.0,104627.93694681,112.176536560059,79.4905925441617,115.523573177259,90.314503962535,90.14422375582714,86.43444558335383
Norway,NOR,2013,95.0534,112.045532746838,37.6116803448105,100.0,106333.138368566,114.515380859375,79.9723980455359,112.045532746838,85.81880868345891,90.314503962535,90.14422375582714
Norway,NOR,2014,96.3005098242892,111.690088069926,38.4850493294753,100.0,100410.020200979,113.448226928711,80.6117159535579,111.690088069926,87.70192228251364,85.81880868345891,90.314503962535
Norway,NOR,2015,96.810325691365,110.118346262292,39.5096431037131,100.0,77220.9524311414,115.210121154785,81.2378240971353,110.118346262292,89.28101307575812,87.70192228251364,85.81880868345891
Norway,NOR,2016,97.2982036675068,109.426806771527,40.2402948978253,100.0,73222.4006864905,116.611267089844,81.6800003051758,109.426806771527,89.66420114272978,89.28101307575812,87.70192228251364
Norway,NOR,2017,96.3576012951191,108.392640087689,41.0328263217001,100.0,78771.2151264554,117.301460266113,81.9699745912375,108.392640087689,85.419768557064,89.66420114272978,89.28101307575812
Norway,NOR,2018,96.4916579887094,107.702543341632,41.5279365452303,100.0,85579.0776455494,117.714706420898,82.2452112401723,107.702543341632,89.72806100013607,85.419768557064,89.66420114272978
Norway,NOR,2019,98.0000043853142,108.00526578567,42.2722351352817,100.0,79329.3075190012,119.421340942383,82.4935894878281,108.00526578567,88.52960134250057,89.72806100013607,85.419768557064
Norway,NOR,2020,94.60755647,108.296844518424,44.3863056613216,100.0,71057.5879471399,119.941543579102,82.7029885700532,108.296844518424,87.46658430057995,88.52960134250057,89.72806100013607
Norway,NOR,2021,99.0000036,109.585637519783,44.9392216218255,100.0,96442.5552173002,119.816871643066,82.8612877226956,109.585637519783,89.12009615062985,87.46658430057995,88.52960134250057
Norway,NOR,2022,98.99997764,111.657196221742,45.6644653158508,100.0,113122.130765691,119.442527770996,82.9563661816034,111.657196221742,90.20740111860074,89.12009615062985,87.46658430057995
Norway,NOR,2023,99.00000258,109.654228618195,45.4377082628592,100.0,90984.4087141111,117.775093078613,83.0718560702166,109.654228618195,88.870959269504,90.20740111860074,89.12009615062985
Norway,NOR,2024,99.0,109.348606513576,45.1633056345554,100.0,89888.9535204758,116.254272460938,83.3293737928469,109.348606513576,88.47627986835644,88.870959269504,90.20740111860074
Nepal,NPL,2004,0.449843651215974,0.448858608116278,,37.2,279.587750044428,42.0749092102051,41.6109470808194,0.448858608116278,9.09278747578695,9.79392878396481,9.108732314089165
Nepal,NPL,2005,0.82655126590551,0.864008677031659,,46.1,309.024168339372,45.098201751709,45.5065633424317,0.864008677031659,11.61639568751467,9.09278747578695,9.79392878396481
Nepal,NPL,2006,1.14138916388191,4.35566906985301,0.00362501258684926,51.2,340.431796437968,42.5181617736816,49.5059100328759,4.35566906985301,10.923221872544676,11.61639568751467,9.09278747578695
Nepal,NPL,2007,1.41,12.2026092398184,0.0409018917526227,52.6,385.449767660642,42.0970306396484,53.3827400058951,12.2026092398184,12.3362392294852,10.923221872544676,11.61639568751467
Nepal,NPL,2008,1.73,15.5612976743974,0.0444608504982783,56.0,464.817391891529,48.0189094543457,56.9108061152324,15.5612976743974,13.749597311302747,12.3362392294852,10.923221872544676
Nepal,NPL,2009,1.97,20.6008640551193,0.062849070779175,59.3,473.078751198621,49.2625999450684,59.8638612146309,20.6008640551193,15.103963057200499,13.749597311302747,12.3362392294852
Nepal,NPL,2010,7.93,33.6316953522558,0.220090357850091,68.6,585.278491984574,55.5892906188965,62.0156581578338,33.6316953522558,21.09461931168358,15.103963057200499,13.749597311302747
Nepal,NPL,2011,9.0,48.6245149828721,0.34464862159849,67.3,785.518656222132,58.9935111999512,63.139949798584,48.6245149828721,23.106805386004922,21.09461931168358,15.103963057200499
Nepal,NPL,2012,11.14929962,60.3184066484316,0.837547528292715,75.2,788.202937148377,63.1414794921875,63.6558406194333,60.3184066484316,26.981813402844733,23.106805386004922,21.09461931168358
Nepal,NPL,2013,13.30000019,77.4276625484107,1.12887656815898,77.4,803.269595420477,65.4935302734375,64.1314570156048,77.4276625484107,30.362200188112,26.981813402844733,23.106805386004922
Nepal,NPL,2014,15.43999958,83.1925129650984,0.905603676157843,84.9,821.455224911731,67.5318298339844,64.5640847098488,83.1925129650984,33.33646092373998,30.362200188112,26.981813402844733
Nepal,NPL,2015,17.58160019,98.8945582907248,1.0879421947439,82.0,875.543635474862,68.6131210327148,64.9510094249155,98.8945582907248,35.852465110223136,33.33646092373998,30.362200188112
Nepal,NPL,2016,20.70000076,114.89813690076,0.801932731428298,90.7,877.256454696737,71.7744979858398,65.2895168835553,114.89813690076,41.155421017653,35.852465110223136,33.33646092373998
Nepal,NPL,2017,24.3,128.863887512657,1.79644198771794,86.6,1034.28374906846,74.4113311767578,65.5768928085184,128.863887512657,43.48624203229906,41.155421017653,35.852465110223136
Nepal,NPL,2018,28.60000038,139.525943467536,2.82040516901736,93.9,1179.19843190389,74.4113311767578,65.8104229225551,139.525943467536,48.56893111108036,43.48624203229906,41.155421017653
Nepal,NPL,2019,33.33660126,136.186080245332,3.62848482357188,89.9,1203.14294706401,80.2800521850586,65.9873929484157,136.186080245332,49.668404524037655,48.56893111108036,43.48624203229906
Nepal,NPL,2020,36.96530151,131.921020414772,4.38436385331589,89.9,1154.21517578318,85.3101577758789,66.1050886088505,131.921020414772,49.65152549678669,49.668404524037655,48.56893111108036
Nepal,NPL,2021,40.98910141,129.645418271275,4.30873475530627,89.9,1252.75076731986,83.9220209713597,66.144235274522,129.645418271275,50.56579766142883,49.65152549678669,49.668404524037655
Nepal,NPL,2022,45.45080185,121.1144874334,8.51809813593178,91.3,1385.91066002922,84.1026475876285,66.2992968721053,121.1144874334,53.20273392732121,50.56579766142883,49.65152549678669
Nepal,NPL,2023,45.80680084,117.759577544938,10.6751345547041,94.0,1382.38300895424,89.8898815141438,66.5432933453944,117.759577544938,53.54934145548697,53.20273392732121,50.56579766142883
Nepal,NPL,2024,46.32189941,99.8471420273964,10.0656152054494,97.9,1460.28237984149,90.3878462155916,66.772343163029,99.8471420273964,50.62270224127781,53.54934145548697,53.20273392732121
Naoero,NRU,2019,74.73789978,86.3036161215155,,100.0,10801.7705659635,86.1130981445312,100.0,86.3036161215155,74.79773512494432,68.83613248028688,63.87473822384675
Naoero,NRU,2020,77.46659851,85.8885167053165,,100.0,10709.068810538,80.2433776855469,100.0,85.8885167053165,75.64556777663392,74.79773512494432,68.83613248028688
Naoero,NRU,2021,80.29499817,85.404389785635,,100.0,12748.1701249353,80.2433776855469,100.0,85.404389785635,75.81143283041392,75.64556777663392,74.79773512494432
Naoero,NRU,2022,83.22660065,87.1705787645115,9.95678332344717,100.0,15309.8345351924,92.7814636230469,100.0,87.1705787645115,66.71483828526596,75.81143283041392,75.64556777663392
Naoero,NRU,2023,83.03970337,87.1705787645115,,100.0,13602.6372112893,90.1002502441406,100.0,,87.8195146457459,66.71483828526596,75.81143283041392
Naoero,NRU,2024,83.01170349,87.1705787645115,,100.0,14048.163961344,91.5133521769495,100.0,,87.60937051800238,87.8195146457459,66.71483828526596
New Zealand,NZL,2004,61.8476278106481,74.120144665284,4.6939085337336,100.0,25420.234882944,115.379913330078,85.9017708294597,74.120144665284,65.67720412573063,61.91652217516226,62.568894189447484
New Zealand,NZL,2005,62.72019958,85.3686583843752,7.7629856491174,100.0,27751.0654708859,119.563697814941,85.9299325780946,85.3686583843752,65.45949596345417,65.67720412573063,61.91652217516226
New Zealand,NZL,2006,69.0,90.9216774989598,11.2435855129438,100.0,26654.5932018985,117.906547546387,85.9356841665703,90.9216774989598,68.89136820655693,65.45949596345417,65.67720412573063
New Zealand,NZL,2007,69.76000214,100.66159697258,20.1981120772407,100.0,32479.9817381467,119.56844329834,85.9291840664852,100.66159697258,73.01421481818696,68.89136820655693,65.45949596345417
New Zealand,NZL,2008,72.02999878,108.404288867865,21.468765486327,100.0,31324.7397977102,118.054237365723,85.9144723093505,108.404288867865,74.07153205928041,73.01421481818696,68.89136820655693
New Zealand,NZL,2009,79.7,109.193030975507,23.7514590047543,100.0,28276.7255416225,125.807861328125,85.8918345477824,109.193030975507,76.33612420714095,74.07153205928041,73.01421481818696
New Zealand,NZL,2010,80.45999908,108.331397475027,25.1163240005796,100.0,33761.9009639947,119.128967285156,85.8614043258228,108.331397475027,76.82874359708956,76.33612420714095,74.07153205928041
New Zealand,NZL,2011,81.23000336,109.977867524585,26.8784082871289,100.0,38425.829997974,118.256721496582,85.8233151875134,109.977867524585,80.25939640147396,76.82874359708956,76.33612420714095
New Zealand,NZL,2012,81.644470179502,111.567576585407,28.8325797270697,100.0,40041.7524816244,116.826477050781,85.777700676896,111.567576585407,80.8117405052738,80.25939640147396,76.82874359708956
New Zealand,NZL,2013,82.77999878,107.008519144444,29.5474635321209,100.0,42984.9571801167,115.650527954102,85.7080129786455,107.008519144444,77.40143946996717,80.8117405052738,80.25939640147396
New Zealand,NZL,2014,84.0,112.757443483648,31.1741167278321,100.0,44599.8992733675,116.084312438965,85.5076659530411,112.757443483648,80.1200989542114,77.40143946996717,80.8117405052738
New Zealand,NZL,2015,85.19999695,121.368981425995,31.4454027055313,100.0,38648.7302562109,114.889991760254,85.1518763760531,121.368981425995,82.94539276771332,80.1200989542114,77.40143946996717
New Zealand,NZL,2016,86.5,129.380648472778,32.4618168012438,100.0,40088.3205470499,113.687911987305,84.691365594,129.380648472778,85.08123551643763,82.94539276771332,80.1200989542114
New Zealand,NZL,2017,87.69999695,132.980049668049,32.8917841600814,100.0,42912.1537002148,112.943313598633,84.1701025874108,132.980049668049,83.04964080365653,85.08123551643763,82.94539276771332
New Zealand,NZL,2018,89.0,128.936896010016,33.6193927294608,100.0,43204.1305124872,112.411079406738,83.8017846685577,128.936896010016,86.50102886844105,83.04964080365653,85.08123551643763
New Zealand,NZL,2019,89.86370087,120.475335425902,34.0227878966682,100.0,42872.2681243427,120.266319274902,83.804965871667,120.475335425902,84.0338505167274,86.50102886844105,83.04964080365653
New Zealand,NZL,2020,90.92099762,123.000574962598,34.8130286721914,100.0,42054.6743136586,116.893188476562,83.8138977095908,123.000574962598,84.66025453289213,84.0338505167274,86.50102886844105
New Zealand,NZL,2021,91.99060059,114.454714130458,35.262820014578,100.0,49902.154346032,117.595428466797,83.8299382585905,114.454714130458,83.40978955034097,84.66025453289213,84.0338505167274
New Zealand,NZL,2022,93.07289886,115.984187800849,36.3044927893768,100.0,49141.6316294227,114.774932861328,83.8547305017812,115.984187800849,84.93023156576334,83.40978955034097,84.66025453289213
New Zealand,NZL,2023,93.32610321,126.854978584281,37.8530848455277,100.0,49302.341876493,113.395988464355,83.8898991461229,126.854978584281,86.67875770118397,84.93023156576334,83.40978955034097
New Zealand,NZL,2024,93.51930237,130.093457083544,38.048298946057,100.0,49432.3626396797,114.231056213379,83.9370658833132,130.093457083544,87.25198464020494,86.67875770118397,84.93023156576334
Oman,OMN,2004,6.75885217024525,32.9697156061479,0.0273152875240696,100.0,11800.8507411171,83.6306076049805,71.5428923484265,32.9697156061479,28.77420879348902,27.66929047581753,27.22155277724296
Oman,OMN,2005,6.683599949,53.0900734335198,0.527227266410247,99.9,14434.8577924647,87.4191207885742,71.8577803438712,53.0900734335198,30.43734289707843,28.77420879348902,27.66929047581753
Oman,OMN,2006,8.299699783,70.445349777081,0.77748475447911,99.9,16930.8565071853,89.8000335693359,72.3920261203777,70.445349777081,33.388602024699495,30.43734289707843,28.77420879348902
Oman,OMN,2007,16.68,94.0854853192772,0.759345134914823,100.0,18792.653772482,92.0884475708008,73.0679250158092,94.0854853192772,40.13703402549486,33.388602024699495,30.43734289707843
Oman,OMN,2008,20.0,117.026255896571,1.1794778773833,100.0,26576.779241509,93.2216796875,73.807772368029,117.026255896571,44.73640737506173,40.13703402549486,33.388602024699495
Oman,OMN,2009,26.79999924,138.049590673204,1.43005355008334,100.0,20655.9180249218,98.9851303100586,74.5338635149003,138.049590673204,50.309325070258204,44.73640737506173,40.13703402549486
Oman,OMN,2010,35.8278,151.446094177944,1.92527603755334,100.0,23570.1798147325,98.9851303100586,75.1579724666274,150.0,55.89118980469302,50.309325070258204,44.73640737506173
Oman,OMN,2011,48.0,147.926430004786,2.40585671100437,100.0,25188.0074151885,114.451620751396,75.6585803514688,147.926430004786,60.84626225512459,55.89118980469302,50.309325070258204
Oman,OMN,2012,60.0,150.873277494269,3.23965295885197,100.0,24642.2978768596,110.750350631136,76.088156621068,150.0,66.20259207051075,60.84626225512459,55.89118980469302
Oman,OMN,2013,66.45,149.208910100547,4.0982191379848,100.0,23458.0233840053,109.168488109249,76.4914234214313,149.208910100547,68.59853910591521,66.20259207051075,60.84626225512459
Oman,OMN,2014,70.22000122,153.806036858807,4.39661208861608,100.0,23160.6502252547,109.168488109249,76.8892576748951,150.0,70.10752065226478,68.59853910591521,66.20259207051075
Oman,OMN,2015,73.52999878,155.756104259601,5.46554909512887,100.0,18808.3077921839,101.932699190524,77.3025363037955,150.0,71.98975332951287,70.10752065226478,68.59853910591521
Oman,OMN,2016,76.8453904741456,153.291455497041,6.3548355193171,100.0,17110.1897460545,102.304902141834,77.7521362304688,150.0,73.72799389166255,71.98975332951287,70.10752065226478
Oman,OMN,2017,80.18560028,148.821627766224,7.47816940167101,100.0,17820.0661809335,101.678019833334,78.3142260040136,148.821627766224,74.24082218061147,73.72799389166255,71.98975332951287
Oman,OMN,2018,85.5,139.96741643208,9.171272567174,100.0,19901.7615642016,103.951581913667,78.9655839720276,139.96741643208,76.41463364354367,74.24082218061147,73.72799389166255
Oman,OMN,2019,90.25939941,138.232111508042,10.2442069785858,100.0,19180.1864152801,102.141469011215,79.5780017545962,138.232111508042,78.09579653061687,76.41463364354367,74.24082218061147
Oman,OMN,2020,95.23229321,140.378600753095,11.3829602598706,100.0,16784.8630630058,94.5432460924967,80.0176378922722,140.378600753095,80.63279690777509,78.09579653061687,76.41463364354367
Oman,OMN,2021,95.23880005,135.076972756826,11.5852955507366,100.0,19403.4600160211,94.287268445183,80.1239942103569,135.076972756826,79.65905994100672,80.63279690777509,78.09579653061687
Oman,OMN,2022,95.24530029,136.800571561762,10.8833264083829,100.0,23223.5829405935,91.9645458184777,80.0117053152301,136.800571561762,79.86247652235417,79.65905994100672,80.63279690777509
Oman,OMN,2023,95.25170135,122.291457994634,10.8793321668994,100.0,21027.7384572657,91.9645458184777,79.5702973228932,122.291457994634,77.06774020381428,79.86247652235417,79.65905994100672
Oman,OMN,2024,95.25174678,120.61105087402,11.0647690464367,100.0,20285.2272765262,95.1220397949219,79.4440302814714,120.61105087402,76.6125042516036,77.06774020381428,79.86247652235417
Pakistan,PAK,2004,6.16432098534156,2.93246850297164,,77.0,771.902247348954,21.7634296417236,33.7441369568158,2.93246850297164,23.33028711200545,22.17309914696072,20.516679205862904
Pakistan,PAK,2005,6.332300186,7.27897930988006,0.00832130676524748,78.1,827.619861189926,22.6038208007812,33.9190062789495,7.27897930988006,19.30048605898417,23.33028711200545,22.17309914696072
Pakistan,PAK,2006,6.5,19.204163183443,0.0148099964442874,79.1,900.873564984808,27.2463207244873,34.0931793866356,19.204163183443,21.049263912038025,19.30048605898417,23.33028711200545
Pakistan,PAK,2007,6.800000191,34.0699285601432,0.0244740686448274,80.2,998.090114197524,29.0634307861328,34.2683067336065,34.0699285601432,23.33085925271277,21.049263912038025,19.30048605898417
Pakistan,PAK,2008,7.0,46.448630078812,0.0886980405021738,81.4,1067.04324565284,29.1768093109131,34.4460387735948,46.448630078812,25.37435971239041,23.33085925271277,21.049263912038025
Pakistan,PAK,2009,7.5,48.5357095625545,0.201479567487298,82.5,963.788066395225,29.0589694976807,34.6280259603331,48.5357095625545,26.012465884420013,25.37435971239041,23.33085925271277
Pakistan,PAK,2010,8.0,49.7823320746962,0.396251142478111,87.1,987.304571124485,29.2962900661933,34.8159187475539,49.7823320746962,27.25870017345664,26.012465884420013,25.37435971239041
Pakistan,PAK,2011,8.0,53.4461944087116,0.572428723960877,87.8,1131.73513834324,29.7271460529531,35.0113675889897,53.4461944087116,27.708102837815485,27.25870017345664,26.012465884420013
Pakistan,PAK,2012,8.100000381,57.8576108279055,0.730404005930164,88.6,1204.36475491585,30.6300201416016,35.2160229383731,57.8576108279055,28.083785134877964,27.708102837815485,27.25870017345664
Pakistan,PAK,2013,9.0,60.5177801689984,0.77134330599483,89.3,1225.4340119198,31.544819132504,35.4315352494366,60.5177801689984,28.48196227690749,28.083785134877964,27.708102837815485
Pakistan,PAK,2014,10.0,63.3618438229803,0.93747803388209,90.1,1266.61340849959,32.6573427323505,35.6595549759128,63.3618438229803,29.2901471180161,28.48196227690749,28.083785134877964
Pakistan,PAK,2015,11.0,57.9405984557576,0.825252755772547,91.0,1380.47020838317,34.6741466548496,35.9017325715342,57.9405984557576,28.85008674709197,29.2901471180161,28.48196227690749
Pakistan,PAK,2016,12.385446763381,62.0013242640944,1.13034740811719,91.8,1424.69161195897,35.8643246680809,36.1597184900333,62.0013242640944,30.186344065614783,28.85008674709197,29.2901471180161
Pakistan,PAK,2017,13.77999973,64.7301783284032,1.03818686573522,92.7,1519.23459514248,35.3224248744451,36.4351548223399,64.7301783284032,30.228202000469604,30.186344065614783,28.85008674709197
Pakistan,PAK,2018,15.34000015,67.8567658982797,0.952870734503035,93.4,1569.33814626355,37.1466063259079,36.7478511550359,67.8567658982797,31.192807879063118,30.228202000469604,30.186344065614783
Pakistan,PAK,2019,17.070901719916,71.6660323753765,0.881514330669917,93.9,1390.41690981745,38.7511552822907,37.1091631735769,71.6660323753765,32.8027603363616,31.192807879063118,30.228202000469604
Pakistan,PAK,2020,18.935,74.7332166629945,1.03954036154268,94.5,1278.39735206896,38.7511552822907,37.5080192948099,74.7332166629945,32.94968991521977,32.8027603363616,31.192807879063118
Pakistan,PAK,2024,57.253,76.8544559649986,1.46559368502535,95.7,1479.47755241191,48.2805022055997,39.1734368360905,76.8544559649986,47.67498594014486,32.94968991521977,32.8027603363616
Panama,PAN,2004,11.1408625409415,38.753858244224,0.515078487491368,83.4,4644.56582353041,67.365348815918,63.7553758418416,38.753858244224,28.783612730949628,26.3400959195111,24.20636169960448
Panama,PAN,2005,11.48400021,52.7837692792028,0.530240330139275,84.1,5017.7410922824,67.5274200439453,64.0721934428526,52.7837692792028,29.342744569301292,28.783612730949628,26.3400959195111
Panama,PAN,2006,17.34959984,64.4277196251049,3.34036143150389,84.8,5528.76705469354,67.3454132080078,64.355408255933,64.4277196251049,34.89470986471453,29.342744569301292,28.783612730949628
Panama,PAN,2007,22.29,87.5823638759676,4.37188180911072,85.5,6317.81730274124,67.6976089477539,64.6019807394311,87.5823638759676,40.34084945683537,34.89470986471453,29.342744569301292
Panama,PAN,2008,33.82,111.843464410018,5.60439095847397,86.3,7347.59050324397,68.7568283081055,64.8088713516952,111.843464410018,49.00502965531454,40.34084945683537,34.89470986471453
Panama,PAN,2009,39.08,170.202988962179,6.57564384952114,87.0,7796.92617035048,70.2938766479492,64.9730405510737,150.0,56.1930433472086,49.00502965531454,40.34084945683537
Panama,PAN,2010,40.1,183.168909766614,7.11835492836641,86.8,8331.46421351868,71.9136975816467,65.0926097647906,150.0,56.58870087517684,56.1930433472086,49.00502965531454
Panama,PAN,2011,42.7,182.358735130993,7.65784803323672,88.6,9662.29592216607,71.7412201114851,65.1896678664818,150.0,58.73734915047068,56.58870087517684,56.1930433472086
Panama,PAN,2012,40.3018952210488,165.287067441004,7.84035458080003,89.3,11064.8063606203,71.7412201114851,65.2829468288151,150.0,57.69575616429462,58.73734915047068,56.58870087517684
Panama,PAN,2013,44.03,162.198754669206,8.03240714720224,89.1,12273.3225037637,76.4041290283203,65.3709770103365,150.0,58.317976944819804,57.69575616429462,58.73734915047068
Panama,PAN,2014,44.9238152577893,177.438612204565,7.96651988219216,90.8,13213.1989637473,76.0406265258789,65.4531164770096,150.0,59.077462414860946,58.317976944819804,57.69575616429462
Panama,PAN,2015,51.2054249948687,144.996925532224,7.98396983865042,91.6,14082.6548502728,76.5946807861328,65.5287232947981,144.996925532224,61.307667959313434,59.077462414860946,58.317976944819804
Panama,PAN,2016,54.0,127.61623852159,10.6706831276374,92.4,14832.3611608191,82.601448059082,65.5971555296656,127.61623852159,61.09116376448646,61.307667959313434,59.077462414860946
Panama,PAN,2017,59.9506309038683,128.825871183278,10.76346760088,93.7,15694.6297454295,76.5998992919922,65.6577712475758,128.825871183278,62.53893749861714,61.09116376448646,61.307667959313434
Panama,PAN,2018,61.8055313202468,137.297557979395,12.9615678069801,93.8,16151.3273478476,76.5998992919922,65.7099285144924,137.297557979395,66.37104455412373,62.53893749861714,61.09116376448646
Panama,PAN,2019,63.6284147731451,137.570004959029,12.648617375493,93.9,16477.9066285687,76.5998992919922,65.752985396379,137.570004959029,66.59401387055419,66.37104455412373,62.53893749861714
Panama,PAN,2020,64.82430267,142.283080390407,13.8346818420776,95.3,13290.5608347594,76.5998992919922,65.7862999591993,142.283080390407,67.78596225844966,66.59401387055419,66.37104455412373
Panama,PAN,2021,66.04270172,147.899862038176,14.8381106018887,95.3,15509.8069109784,76.5998992919922,65.8092302689169,147.899862038176,69.43227585323002,67.78596225844966,66.59401387055419
Panama,PAN,2022,67.2838974,152.062171804817,16.3861439797054,95.0,17378.6070083597,76.5998992919922,65.8211343914956,150.0,70.72573453329315,69.43227585323002,67.78596225844966
Panama,PAN,2023,68.54851592,156.586507591014,18.1341265585334,97.0,18797.1933894611,76.5998992919922,65.8601271176084,150.0,72.25860631891601,70.72573453329315,69.43227585323002
Panama,PAN,2024,72.77149963,156.586507591014,,96.0,19161.218843129,76.5998992919922,65.9958447685488,,78.60090209895145,72.25860631891601,70.72573453329315
Peru,PER,2004,14.1,14.6938463366794,0.817206833645756,75.7,2397.25147277714,81.8064575195312,74.3769516383133,14.6938463366794,24.805170340655764,22.395035961580724,21.066181271477813
Peru,PER,2005,17.10000038,19.8687599595462,1.25482986835428,77.2,2706.66947297608,82.8499298095703,74.8162354830832,19.8687599595462,26.59585836529761,24.805170340655764,22.395035961580724
Peru,PER,2006,20.70000076,32.1982838102898,1.71194250233835,80.2,3129.55996496982,85.8261795043945,75.2766672012397,32.1982838102898,30.273768966268026,26.59585836529761,24.805170340655764
Peru,PER,2007,25.20000076,54.0373967003052,1.99861209148784,82.0,3581.0893081917,88.9029235839844,75.7615250588738,54.0373967003052,35.38048205659111,30.273768966268026,26.59585836529761
Peru,PER,2008,30.57,72.9545042955996,2.52641792600247,84.7,4197.58444634142,90.2652816772461,76.2744879116779,72.9545042955996,40.889593625091436,35.38048205659111,30.273768966268026
Peru,PER,2009,31.4,85.4778092987493,2.86420186642741,86.4,4181.18755462253,93.8280029296875,76.822147540745,85.4778092987493,42.917527450185545,40.889593625091436,35.38048205659111
Peru,PER,2010,34.77,100.100151210105,3.20601798410432,88.1,5072.11494019615,96.13037109375,77.4020936833934,100.100151210105,46.62327139677358,42.917527450185545,40.889593625091436
Peru,PER,2011,36.01,110.774364366799,4.13514688702456,89.7,5861.35793645245,97.5231475830078,78.0118164985462,110.774364366799,49.30191396555638,46.62327139677358,42.917527450185545
Peru,PER,2012,38.2,99.4508054485687,4.88245729342236,91.1,6519.37852981527,96.4381103515625,78.6488061451268,99.4508054485687,48.83000040918181,49.30191396555638,46.62327139677358
Peru,PER,2013,39.2,99.9174254916985,5.40886840560537,92.1,6746.80025696601,101.583869934082,79.3105527820586,99.9174254916985,48.85554445054161,48.83000040918181,49.30191396555638
Peru,PER,2014,40.2446560091704,105.858105967274,5.86753622497354,92.9,6667.13410360861,99.8733825683594,79.9945465682649,105.858105967274,50.355249018452874,48.85554445054161,48.83000040918181
Peru,PER,2015,40.8526009090468,112.404818501786,6.56472932864047,93.9,6231.71150338894,100.251571655273,80.698277662669,112.404818501786,52.124678056471524,50.355249018452874,48.85554445054161
Peru,PER,2016,45.4617406869459,119.654538672257,6.87075765715407,94.2,6217.03599995447,102.150123596191,81.4192362241943,119.654538672257,55.240662832767924,52.124678056471524,50.355249018452874
Peru,PER,2017,50.4504121848143,124.232520236388,7.37507987722252,94.8,6736.16693725487,101.044578552246,82.1931650502403,124.232520236388,57.05094596932173,55.240662832767924,52.124678056471524
Peru,PER,2018,55.0543342443197,132.156626658621,8.09510839441633,95.2,6978.49121548627,99.8580093383789,82.6854929960921,132.156626658621,61.010273764006996,57.05094596932173,55.240662832767924
Peru,PER,2019,59.9505036049006,122.790350843591,7.38778580236377,95.6,7037.00803692604,99.5297164916992,83.1033003087105,122.790350843591,61.19457222684465,61.010273764006996,57.05094596932173
Peru,PER,2020,65.25179796,119.854099046125,8.41186520281526,96.2,6133.32552410183,100.138702392578,83.5267437189637,119.854099046125,62.74379389129108,61.19457222684465,61.010273764006996
Peru,PER,2021,71.10782643,129.993736857913,9.05771410333768,95.6,6828.53422535638,101.589141845703,83.9480118272361,129.993736857913,66.54698057018805,62.74379389129108,61.19457222684465
Peru,PER,2022,74.67495213,124.119322949561,9.45023631953673,96.2,7353.74598721667,103.591468811035,84.3663554951194,124.119322949561,67.68419160034674,66.54698057018805,62.74379389129108
Peru,PER,2023,79.48484477,121.975084691173,10.4364266723222,96.2,7919.04634828547,111.395393371582,84.7810255849745,121.975084691173,69.20089584681577,67.68419160034674,66.54698057018805
Peru,PER,2024,81.95705992,124.623544414599,11.6788671222106,96.5,8526.29665719783,108.289047241211,85.1912729600355,124.623544414599,70.92823549035805,69.20089584681577,67.68419160034674
Philippines,PHL,2004,5.2436284521711,38.1226507186152,0.103015812209536,87.6,1099.63013023758,78.5408630371094,40.8507057988121,38.1226507186152,26.406596561942088,22.041297293328014,20.987139635505393
Philippines,PHL,2005,5.397600174,39.5144178507076,0.139747379003822,79.8,1220.46018559867,78.3063812255859,41.3297701258519,39.5144178507076,23.616623298413394,26.406596561942088,22.041297293328014
Philippines,PHL,2006,5.74058632534702,47.8934159750173,0.29609317661134,80.2,1426.14649179546,76.9573211669922,41.8308558715226,47.8934159750173,24.92152074397915,23.616623298413394,26.406596561942088
Philippines,PHL,2007,5.97,62.9642592871402,0.544770790690909,82.0,1712.65543282793,77.0709991455078,42.3470499959497,62.9642592871402,27.428181800707563,24.92152074397915,23.616623298413394
Philippines,PHL,2008,6.22,73.4820194307183,1.12807573795623,83.3,1959.29233534978,78.008903503418,43.1547492407016,73.4820194307183,29.425994642821472,27.428181800707563,24.92152074397915
Philippines,PHL,2009,9.0,80.083961042229,1.82488815665749,84.3,1864.45043406471,80.1762771606445,44.3356772609527,80.083961042229,31.77765688789292,29.425994642821472,27.428181800707563
Philippines,PHL,2010,25.0,86.3116249317177,,85.5,2162.91375885614,80.1762771606445,45.5208176726647,86.3116249317177,48.7574039129482,31.77765688789292,29.425994642821472
Philippines,PHL,2011,29.0,95.8688282360909,1.82292647914606,87.2,2383.91892522087,80.1762771606445,46.6833632464759,95.8688282360909,42.79394257095578,48.7574039129482,31.77765688789292
Philippines,PHL,2012,30.79999924,101.799674355545,2.14283906030847,87.1,2614.61644401308,80.1762771606445,47.9182784810426,101.799674355545,44.06009755045575,42.79394257095578,48.7574039129482
Philippines,PHL,2013,32.70000076,100.732033524401,2.52046664370868,87.5,2781.27957677397,80.1762771606445,49.1313688766206,100.732033524401,44.38269127178301,44.06009755045575,42.79394257095578
Philippines,PHL,2014,34.70000076,107.284498472686,2.79471929116667,89.8,2866.83803761407,81.5640314318642,50.2392400212368,107.284498472686,46.50971954451441,44.38269127178301,44.06009755045575
Philippines,PHL,2015,36.90000153,111.893197374926,2.75369633406674,89.1,2909.85818010301,82.0085254812081,51.1549047745227,111.893197374926,47.88791054528386,46.50971954451441,44.38269127178301
Philippines,PHL,2016,39.20000076,112.517998777897,2.79705053563184,92.0,2985.19564024046,82.7837574272484,51.9114748151175,112.517998777897,49.49723136692854,47.88791054528386,46.50971954451441
Philippines,PHL,2017,41.59999847,110.962137119646,3.14400726239576,93.0,3038.12124959289,80.9227600097656,52.6010482354344,110.962137119646,49.60799461265462,49.49723136692854,47.88791054528386
Philippines,PHL,2018,44.09999847,122.960456861544,3.46090446005956,94.2,3168.51036609727,79.3622469757001,53.2088897464754,122.960456861544,52.85832167544214,49.60799461265462,49.49723136692854
Philippines,PHL,2019,43.0266118680279,151.006642923206,5.69730703529922,95.3,3400.78949767074,85.3821865979599,53.7157859948017,150.0,57.733699500792454,52.85832167544214,49.60799461265462
Philippines,PHL,2020,53.76490021,133.45620905917,7.08108894988907,96.4,3227.57910235199,87.9419879481158,54.1077719895977,133.45620905917,59.48217621394025,57.733699500792454,52.85832167544214
Philippines,PHL,2021,66.90779877,144.424289981649,8.50897715713263,97.5,3484.38593882819,85.8666475631511,54.4504102510776,144.424289981649,67.40223698698179,59.48217621394025,57.733699500792454
Philippines,PHL,2022,75.21114422,147.428926406785,7.63946525096298,94.8,3548.06930572116,92.291271176651,54.7902343568327,147.428926406785,70.53305966067049,67.40223698698179,59.48217621394025
Philippines,PHL,2023,77.86699677,117.275521687262,6.5393085505183,98.0,3804.08274131718,91.5493424610693,55.1242716168851,117.275521687262,66.70558647910929,70.53305966067049,67.40223698698179
Philippines,PHL,2024,67.26300914,115.298749599352,7.13893301204977,94.8,3985.29464669706,85.2945085684493,55.4520983215477,115.298749599352,60.797874434838434,66.70558647910929,70.53305966067049
Palau,PLW,2004,26.9703326341025,19.7981836528759,0.373360242179617,98.1,8393.73029137235,98.1433486938477,76.445323887982,19.7981836528759,36.085353520303144,41.68650791412707,40.26013493884993
Palau,PLW,2022,82.56749725,135.142744523903,6.993637029112,100.0,13934.951996171,89.0526315789474,79.1134831712956,135.142744523903,72.73754589368349,36.085353520303144,41.68650791412707
Palau,PLW,2023,82.91629791,135.386698256896,7.33344615558188,100.0,15578.3497630733,97.286012526096,79.1531991438847,135.386698256896,72.7422630331259,72.73754589368349,36.085353520303144
Palau,PLW,2024,83.92549896,135.386698256896,,100.0,18169.0767165866,95.7270847691247,79.2095042878667,,88.27585883155595,72.7422630331259,72.73754589368349
Papua New Guinea,PNG,2012,3.5,33.5214610357872,0.113841801967236,17.5,2635.0873631547,37.0596555013801,13.0143796071362,33.5214610357872,7.77150845449617,7.145223363572123,6.665524852451972
Papua New Guinea,PNG,2013,5.099999905,36.1328329658624,0.136100337504748,17.8,2560.77458976327,37.0596555013801,13.0582475733094,36.1328329658624,8.262314219558066,7.77150845449617,7.145223363572123
Papua New Guinea,PNG,2014,6.5,39.4077931671023,0.154867030815371,18.1,2723.17529825196,37.0596555013801,13.1316404025265,39.4077931671023,9.006637223150946,8.262314219558066,7.77150845449617
Papua New Guinea,PNG,2015,7.900000095,40.7171432669286,0.171560996911216,18.4,2484.5963398603,37.0596555013801,13.2341359836319,40.7171432669286,9.50374207001354,9.006637223150946,8.262314219558066
Papua New Guinea,PNG,2016,9.601499557,42.2017296237172,0.189695770386883,13.5,2316.39479758492,37.0596555013801,13.3653651942392,42.2017296237172,9.166444590227869,9.50374207001354,9.006637223150946
Papua New Guinea,PNG,2017,11.20919991,43.775195523033,0.196105903288849,19.2,2477.76530986323,37.0596555013801,13.5249644881888,43.775195523033,10.301785875206576,9.166444590227869,9.50374207001354
Papua New Guinea,PNG,2018,12.35789967,45.7713986877234,,16.6,2566.36833735041,44.5501121213216,13.7125720532162,45.7713986877234,12.227404751308834,10.301785875206576,9.166444590227869
Papua New Guinea,PNG,2019,13.62419987,47.1952885885227,0.208137987159968,23.6,2575.77274140393,46.2668456486691,13.9278267446947,47.1952885885227,12.254839092737454,12.227404751308834,10.301785875206576
Papua New Guinea,PNG,2020,15.02040005,49.0843996981992,0.213941966305974,20.5,2429.61134585269,44.5528199220061,14.1703677185729,49.0843996981992,10.752709147399194,12.254839092737454,12.227404751308834
Papua New Guinea,PNG,2021,16.55960083,48.1179470954257,0.209729532794508,20.9,2607.97769973161,45.848952374731,14.4398342822353,48.1179470954257,9.47145758700653,10.752709147399194,12.254839092737454
Papua New Guinea,PNG,2022,18.25659943,49.1906681149749,0.214639196900492,19.0,3102.29409730005,45.848952374731,14.7358658260841,49.1906681149749,11.296482378292168,9.47145758700653,10.752709147399194
Papua New Guinea,PNG,2023,18.56130028,34.0588961979896,0.228111959659795,20.5,2966.06455045333,52.0929750873194,15.0581017891206,34.0588961979896,7.002799990237402,11.296482378292168,9.47145758700653
Papua New Guinea,PNG,2024,18.81159973,38.7651796406789,0.232591077844073,43.3,2912.4914068385,52.0929750873194,15.4061816403333,38.7651796406789,11.459386746940474,7.002799990237402,11.296482378292168
Poland,POL,2004,32.53,60.5122720407785,2.29478836117739,99.9,6711.72715262967,98.4879837036133,61.6555172559989,60.5122720407785,47.475354418377975,40.01701479165893,37.8440078923706
Poland,POL,2005,38.81,76.5032553054831,2.47914595540035,99.8,8043.92332253757,101.085952758789,61.5497010774856,76.5032553054831,49.64953862263478,47.475354418377975,40.01701479165893
Poland,POL,2006,44.58,96.5178030922982,7.64660563202594,99.8,9068.85528307627,100.597557067871,61.4199688499096,96.5178030922982,56.751780017411114,49.64953862263478,47.475354418377975
Poland,POL,2007,48.6,108.859325887002,10.9783187303476,99.8,11272.5293683383,100.348258972168,61.2756005207604,108.859325887002,60.67069323853583,56.751780017411114,49.64953862263478
Poland,POL,2008,53.13,115.608164796298,11.7451771509464,99.8,14048.5604672654,99.9508209228516,61.1258760375274,115.608164796298,63.04316567740183,60.67069323853583,56.751780017411114
Poland,POL,2009,58.97,117.905502990554,14.7254806997129,100.0,11556.3026866026,99.6487579345703,60.9800753477,117.905502990554,65.69986112319032,63.04316567740183,60.67069323853583
Poland,POL,2010,62.32,123.248926095995,15.378511671936,100.0,12567.7317676382,100.207778930664,60.8474783987677,123.248926095995,67.9485490072563,65.69986112319032,63.04316567740183
Poland,POL,2011,61.94999896898,131.279778766286,18.2475205937044,100.0,13867.6669408192,100.617851257324,60.7357090652544,131.279778766286,71.2734667017534,67.9485490072563,65.69986112319032
Poland,POL,2012,62.3099972714691,141.409735570098,18.0079998184474,100.0,13087.420943321,100.56485748291,60.6341632788866,141.409735570098,72.27164779830466,71.2734667017534,67.9485490072563
Poland,POL,2013,62.8492,148.912446350899,18.3773931656078,100.0,13621.9023794031,111.516960144043,60.5333187465323,148.912446350899,71.57744380594664,72.27164779830466,71.2734667017534
Poland,POL,2014,66.5987360557248,148.713283559361,18.904567196757,100.0,14262.2841914116,110.031021118164,60.4340063344328,148.713283559361,73.73579911260929,71.57744380594664,72.27164779830466
Poland,POL,2015,67.9969871556415,142.520207198425,18.9867934497166,100.0,12637.5220324406,109.41478729248,60.3362886805635,142.520207198425,74.01903351666425,73.73579911260929,71.57744380594664
Poland,POL,2016,73.3007040962669,138.518696718641,19.1513139299534,100.0,12464.0121044827,109.117248535156,60.2402284228997,138.518696718641,75.6764217533249,74.01903351666425,73.73579911260929
Poland,POL,2017,75.9853659493832,131.901471911132,19.9531726069815,100.0,13913.3415190124,109.45922088623,60.145888199417,131.901471911132,73.89453680519844,75.6764217533249,74.01903351666425
Poland,POL,2018,77.5417345350006,126.266191655563,20.5313862679212,100.0,15658.210586693,110.541938781738,60.0533306480907,126.266191655563,75.78393684280854,73.89453680519844,75.6764217533249
Poland,POL,2019,80.4359068768673,126.597314882311,20.5043205670712,100.0,15874.5220531254,109.753303527832,59.9626184068963,126.597314882311,76.06095536177571,75.78393684280854,73.89453680519844
Poland,POL,2020,83.18488715,129.288487295019,21.9255858346119,100.0,16150.9304813473,112.576263427734,59.8738141138092,129.288487295019,77.62162573984865,76.06095536177571,75.78393684280854
Poland,POL,2021,85.37490906,132.987203939653,22.8165643900514,100.0,18635.5104895754,110.52970123291,59.8096513205543,132.987203939653,79.16438004958805,77.62162573984865,76.06095536177571
Poland,POL,2022,86.94113479,137.002148115476,23.8373449056172,100.0,18891.2121169279,108.48217010498,59.8315488048321,137.002148115476,81.00729628452423,79.16438004958805,77.62162573984865
Poland,POL,2023,86.414744,135.146301442691,24.526154479274,100.0,22145.2660647429,108.386131286621,59.8859561370214,135.146301442691,80.36134198609602,81.00729628452423,79.16438004958805
Poland,POL,2024,88.58496367,138.016156588197,25.3612522999634,100.0,25103.565661423,107.881309509277,59.9705468695101,138.016156588197,81.95984525798872,80.36134198609602,81.00729628452423
Puerto Rico (US),PRI,2009,41.5,72.616040363961,12.8591986913038,100.0,25768.7258883384,88.5960998535156,93.7692762093964,72.616040363961,51.49449657823363,49.8766306169661,42.92831972011013
Puerto Rico (US),PRI,2010,45.3,78.9802833826312,14.8464158310084,100.0,26414.8810634548,87.0993194580078,93.7588772214391,78.9802833826312,54.51945413832527,51.49449657823363,49.8766306169661
Puerto Rico (US),PRI,2011,48.0,84.3815609806418,15.1545860016125,100.0,27170.0766543278,84.0764465332031,93.7598202101009,84.3815609806418,57.66601002980075,54.51945413832527,51.49449657823363
Puerto Rico (US),PRI,2012,68.9999826014151,83.6353280009829,15.7202046279888,100.0,27742.024476618,86.5407180786133,93.7630744424317,83.6353280009829,65.99173804755353,57.66601002980075,54.51945413832527
Puerto Rico (US),PRI,2013,68.999990004,85.5376654285317,16.6789167811967,100.0,28212.0499737431,89.4305877685547,93.7698316907305,85.5376654285317,64.45681664019116,65.99173804755353,57.66601002980075
Puerto Rico (US),PRI,2014,76.1338597201667,89.9998233000979,17.1184060434732,100.0,28576.0988023209,91.3355865478516,93.7813071818968,89.9998233000979,68.40577818866161,64.45681664019116,65.99173804755353
Puerto Rico (US),PRI,2015,63.4663353848474,91.0041169159844,20.0013856507348,100.0,29242.041465085,99.0586395263672,93.7987161428303,91.0041169159844,64.9129820670669,68.40577818866161,64.45681664019116
Puerto Rico (US),PRI,2016,68.6438071976518,93.5606592389891,19.7597646495635,100.0,29978.0889268918,86.821891784668,93.8232738004303,93.5606592389891,67.28113443877814,64.9129820670669,68.40577818866161
Puerto Rico (US),PRI,2017,68.7407731407209,100.519829625899,19.5759687343003,100.0,30328.479490518,86.821891784668,93.8561953815964,100.519829625899,65.91775617634173,67.28113443877814,64.9129820670669
Puerto Rico (US),PRI,2018,70.8563997424362,101.222406345401,18.5110763668107,100.0,30679.9181934488,88.8774795532227,93.8986961132283,101.222406345401,68.31465014219741,65.91775617634173,67.28113443877814
Puerto Rico (US),PRI,2019,77.7364393708352,102.552928381388,18.5504198869353,100.0,31830.5284993358,88.8774795532227,93.9519912222253,102.552928381388,70.49647755942448,68.31465014219741,65.91775617634173
Puerto Rico (US),PRI,2021,84.78666399,112.540413929626,23.6440930650035,100.0,32618.8705106244,88.8774795532227,94.0550712597302,112.540413929626,75.76445162719635,70.49647755942448,68.31465014219741
Puerto Rico (US),PRI,2022,87.29178106,120.215904630962,22.2824477131524,100.0,35353.5613891039,88.8774795532227,94.1110923054937,120.215904630962,78.01299683321092,75.76445162719635,70.49647755942448
Portugal,PRT,2004,31.78,100.855984531046,7.99866925932756,100.0,18064.1580932987,95.0831298828125,57.4171857647664,100.855984531046,58.46904205169835,54.398672906804954,47.78316815205845
Portugal,PRT,2005,34.99,108.990950580377,11.0962645508509,100.0,18780.12751241,96.4346008300781,58.2450763389585,108.990950580377,58.116076821248086,58.46904205169835,54.398672906804954
Portugal,PRT,2006,38.01,116.175404689418,13.5278484091782,100.0,19839.4540499032,95.6554183959961,59.0340947058419,116.175404689418,59.605808055325376,58.116076821248086,58.46904205169835
Portugal,PRT,2007,42.09,127.786457061722,14.4787649363671,100.0,22811.0564844365,99.3079605102539,59.7481128966109,127.786457061722,61.89491116025155,59.605808055325376,58.116076821248086
Portugal,PRT,2008,44.13,132.990148409502,15.4810153386745,100.0,24949.0413566739,101.609558105469,60.3510029424595,132.990148409502,62.84034782994876,61.89491116025155,59.605808055325376
Portugal,PRT,2009,48.27,111.524037734675,18.0765765463372,100.0,23151.2154130712,105.083099365234,60.8066368745822,111.524037734675,61.29511231520352,62.84034782994876,61.89491116025155
Portugal,PRT,2010,53.3,115.42460954412,20.1035764454099,100.0,22551.935098809,107.523330688477,61.0788867241731,115.42460954412,64.52484215146626,61.29511231520352,62.84034782994876
Portugal,PRT,2011,55.2499968797194,116.837494027689,21.2468026111835,100.0,23246.5425416481,108.864181518555,61.1410698395502,116.837494027689,67.74663974528121,64.52484215146626,61.29511231520352
Portugal,PRT,2012,60.3399974868057,113.358650832529,22.7408340982484,100.0,20593.4274224109,110.253372192383,61.1409793914666,113.358650832529,69.53012675673472,67.74663974528121,64.52484215146626
Portugal,PRT,2013,62.0956,114.655300508744,24.5102597000009,100.0,21676.4859642714,118.932960510254,61.1405315215642,114.655300508744,68.2584946356229,69.53012675673472,67.74663974528121
Portugal,PRT,2014,64.5924200648949,114.312891767686,27.4622463014594,100.0,22120.6850127107,114.901290893555,61.1394537361116,114.312891767686,71.00076209621736,68.2584946356229,69.53012675673472
Portugal,PRT,2015,68.6328614804299,112.964237082806,30.2999720257926,100.0,19215.7813014347,116.804588317871,61.137469211538,112.964237082806,74.42376836057517,71.00076209621736,68.2584946356229
Portugal,PRT,2016,70.423567088723,111.846790353179,32.6259001706105,100.0,19980.2808866516,115.488418579102,61.1343011242723,111.846790353179,75.90101464960549,74.42376836057517,71.00076209621736
Portugal,PRT,2017,73.7912139515729,113.873619619075,34.6016066063915,100.0,21442.3842768879,117.235328674316,61.1296726507436,113.873619619075,74.90189535324828,75.90101464960549,74.42376836057517
Portugal,PRT,2018,74.6609681487507,114.858523480989,36.6542819407724,100.0,23541.1401075289,118.28833770752,61.1233069673808,114.858523480989,79.6346051460973,74.90189535324828,75.90101464960549
Portugal,PRT,2019,75.3463779408712,115.145564535894,38.3605751907072,100.0,23343.3628970034,119.519371032715,61.114927250613,115.145564535894,78.83475340963435,79.6346051460973,74.90189535324828
Portugal,PRT,2020,78.26166044,114.276382888841,40.1215406866329,100.0,22299.4044062173,118.68286895752,61.1042566768691,114.276382888841,79.84309824218728,78.83475340963435,79.6346051460973
Portugal,PRT,2021,82.30902804,119.768700781718,41.5145728650954,100.0,24711.4510062111,118.984870910645,61.0951249296597,119.768700781718,82.4287208176126,79.84309824218728,78.83475340963435
Portugal,PRT,2022,84.49690644,122.80130896654,42.937003513367,100.0,24620.5197587181,120.926139831543,61.1259255772782,122.80130896654,84.68642070846289,82.4287208176126,79.84309824218728
Portugal,PRT,2023,85.79012676,123.001507659381,44.1107426914567,100.0,27634.6183139773,120.347076416016,61.2048652633664,123.001507659381,85.00626664228416,84.68642070846289,82.4287208176126
Portugal,PRT,2024,88.48704454,124.129981203404,45.2439221846256,100.0,29328.3067415343,120.347076416016,61.3281907341332,124.129981203404,86.56227195281996,85.00626664228416,84.68642070846289
Paraguay,PRY,2004,3.45243843137079,32.4608610522116,0.0566054369058169,93.2,1786.21533938543,68.885986328125,58.7421370296254,32.4608610522116,25.726428486152905,25.07699948830021,25.21460127263357
Paraguay,PRY,2005,7.90700786141285,34.6359471940386,0.102788184571604,94.7,1970.87169852378,68.879280090332,58.894079141979,34.6359471940386,27.173048076516466,25.726428486152905,25.07699948830021
Paraguay,PRY,2006,7.962100029,58.7239798094438,0.108988895484735,96.7,2439.43124694576,68.669563293457,59.0202286834627,58.7239798094438,30.656814351327956,27.173048076516466,25.726428486152905
Paraguay,PRY,2007,11.21,84.4402781170439,0.154693342034534,96.5,3211.93621659546,69.0111694335938,59.1328545601355,84.4402781170439,35.43952898418583,30.656814351327956,27.173048076516466
Paraguay,PRY,2008,14.27,103.156367048871,0.22801872746311,96.7,4384.9546943793,70.5332565307617,59.2442256780564,103.156367048871,39.32945352894019,35.43952898418583,30.656814351327956
Paraguay,PRY,2009,18.9,99.0725654866065,1.36539900649523,96.9,3941.84815479271,71.5204086303711,59.3666109432844,99.0725654866065,41.01793486174671,39.32945352894019,35.43952898418583
Paraguay,PRY,2010,19.8,103.187311333571,1.55966281460816,97.4,4750.96273669322,73.1651100594436,59.5122792618786,103.187311333571,42.05004856279987,41.01793486174671,39.32945352894019
Paraguay,PRY,2011,24.7635158793993,112.286723170157,2.06549827968299,98.2,5805.40154543044,75.882698059082,59.693499539898,112.286723170157,45.61738531353113,42.05004856279987,41.01793486174671
Paraguay,PRY,2012,29.34,115.205931550373,2.30883186863576,97.8,5642.1699167298,82.8002090454102,59.9212909454702,115.205931550373,47.613273636461784,45.61738531353113,42.05004856279987
Paraguay,PRY,2013,36.9,117.899905473431,2.61725765970268,99.0,6435.68342733182,82.8002090454102,60.2375315600901,117.899905473431,51.0405637944245,47.613273636461784,45.61738531353113
Paraguay,PRY,2014,43.0073750122614,120.354274622389,3.04993022023256,99.0,6652.25478942291,82.8002090454102,60.7101965948157,120.354274622389,53.86033943551516,51.0405637944245,47.613273636461784
Paraguay,PRY,2015,49.716304663966,120.341971874801,3.49295993263954,99.3,5879.33792308671,82.8002090454102,61.3302768533263,120.341971874801,56.85332276515109,53.86033943551516,51.0405637944245
Paraguay,PRY,2016,53.4041274791009,119.848343592368,3.94711196413706,98.4,5775.1596339946,81.8651046483746,62.0827613208606,119.848343592368,58.25873702099698,56.85332276515109,53.86033943551516
Paraguay,PRY,2017,61.0757562215797,117.821037884979,4.57926438711021,99.3,6152.26711537703,81.8651046483746,62.9526389826574,117.821037884979,60.47602140641713,58.25873702099698,56.85332276515109
Paraguay,PRY,2018,64.9935430235756,115.749958536773,4.989589851669,99.6,6258.44991640954,81.8651046483746,63.9248988239553,115.749958536773,62.294094049865045,60.47602140641713,58.25873702099698
Paraguay,PRY,2019,68.5176284222264,119.137051427631,6.32666662368931,99.7,5821.18199548637,81.8651046483746,64.9845298299929,119.137051427631,64.6475705383967,62.294094049865045,60.47602140641713
Paraguay,PRY,2020,73.95751114,119.099952314893,8.5159180276507,99.7,5365.47220721191,85.6669309236136,66.116520986009,119.099952314893,67.15751150477053,64.6475705383967,62.294094049865045
Paraguay,PRY,2021,77.01838621,119.312639901188,10.8118689766377,100.0,5974.9057185863,84.787987118923,67.3058612772421,119.312639901188,68.90024201062893,67.15751150477053,64.6475705383967
Paraguay,PRY,2022,76.25916611,128.088057269442,11.1527995711537,100.0,6189.10205375331,82.3071472143291,68.6396537819458,128.088057269442,70.44097870959695,68.90024201062893,67.15751150477053
Paraguay,PRY,2023,78.09481878,126.605481531224,12.8835504093571,99.8,6303.26495017292,79.7518585422984,69.3466081733694,126.605481531224,71.09094874227858,70.44097870959695,68.90024201062893
Paraguay,PRY,2024,81.57806793,126.605481531224,,99.8,6456.60723068562,79.1305613911018,69.8622585886961,,86.48674794883124,71.09094874227858,70.44097870959695
West Bank and Gaza,PSE,2004,4.40090482603223,12.5641945719599,0.000517959229127034,99.5,1422.19088643544,86.8646087646484,78.9926422349822,12.5641945719599,24.102451849531782,28.88188002048027,28.543204819377312
West Bank and Gaza,PSE,2005,16.00499916,15.9550188466243,0.209787988478105,99.6,1543.70141392774,88.3457794189453,80.5172240645229,15.9550188466243,29.488705045982584,24.102451849531782,28.88188002048027
West Bank and Gaza,PSE,2006,18.41,22.5453595735201,0.745439900622645,99.7,1570.10439962728,90.0953369140625,81.7611786265942,22.5453595735201,31.451922721907923,29.488705045982584,24.102451849531782
West Bank and Gaza,PSE,2007,21.1760006,27.3365124384114,1.48923205049601,98.8,1664.24571669276,90.4300994873047,82.596126313073,27.3365124384114,33.268259541179134,31.451922721907923,29.488705045982584
West Bank and Gaza,PSE,2008,24.3579998,34.3272897835254,,99.8,2035.20234121766,89.9040603637695,83.0979098899913,34.3272897835254,43.86726077367465,33.268259541179134,31.451922721907923
West Bank and Gaza,PSE,2009,32.23,45.903776503693,,99.9,2191.78178736868,90.0118637084961,83.5050344815957,45.903776503693,49.755480850646094,43.86726077367465,33.268259541179134
West Bank and Gaza,PSE,2010,37.40000153,64.8154454810606,,99.9,2557.07562356699,89.1773371332236,83.8853491139676,64.8154454810606,55.60365711693308,49.755480850646094,43.86726077367465
West Bank and Gaza,PSE,2011,41.08000183,70.0930147126709,3.78929752560067,99.7,2880.79843707909,88.2808414383622,84.2340950604341,70.0930147126709,47.8778991025015,55.60365711693308,49.755480850646094
West Bank and Gaza,PSE,2012,43.4,74.3645845516098,4.42149847472774,99.8,3067.43872735614,88.0041466962408,84.5465135943222,74.3645845516098,49.09215206882032,47.8778991025015,55.60365711693308
West Bank and Gaza,PSE,2013,46.59999847,73.9290856335225,4.93747655124452,99.9,3315.29753909282,87.7419851728182,84.8178459889593,73.9290856335225,49.668448638732826,49.09215206882032,47.8778991025015
West Bank and Gaza,PSE,2014,53.6651997924171,72.4102229180943,5.32491583787791,99.9,3352.11259506043,87.618042824034,85.0433335176723,72.4102229180943,52.24405096337354,49.668448638732826,49.09215206882032
West Bank and Gaza,PSE,2015,56.70000076,78.0924303863817,6.07090686521149,99.9,3272.15432360708,88.3909219114319,85.2182174537886,78.0924303863817,54.61181454201142,52.24405096337354,49.668448638732826
West Bank and Gaza,PSE,2016,59.90000153,80.1510726160054,6.92212533449435,100.0,3527.61382413178,88.6612882360835,85.3377390706351,80.1510726160054,56.53165252848678,54.61181454201142,52.24405096337354
West Bank and Gaza,PSE,2017,63.29999924,84.2593832303374,7.58784526169771,99.9,3620.36048715937,89.7461522132674,85.3782255354,84.2593832303374,57.277317748251555,56.53165252848678,54.61181454201142
West Bank and Gaza,PSE,2018,64.3999937114499,90.2055254286487,7.50601163734241,100.0,3562.33094270256,89.6454662001111,85.5351131070872,90.2055254286487,59.29413648576582,57.277317748251555,56.53165252848678
West Bank and Gaza,PSE,2019,70.6225837001758,86.7372172316252,7.35978367684813,100.0,3656.85827137011,90.3135207321564,85.8136174183656,86.7372172316252,60.94718518601468,59.29413648576582,57.277317748251555
West Bank and Gaza,PSE,2020,76.18160248,80.1297988122355,7.43459365973318,100.0,3233.56863835858,90.2544056722155,86.0741183743925,80.1297988122355,61.792329735812906,60.94718518601468,59.29413648576582
West Bank and Gaza,PSE,2022,88.64690554,76.5666403406424,7.93673083556539,100.0,3799.95527015163,90.1364802874113,86.5961423216016,76.5666403406424,66.68703019417913,61.792329735812906,60.94718518601468
West Bank and Gaza,PSE,2023,86.63765334,76.6918854204372,8.37056926326656,100.0,3607.41611858821,89.1210984011759,86.8576870415886,76.6918854204372,64.59205376646557,66.68703019417913,61.792329735812906
Qatar,QAT,2004,20.701647851169,63.4052386297218,1.41142484728422,100.0,41035.5008380177,90.0552520751953,97.0472579559041,63.4052386297218,41.63449089797926,38.076558207273585,32.27715805135003
Qatar,QAT,2005,24.73349953,86.8374185857176,3.10258684190122,100.0,53949.6764091147,90.0544815063477,97.3016654918171,86.8374185857176,45.01719644849183,41.63449089797926,38.076558207273585
Qatar,QAT,2006,28.97410011,94.5460208402076,4.80792655661672,100.0,62582.4453138755,91.3522491455078,97.5827378795062,94.5460208402076,48.03223684735845,45.01719644849183,41.63449089797926
Qatar,QAT,2007,37.0,104.601293237189,7.25412565830572,100.0,65954.1146428814,91.991569519043,97.8663125111735,104.601293237189,53.37886027021366,48.03223684735845,45.01719644849183
Qatar,QAT,2008,44.29999924,100.178564170272,7.4408979226848,100.0,80781.2113909506,97.6288604736328,98.1295193937322,100.178564170272,55.52038092971655,53.37886027021366,48.03223684735845
Qatar,QAT,2009,53.09999847,122.869392515999,9.12707669997793,100.0,60785.7351551657,97.2014999389648,98.3494885340955,122.869392515999,62.05625395472714,55.52038092971655,53.37886027021366
Qatar,QAT,2010,69.0,127.920073904667,8.52940126805712,100.0,77387.2936379616,98.150178716375,98.5066232166665,127.920073904667,69.26838457355402,62.05625395472714,55.52038092971655
Qatar,QAT,2011,69.0,127.128026726304,9.08920732212375,100.0,103261.510293068,96.4676867591291,98.6300610210909,127.128026726304,69.80088631080147,69.26838457355402,62.05625395472714
Qatar,QAT,2012,69.3,136.39488295684,9.70716531812154,100.0,108470.378825036,98.6139808267348,98.7428010471968,136.39488295684,70.95393404702017,69.80088631080147,69.26838457355402
Qatar,QAT,2013,85.3,162.859698293993,10.6013309777772,100.0,103697.008372373,97.3663778760953,98.8357621827901,150.0,78.65796995309154,70.95393404702017,69.80088631080147
Qatar,QAT,2014,91.48999786,149.020182367971,10.163849886313,100.0,95840.6310094498,97.8845311253665,98.901627838826,149.020182367971,80.82979330833348,78.65796995309154,70.95393404702017
Qatar,QAT,2015,92.8848264535481,154.098019594361,9.79569741415571,100.0,68985.2946961507,101.946830749512,98.9382407681154,150.0,81.68584821896306,80.82979330833348,78.65796995309154
Qatar,QAT,2016,95.1246621661148,140.517748133011,9.7607422100415,100.0,61253.6375482797,97.44147524298,98.9855265345423,140.517748133011,81.20779625963135,81.68584821896306,80.82979330833348
Qatar,QAT,2017,97.3888491654164,147.358360281803,9.47866948386398,100.0,63279.8556949332,101.989694099425,99.0310125265978,147.358360281803,81.74730922270976,81.20779625963135,81.68584821896306
Qatar,QAT,2018,99.6528491261175,142.911085340776,9.7027244524186,100.0,71039.8490579352,102.1549014004,99.0755684762244,142.911085340776,83.00746000907611,81.74730922270976,81.20779625963135
Qatar,QAT,2019,99.6528042086389,140.01721278049,10.1746618292654,100.0,66841.3013484919,105.162567508393,99.1191696672067,140.01721278049,82.22112316782203,83.00746000907611,81.74730922270976
Qatar,QAT,2020,99.65284913,135.497890935034,10.5631961475008,100.0,51683.5054376677,105.869328366077,99.1617913833034,135.497890935034,81.47378833328877,82.22112316782203,83.00746000907611
Qatar,QAT,2021,99.65280151,137.709548409191,11.0795735105944,100.0,71751.8831257169,95.6694483531864,99.203408908243,137.709548409191,81.81291221995703,81.47378833328877,82.22112316782203
Qatar,QAT,2022,98.03800201,162.248539735277,12.6414412670206,100.0,88701.463352273,102.968360766419,99.243997525719,150.0,83.73268428079095,81.81291221995703,81.47378833328877
Qatar,QAT,2023,98.15229797,157.82063065065,11.641102863231,100.0,80195.8746508549,100.136596679688,99.2835325193835,150.0,83.37001375269915,83.73268428079095,81.81291221995703
Qatar,QAT,2024,98.08540344,153.612474384296,11.8175200751339,100.0,75685.0865779973,99.578857421875,99.3219891728394,150.0,83.40708390675968,83.37001375269915,83.73268428079095
Romania,ROU,2004,15.0,47.7282830894066,0.487146394862043,95.3,3494.99056448955,82.5846405029297,52.9175295523808,47.7282830894066,34.57285391236908,29.513794916538902,26.790066921054773
Romania,ROU,2005,21.5,62.9514625386572,1.77760384149859,95.6,4618.00350802913,81.0594787597656,53.074507031037,62.9514625386572,38.5312813665587,34.57285391236908,29.513794916538902
Romania,ROU,2006,24.66,76.018272147601,5.18165947350917,95.9,5757.53127301178,85.6820602416992,53.2566380678272,76.018272147601,42.978555662849196,38.5312813665587,34.57285391236908
Romania,ROU,2007,28.3,97.7446101992859,9.3537758838748,96.1,8360.33775916596,84.2603607177734,53.4472789126416,97.7446101992859,48.725859663321984,42.978555662849196,38.5312813665587
Romania,ROU,2008,32.42,118.105626297195,12.1503515995324,96.5,10435.1561230787,94.5384063720703,53.6297858153706,118.105626297195,53.73487188738842,48.725859663321984,42.978555662849196
Romania,ROU,2009,36.6,121.98128515497,13.6687076743772,96.8,8548.4543409242,103.393241882324,53.7875150259042,121.98128515497,55.61447576050893,53.73487188738842,48.725859663321984
Romania,ROU,2010,39.93,119.221396188263,14.6853744418104,97.1,8399.5374234284,102.467903137207,53.9038227941329,119.221396188263,56.95877910299872,55.61447576050893,53.73487188738842
Romania,ROU,2011,40.0099967810008,115.471784331445,16.1874973837653,97.4,9560.6755277458,100.735900878906,53.9608874244169,115.471784331445,58.384700723064654,56.95877910299872,55.61447576050893
Romania,ROU,2012,45.8799942529424,113.302350795587,17.567519569459,97.8,8929.95366231474,97.4503707885742,53.9563092496073,113.302350795587,60.79592255628377,58.384700723064654,56.95877910299872
Romania,ROU,2013,49.7645,114.190750190364,18.8919150905294,98.1,9497.67411615237,95.6988983154297,53.9101758034365,114.190750190364,60.857999671765974,60.79592255628377,58.384700723064654
Romania,ROU,2014,54.0783206550943,114.782653636732,20.1139523323465,98.4,10031.7710755404,93.5339965820312,53.8267187624053,114.782653636732,63.718732466665045,60.857999671765974,60.79592255628377
Romania,ROU,2015,55.7631556336233,116.350349219635,21.4489855804576,98.8,8977.01748158196,91.3377075195312,53.7071839518893,116.350349219635,65.8352034818076,63.718732466665045,60.857999671765974
Romania,ROU,2016,59.5039512852713,115.790771839543,22.4982986593906,99.1,9404.54005870715,88.7795104980469,53.5528171972639,115.790771839543,67.74406926077246,65.8352034818076,63.718732466665045
Romania,ROU,2017,63.7472821822484,113.76679260075,24.148941859633,100.0,10727.9822007426,88.3843231201172,53.3648643239046,113.76679260075,67.38534777106543,67.74406926077246,65.8352034818076
Romania,ROU,2018,70.6812779273268,115.492130982384,25.9702175828069,99.8,12416.134317959,86.5577163696289,53.1445711571868,115.492130982384,73.52038203808306,67.38534777106543,67.74406926077246
Romania,ROU,2019,73.6574757545465,116.252345583749,27.060557570268,100.0,12909.6104013244,86.4074096679688,52.8931835224862,116.252345583749,74.1032386301993,73.52038203808306,67.38534777106543
Romania,ROU,2020,78.45526895,116.478206049988,29.314080636148,100.0,13009.1525348396,86.416877746582,52.611947245178,116.478206049988,76.32468389109184,74.1032386301993,73.52038203808306
Romania,ROU,2021,83.5904265,119.123068432356,31.6949603653045,100.0,14908.0412813921,86.1970901489258,52.2321512130811,119.123068432356,79.29350098242071,76.32468389109184,74.1032386301993
Romania,ROU,2022,85.50309124,121.14194294167,33.2115600895132,100.0,15503.4691366242,83.0334701538086,52.1634832477272,121.14194294167,81.34270434961181,79.29350098242071,76.32468389109184
Romania,ROU,2023,89.20335498,123.252482585042,34.6706189336505,100.0,18244.4186876321,81.6316070556641,52.1645747011867,123.252482585042,83.14184262977801,81.34270434961181,79.29350098242071
Romania,ROU,2024,91.29048551,119.804862328273,35.7995871488999,100.0,20080.2096215595,81.6316070556641,52.1674778928768,119.804862328273,83.61897295622312,83.14184262977801,81.34270434961181
Russian Federation,RUS,2004,12.8593889008473,50.7798407105349,0.464939763747368,98.0,4102.36474609375,88.130989074707,73.3065795898438,50.7798407105349,34.60579722758723,27.916906378912273,23.945808332596446
Russian Federation,RUS,2005,15.22669983,82.9887662809782,1.09890958017062,98.0,5323.455078125,86.7092514038086,73.1613922119141,82.9887662809782,38.35696522463715,34.60579722758723,27.916906378912273
Russian Federation,RUS,2006,18.02330017,104.559970556605,2.01245015473243,98.1,6920.19970703125,86.4854736328125,73.2439193725586,104.559970556605,42.59138884857808,38.35696522463715,34.60579722758723
Russian Federation,RUS,2007,24.66,119.004783019107,3.40609484108427,98.2,9101.2392578125,86.5527572631836,73.3856048583984,119.004783019107,47.78973879165619,42.59138884857808,38.35696522463715
Russian Federation,RUS,2008,32.0,138.738465483788,6.45287620268262,98.3,11635.2841796875,87.0486373901367,73.4822463989258,138.738465483788,54.555300294710314,47.78973879165619,42.59138884857808
Russian Federation,RUS,2009,42.55,159.902264510778,8.96648212209969,98.4,8562.82421875,89.8769302368164,73.5288696289062,150.0,60.77308747510147,54.555300294710314,47.78973879165619
Russian Federation,RUS,2010,49.0,165.137115700538,10.907741936582,99.3,10674.990234375,89.8769302368164,73.6696307887624,150.0,64.25520201224006,60.77308747510147,54.555300294710314
Russian Federation,RUS,2011,58.0,141.451225637367,12.2426736632818,99.2,14305.33203125,94.5758904929741,73.8534851074219,141.451225637367,68.24635379083531,64.25520201224006,60.77308747510147
Russian Federation,RUS,2012,66.0,144.198197519265,14.5007601269515,100.0,15401.8515625,95.5384826756866,73.97265625,144.198197519265,72.71237910573244,68.24635379083531,64.25520201224006
Russian Federation,RUS,2013,67.97,150.964167004451,16.4209357330938,100.0,15941.4482421875,95.9993761959632,74.0762949770228,150.0,73.25573647026673,72.71237910573244,68.24635379083531
Russian Federation,RUS,2014,70.5175682574413,152.512941154001,17.2161049931,100.0,14055.47265625,95.6056322692131,74.1776476748791,150.0,74.91983002970716,73.25573647026673,72.71237910573244
Russian Federation,RUS,2015,70.0992412263947,156.4185651494,18.4996930924804,95.5,9277.7138671875,96.3292563031308,74.275919065527,150.0,74.85386636540123,74.91983002970716,73.25573647026673
Russian Federation,RUS,2016,73.091434617897,157.173982310184,18.8797858276626,99.4,8663.158203125,95.8434944997854,74.3703138709243,150.0,77.07081746019503,74.85386636540123,74.91983002970716
Russian Federation,RUS,2017,76.0081385339105,155.485765168167,21.2763636749444,100.0,10658.9130859375,97.5206298303399,74.460036813029,150.0,77.1377181273343,77.07081746019503,74.85386636540123
Russian Federation,RUS,2018,80.8647218726954,156.682905991229,21.8962972283043,100.0,11211.8876953125,99.1831046517789,74.5442926137992,150.0,81.37071455198723,77.1377181273343,77.07081746019503
Russian Federation,RUS,2019,82.6421618670668,163.646302441755,22.4233442134941,99.8,11447.701171875,100.471744682473,74.6222859951926,150.0,81.26670562834876,81.37071455198723,77.1377181273343
Russian Federation,RUS,2020,84.99466978,163.101112466044,23.1557041794102,99.9,10108.3271484375,91.5812884026933,74.6932216791674,150.0,82.00402478098157,81.26670562834876,81.37071455198723
Russian Federation,RUS,2021,88.21384578,169.07261384221,23.7409106485411,100.0,12425.029296875,92.171155276901,74.7516840220252,150.0,83.58881260097428,82.00402478098157,81.26670562834876
Russian Federation,RUS,2022,90.41799163,168.475831268436,24.6345568628262,100.0,15625.6328125,92.7729443625069,74.8544893625017,150.0,84.7932404469552,83.58881260097428,82.00402478098157
Russian Federation,RUS,2023,92.24496346,180.841776534047,25.8238695549039,100.0,13986.9951171875,92.4840470838527,74.9805047873279,150.0,85.90033652229842,84.7932404469552,83.58881260097428
Russian Federation,RUS,2024,94.36495368,186.103787309059,27.1333512124875,100.0,14961.8974609375,92.4840470838527,75.1119136177067,150.0,87.28051518268148,85.90033652229842,84.7932404469552
Rwanda,RWA,2004,0.43085424337006,1.55691764536154,0.0130205320634005,8.7,269.540446333402,15.3283996582031,16.9020099536792,1.55691764536154,1.554700656859518,1.765718804074276,1.6069126748566838
Rwanda,RWA,2005,0.555999994,2.46261318094107,0.0130321536362801,4.8,324.016863847189,16.4831008911133,16.9072114459454,2.46261318094107,0.8579446666091466,1.554700656859518,1.765718804074276
Rwanda,RWA,2007,2.115400076,6.650695873992,0.0266284590687704,12.8,420.733580702508,20.3850002288818,16.9140836058266,6.650695873992,3.693187540141812,0.8579446666091466,1.554700656859518
Rwanda,RWA,2008,4.5,13.4904193265199,0.0114235951706343,6.0,522.288339420679,22.1014308929443,16.9170867063804,13.4904193265199,4.548578581326373,3.693187540141812,0.8579446666091466
Rwanda,RWA,2009,7.7,24.1465972832976,0.0220070072537641,15.6,556.97399621739,26.5538196563721,16.9206894426355,24.1465972832976,9.128104548142725,4.548578581326373,3.693187540141812
Rwanda,RWA,2010,8.0,34.395374562166,0.038206733709049,9.7,586.599950359877,32.4029083251953,16.9255580310614,34.395374562166,8.730244577778162,9.128104548142725,4.548578581326373
Rwanda,RWA,2011,7.0,42.049425685328,0.0817592046252728,10.8,643.356138618166,36.6210098266602,16.9323586881273,42.049425685328,9.469964830353948,8.730244577778162,9.128104548142725
Rwanda,RWA,2012,8.023900032,52.5466576287262,0.0507668537320886,17.5,697.760143509565,39.662769317627,16.9410248882148,52.5466576287262,12.311089006212645,9.469964830353948,8.730244577778162
Rwanda,RWA,2013,9.0,60.2988640030865,0.0250690955113609,15.2,695.397140963607,30.2092864949597,17.0742206053612,60.2988640030865,12.808308212505406,12.311089006212645,9.469964830353948
Rwanda,RWA,2014,10.60000038,68.1670448387062,0.0256670688163416,19.8,715.36808783393,41.8218654918977,17.5020716539756,68.1670448387062,15.215809162449284,12.808308212505406,12.311089006212645
Rwanda,RWA,2015,12.45600033,75.2543165296423,0.181485911280924,22.8,725.691418696952,39.4099042857311,18.1953149858416,75.2543165296423,17.43404665817824,15.215809162449284,12.808308212505406
Rwanda,RWA,2016,14.63710022,74.8502057565523,0.182235644842436,29.4,721.258515833094,38.506238583342,19.1213951786548,74.8502057565523,19.4765759545346,17.43404665817824,15.215809162449284
Rwanda,RWA,2017,17.2,72.2764598764471,0.178494450936973,34.1,751.049039527547,39.6912128982215,20.2477568101111,72.2764598764471,20.298571024316253,19.4765759545346,17.43404665817824
Rwanda,RWA,2018,19.16659927,77.679469147812,0.0600656822760033,38.0,772.754982959354,41.1796940634956,21.5418444579064,77.679469147812,22.090865238994926,20.298571024316253,19.4765759545346
Rwanda,RWA,2019,21.3579998,75.5985451901883,0.0695438976971303,46.6,823.355304065304,44.0779032495009,22.9711026997362,75.5985451901883,24.727733803144922,22.090865238994926,20.298571024316253
Rwanda,RWA,2020,23.8,81.2378724761376,0.135352981978881,45.2,802.638686936204,44.0779032495009,24.5029761132966,81.2378724761376,24.85218953632389,24.727733803144922,22.090865238994926
Rwanda,RWA,2021,24.4416008,81.6381635400584,0.238872174708692,48.7,842.581492947672,44.1820840550314,26.1049092762833,81.6381635400584,24.709717680602886,24.85218953632389,24.727733803144922
Rwanda,RWA,2022,28.01679993,80.5952224850433,0.349951615372613,50.6,1007.05989322914,44.1547093958443,27.7806702737761,80.5952224850433,27.426718917753583,24.709717680602886,24.85218953632389
Rwanda,RWA,2023,28.80579948,91.4622704078141,0.445556123195211,63.9,1061.05788154076,45.1251505756161,28.8555310645477,91.4622704078141,31.216200764607848,27.426718917753583,24.709717680602886
Rwanda,RWA,2024,31.70330048,93.201462876722,0.595648307197658,72.0,1059.93709298801,48.790277194547,29.8849714294083,93.201462876722,33.647244091117386,31.216200764607848,27.426718917753583
Saudi Arabia,SAU,2005,12.7050359882849,68.8923141125755,0.329758573611046,100.0,15975.7473782258,87.1481628417969,80.9775503092999,68.8923141125755,35.205435274874496,32.98348670221931,30.517334225599186
Saudi Arabia,SAU,2006,19.4595543513634,91.8023570744481,1.01670411457232,100.0,17563.6145370639,87.1481628417969,81.2008588083072,91.8023570744481,41.38969521649567,35.205435274874496,32.98348670221931
Saudi Arabia,SAU,2007,30.0,126.96531919953,2.78570851543431,100.0,18596.1502627898,91.6758117675781,81.4230015549063,126.96531919953,51.31773740482255,41.38969521649567,35.205435274874496
Saudi Arabia,SAU,2008,36.0,154.586869382726,4.50061635073047,100.0,22320.4888964331,91.6758117675781,81.6441431042994,150.0,57.44356213720631,51.31773740482255,41.38969521649567
Saudi Arabia,SAU,2009,38.0,185.254752586687,5.93665265842843,100.0,17718.3911648365,99.7553787231445,81.8644480116889,150.0,58.1746938615336,57.44356213720631,51.31773740482255
Saudi Arabia,SAU,2010,41.0,204.969243706992,6.80363036670959,100.0,22028.3901426586,99.7553787231445,82.0791668544465,150.0,59.6629375500664,58.1746938615336,57.44356213720631
Saudi Arabia,SAU,2011,47.5,206.851813084871,7.47522997420673,100.0,27126.7498747702,99.7553787231445,82.2543876159947,150.0,63.076900197431854,59.6629375500664,58.1746938615336
Saudi Arabia,SAU,2012,54.0,195.843368612361,9.38625903064258,100.0,28733.4375513452,99.7553787231445,82.4311918025358,150.0,66.31174083697931,63.076900197431854,59.6629375500664
Saudi Arabia,SAU,2013,60.5,189.475618447684,,100.0,27865.465604962,93.0168905157466,82.6071884619102,150.0,81.15629587662366,66.31174083697931,63.076900197431854
Saudi Arabia,SAU,2014,64.713657369019,181.856566741136,,100.0,27805.4850319422,98.8496091524944,82.7822571294871,150.0,82.79044648385268,81.15629587662366,66.31174083697931
Saudi Arabia,SAU,2015,69.6162358014004,176.134029034522,21.1361804985218,100.0,23256.1549553531,102.979200639837,82.9562773406163,150.0,76.65658722733511,82.79044648385268,81.15629587662366
Saudi Arabia,SAU,2016,74.8792746891625,156.041476006361,20.82681485606,99.9,22267.7217050387,105.491550199825,83.129128630626,150.0,78.69302434439945,76.65658722733511,82.79044648385268
Saudi Arabia,SAU,2017,94.1755996113911,130.629718239662,21.6139435772426,100.0,23929.2907135982,106.244903966787,83.300690534822,130.629718239662,81.72831870813883,78.69302434439945,76.65658722733511
Saudi Arabia,SAU,2018,93.3100018480347,136.046169550913,22.4661479201746,99.9,29360.0658968566,106.376211565111,83.4708425884849,136.046169550913,84.66577916272875,81.72831870813883,78.69302434439945
Saudi Arabia,SAU,2019,95.7247355953812,135.526154774497,22.3213703520821,100.0,29566.7933827436,104.048257824894,83.6394643268678,135.526154774497,84.42670661087817,84.66577916272875,81.72831870813883
Saudi Arabia,SAU,2020,97.8623325,139.444194606554,25.4596763527151,100.0,24338.8307301067,104.411027399625,83.8064352851942,139.444194606554,86.74472238590123,84.42670661087817,84.66577916272875
Saudi Arabia,SAU,2021,100.0,145.003757775499,33.7973610185654,100.0,31920.7653655643,104.280975297041,83.9716349986538,145.003757775499,91.46570092263539,86.74472238590123,84.42670661087817
Saudi Arabia,SAU,2022,100.0,149.79788255308,41.8230078726101,100.0,38510.2276211037,122.158039993668,84.1349430023993,149.79788255308,95.11435696893454,91.46570092263539,86.74472238590123
Saudi Arabia,SAU,2023,100.0,157.775388696083,43.5732045642216,100.0,36156.8562500172,122.158039993668,84.2962388315415,150.0,95.59428348189083,95.11435696893454,91.46570092263539
Saudi Arabia,SAU,2024,100.0,159.541370566589,44.0705800179885,100.0,35527.786181866,110.66346516974,84.4554020211443,150.0,95.8304949246819,95.59428348189083,95.11435696893454
Sudan,SDN,2004,0.791561615446385,3.43152291268178,0.00259518087674373,30.2,705.113342285156,36.5913009643555,32.4459598296403,3.43152291268178,6.4887135055887555,7.700613538437133,7.625240704312183
Sudan,SDN,2007,8.66,25.0825849667632,0.129715006973326,31.1,1444.37219238281,33.9691314697266,32.4759528252296,25.0825849667632,12.873927344721718,6.4887135055887555,7.700613538437133
Sudan,SDN,2015,12.0,69.8036331859409,0.0701896299287803,48.0,1292.37963867188,42.5230712890625,34.0914394628597,69.8036331859409,21.686729458891488,12.873927344721718,6.4887135055887555
Sudan,SDN,2016,14.0999999446534,67.3954575547604,0.0639264882225092,50.5,1033.21594238281,40.9556007385254,34.1881958841213,67.3954575547604,22.54976787414439,21.686729458891488,12.873927344721718
Sudan,SDN,2017,18.60000038,67.0598253428254,0.071519364027593,53.0,966.505676269531,43.0903282165527,34.2872225663509,67.0598253428254,23.977435021304515,22.54976787414439,21.686729458891488
Senegal,SEN,2004,4.38602398008563,10.2163287202352,0.069836067007638,36.8,918.102079522155,19.9657497406006,41.6248193895895,10.2163287202352,10.762224979125651,10.323299539328058,8.710854961207106
Senegal,SEN,2005,4.78668408310535,15.3986054168441,0.160456098328579,47.1,979.846101520171,22.2482490539551,41.9057599695838,15.3986054168441,13.37210817961621,10.762224979125651,10.323299539328058
Senegal,SEN,2006,5.61173865217952,25.9356401782455,0.251528378811512,49.9,1017.20196747987,24.2208805084229,42.2046413043069,25.9356401782455,15.675497412606838,13.37210817961621,10.762224979125651
Senegal,SEN,2007,6.889999866,30.8470508593462,0.323966742178478,48.1,1188.93877808175,24.2208805084229,42.524343609533,30.8470508593462,16.45199109168333,15.675497412606838,13.37210817961621
Senegal,SEN,2008,7.119999886,44.7269593995631,0.393046403427881,49.7,1398.79218010021,30.7020606994629,42.867747101036,44.7269593995631,18.88648088524974,16.45199109168333,15.675497412606838
Senegal,SEN,2009,7.5,55.9396481702895,0.475951597213965,53.5,1308.69404336205,30.7020606994629,43.23773199459,55.9396481702895,21.181394564466164,18.88648088524974,16.45199109168333
Senegal,SEN,2010,8.0,66.0343828887904,0.62243315671597,56.5,1275.88357492357,37.1267013549805,43.6371785059692,66.0343828887904,23.052660851669245,21.181394564466164,18.88648088524974
Senegal,SEN,2011,9.800000191,72.1733338879073,0.715438976017789,56.5,1374.67591873844,42.6368983156004,44.0689668509475,72.1733338879073,24.545999257592708,23.052660851669245,21.181394564466164
Senegal,SEN,2012,10.80000019,86.1774562103062,0.717937236744388,56.5,1326.83798848379,46.4158677062967,44.5359772452989,86.1774562103062,26.545587685370577,24.545999257592708,23.052660851669245
Senegal,SEN,2013,13.10000038,95.7910921489982,0.77845653467557,57.0,1379.83196553924,49.0776594909389,45.0398750539456,95.7910921489982,28.578848750687943,26.545587685370577,24.545999257592708
Senegal,SEN,2014,17.70000076,101.608432443463,0.730365001608948,61.0,1398.89137601382,50.546931380439,45.6020905341588,101.608432443463,31.905941825391977,28.578848750687943,26.545587685370577
Senegal,SEN,2015,21.70000076,102.508995376039,0.689431357378244,60.5,1218.00613555438,50.5380516052246,46.2747669629858,102.508995376039,33.40680247368873,31.905941825391977,28.578848750687943
Senegal,SEN,2016,25.66480064,101.010767153806,0.654181134204409,64.5,1266.43957151587,50.5380516052246,47.0553579909929,101.010767153806,35.53325309579114,33.40680247368873,31.905941825391977
Senegal,SEN,2017,29.64310074,101.831108002442,0.722423169961464,61.7,1354.77007193387,50.5380516052246,47.9338349639053,101.831108002442,35.95005147715325,35.53325309579114,33.40680247368873
Senegal,SEN,2018,35.29999924,104.055698143919,0.815734181499159,66.0,1452.55612562445,50.5380516052246,48.9001692274485,104.055698143919,39.15869269730562,35.95005147715325,35.53325309579114
Senegal,SEN,2019,43.37969971,109.341890091569,0.929784903272944,70.4,1431.18128932159,44.4624552560012,49.9443321273477,109.341890091569,44.46483152785285,39.15869269730562,35.95005147715325
Senegal,SEN,2020,53.30879974,113.638091206029,1.05641006886622,64.3,1461.08720350553,44.7866297761573,51.0562950093282,113.638091206029,46.983328492309,44.46483152785285,39.15869269730562
Senegal,SEN,2021,55.04040146,115.325093678501,1.20966034985347,68.0,1598.10676952274,45.1726204964815,52.2260292191155,115.325093678501,48.17333368035108,46.983328492309,44.46483152785285
Senegal,SEN,2022,56.82830048,118.150293497239,1.40365165848276,67.9,1574.0281059306,45.3756792066535,53.4435061024348,118.150293497239,49.854163035283335,48.17333368035108,46.983328492309
Senegal,SEN,2023,59.18740082,123.911572643075,1.97393200956788,74.2,1698.03387300843,44.0673682244069,54.6992276190794,123.911572643075,52.78266273737833,49.854163035283335,48.17333368035108
Senegal,SEN,2024,60.11780167,123.894453697506,4.03828584004829,82.9,1738.73223822106,44.0673682244069,55.2368169057304,123.894453697506,55.354467362206385,52.78266273737833,49.854163035283335
Singapore,SGP,2016,84.4522678893074,151.681717052742,28.5392609803278,100.0,57204.0340105222,107.745868589242,100.0,150.0,85.74824137620445,82.68223168298411,81.78254508648031
Singapore,SGP,2017,84.4522678893074,149.567868255938,26.3326099315534,100.0,61436.1325502558,107.472873863465,100.0,149.567868255938,82.17643619031853,85.74824137620445,82.68223168298411
Singapore,SGP,2018,88.1656360313447,152.07381696158,26.50873593831,100.0,67032.8225769734,105.745250914262,100.0,150.0,86.36870657929728,82.17643619031853,85.74824137620445
Singapore,SGP,2019,88.9492526850762,159.347378272364,26.5276177370284,100.0,66068.7003106378,104.621987875083,100.0,150.0,85.43903714930937,86.36870657929728,82.17643619031853
Singapore,SGP,2020,92.00434653,150.259334715266,26.8622723592787,100.0,61772.5036492256,103.115839213946,100.0,150.0,86.37368228172394,85.43903714930937,86.36870657929728
Singapore,SGP,2021,96.92468156,157.977675166643,27.5210996900631,100.0,80884.8565369236,102.951274385922,100.0,150.0,88.7031699010224,86.37368228172394,85.43903714930937
Singapore,SGP,2022,95.95386476,173.005291258141,27.5510032505086,100.0,91227.6970426492,103.009804103267,100.0,150.0,88.23411270290444,88.7031699010224,86.37368228172394
Singapore,SGP,2023,94.28518987,173.199932977376,27.4343636046425,100.0,86382.5900499252,103.082801906213,100.0,150.0,87.35585692369659,88.23411270290444,88.7031699010224
Singapore,SGP,2024,94.37757178,170.78256295407,27.813655026664,100.0,94896.5621495988,103.082801906213,100.0,150.0,87.53040750381302,87.35585692369659,88.23411270290444
Solomon Islands,SLB,2004,0.64967267325146,0.632096601216575,0.0421397734144384,16.3,986.070953503889,30.1493606567383,17.172863006512,0.632096601216575,3.1023574293308402,3.1538702749491914,2.6989824705174845
Solomon Islands,SLB,2005,0.844299972,1.24203030553946,0.0931522729154591,19.2,1144.49233397681,30.6725997924805,17.6001415877737,1.24203030553946,3.8570930124581357,3.1023574293308402,3.1538702749491914
Solomon Islands,SLB,2006,1.646299958,1.42393926695607,0.132222931931635,14.4,1255.62447417684,35.7089614868164,18.0540134013038,1.42393926695607,3.2613643536511825,3.8570930124581357,3.1023574293308402
Solomon Islands,SLB,2007,2.0,2.17932005214373,0.199937619462728,12.9,1390.14870956707,36.7365608215332,18.5333445288467,2.17932005214373,3.1403367351530127,3.2613643536511825,3.8570930124581357
Solomon Islands,SLB,2008,3.0,5.89634230232512,0.294817115116256,28.1,1525.84666261203,36.7365608215332,19.0370010521463,5.89634230232512,7.45382492602169,3.1403367351530127,3.2613643536511825
Solomon Islands,SLB,2009,4.0,9.64988294691985,0.385995317876794,21.2,1554.70671006386,36.7365608215332,19.5633740998673,9.64988294691985,6.844029549926544,7.45382492602169,3.1403367351530127
Solomon Islands,SLB,2010,5.0,21.6710946998694,0.473199141411867,35.4,1685.14535823757,50.952808380127,20.1194058206257,21.6710946998694,11.297395145616283,6.844029549926544,7.45382492602169
Solomon Islands,SLB,2011,6.0,49.7105498738573,0.43946504625234,39.1,1924.05795643133,49.3238906860352,20.7284892962955,49.7105498738573,16.138418667586063,11.297395145616283,6.844029549926544
Solomon Islands,SLB,2012,6.997399807,52.6750068862599,0.371683699263955,42.9,2066.25738638356,49.0498504638672,21.3906964219987,52.6750068862599,17.28913972279807,16.138418667586063,11.297395145616283
Solomon Islands,SLB,2013,8.0,54.3083814470245,0.316667927287396,44.7,2161.38627543917,49.0498504638672,22.1027262484765,54.3083814470245,17.750304087576552,17.28913972279807,16.138418667586063
Solomon Islands,SLB,2014,9.0,61.0619411646469,0.216401797350658,50.5,2164.95289873002,49.0498504638672,22.8612778264703,61.0619411646469,20.001886065979097,17.750304087576552,17.28913972279807
Solomon Islands,SLB,2015,10.00049973,66.42196382631,0.222077993165628,55.1,2045.47721526649,49.0498504638672,23.6630502067213,66.42196382631,21.91457613174105,20.001886065979097,17.750304087576552
Solomon Islands,SLB,2016,11.00090027,62.8902788282841,0.247441419489446,58.2,2082.62383124213,49.0498504638672,24.5047424399707,62.8902788282841,22.2989196532873,21.91457613174105,20.001886065979097
Solomon Islands,SLB,2017,15.14840031,67.8649558389434,0.170052153216115,62.9,2143.57670489272,49.0498504638672,25.3830535769599,67.8649558389434,24.77825259530855,22.2989196532873,21.91457613174105
Solomon Islands,SLB,2018,20.8593998,67.9774813460988,0.209843167616461,65.8,2278.19908624102,49.0498504638672,26.2946826684302,67.9774813460988,27.315444368332663,24.77825259530855,22.2989196532873
Solomon Islands,SLB,2019,22.48880005,65.6620160489572,0.143514977058204,69.4,2223.65890942466,49.0498504638672,27.275106750276,65.6620160489572,28.575600421469836,27.315444368332663,24.77825259530855
Solomon Islands,SLB,2020,24.1984005,63.6670615636308,0.134318695281922,72.9,2063.32780991967,49.0498504638672,28.0327555150022,63.6670615636308,28.41696186155503,28.575600421469836,27.315444368332663
Solomon Islands,SLB,2021,26.03790092,62.1565164026326,0.131131891144795,76.3,2043.44413170658,49.0498504638672,28.6889396820578,62.1565164026326,28.216321597404157,28.41696186155503,28.575600421469836
Solomon Islands,SLB,2022,28.01729965,62.0734995506142,0.107033208461257,76.0,1877.78104490956,49.0498504638672,29.3511689856806,62.0734995506142,30.15304223664665,28.216321597404157,28.41696186155503
Solomon Islands,SLB,2023,28.67239952,62.0734995506142,,81.3,1882.64394148042,49.0498504638672,30.0088821088389,,41.722916186268016,30.15304223664665,28.216321597404157
Solomon Islands,SLB,2024,29.04070091,62.0734995506142,,81.5,1933.55538435227,49.0498504638672,30.6617188562194,,41.12407319786871,41.722916186268016,30.15304223664665
Sierra Leone,SLE,2011,0.899999976,33.4572729332228,,14.2,761.146365577281,40.4235687255859,39.0472153491602,33.4572729332228,7.983992528710646,7.010656830627065,6.299640172034322
Sierra Leone,SLE,2012,2.5,33.7348956202641,,17.2,937.504428180231,44.5522918701172,39.4644094876975,33.7348956202641,9.08944790851784,7.983992528710646,7.010656830627065
Sierra Leone,SLE,2013,4.0,59.5765507292095,,13.5,1117.47183075115,39.2237892150879,39.8916422780075,59.5765507292095,12.814457012791468,9.08944790851784,7.983992528710646
Sierra Leone,SLE,2014,6.057300091,69.1758823858757,,18.8,1117.7586465721,39.2237892150879,40.3272406886245,69.1758823858757,16.59399124572061,12.814457012791468,9.08944790851784
Sierra Leone,SLE,2015,6.344399929,80.3818885694169,,19.7,964.575980888989,39.8463706970215,40.7669565187099,80.3818885694169,18.69732855192716,16.59399124572061,12.814457012791468
Sierra Leone,SLE,2016,7.680099964,87.1475941136892,,20.3,844.416411175476,42.1386795043945,41.229411538771,87.1475941136892,20.56660468368615,18.69732855192716,16.59399124572061
Sierra Leone,SLE,2017,9.297100067,89.7781754066341,,23.4,779.186007841728,41.5312194824219,41.7106682105058,89.7781754066341,21.83321574558566,20.56660468368615,18.69732855192716
Sierra Leone,SLE,2018,14.42230034,84.1233437327877,,26.1,845.914540460932,43.119270324707,42.2011025267803,84.1233437327877,23.156571945856143,21.83321574558566,20.56660468368615
Sierra Leone,SLE,2019,15.71370029,87.0384355077496,0.00222452405855102,22.7,843.71251730417,61.1980781555176,42.7018444914441,87.0384355077496,19.01729973328172,23.156571945856143,21.83321574558566
Sierra Leone,SLE,2020,17.12080002,87.0034823125467,0.00227486484143307,26.3,845.277558236182,62.5606803894043,43.2129659123546,87.0034823125467,18.67587876565,19.01729973328172,23.156571945856143
Sierra Leone,SLE,2021,18.65390015,101.636782141976,0.00227311979020093,27.5,885.396401613729,73.4251403808594,43.7345385973699,101.636782141976,20.791841891263207,18.67587876565,19.01729973328172
Sierra Leone,SLE,2022,21.50880051,107.882000873042,,29.4,860.371067874555,73.4251403808594,44.2666343543487,107.882000873042,29.959019499921606,20.791841891263207,18.67587876565
Sierra Leone,SLE,2023,23.71360016,107.882000873042,,35.5,758.329137301888,86.9079513549805,44.809324991151,,20.89163842766361,29.959019499921606,20.791841891263207
Sierra Leone,SLE,2024,25.10499954,107.882000873042,,39.2,806.654650274255,86.9079513549805,45.3626823156371,,21.97176430015214,20.89163842766361,29.959019499921606
El Salvador,SLV,2004,3.2,30.519224117358,0.488303189300463,87.4,2285.68907438892,67.8388290405273,60.1425374326239,30.519224117358,24.423781358689293,22.024770396842015,26.537407083001032
El Salvador,SLV,2005,4.199999809,40.1585492686965,0.704578310364132,87.5,2447.39140845394,67.6287612915039,61.0308213239291,40.1585492686965,25.12555320656938,24.423781358689293,22.024770396842015
El Salvador,SLV,2006,5.5,64.1687154581421,1.02433742691783,89.2,2665.61807194853,67.4043807983398,61.9068679391763,64.1687154581421,29.22736095991702,25.12555320656938,24.423781358689293
El Salvador,SLV,2007,6.11,102.122474801259,1.49357119276704,91.1,2830.65693770733,67.3213119506836,62.7676878093683,102.122474801259,35.02068085737838,29.22736095991702,25.12555320656938
El Salvador,SLV,2008,10.08,115.282146492369,2.04781751504363,91.0,2983.24829577976,66.1245803833008,63.6372503452723,115.282146492369,38.63171985691744,35.02068085737838,29.22736095991702
El Salvador,SLV,2009,12.11,125.097486408944,2.47022334783167,91.1,2910.18651752011,66.7064819335938,64.5299047495248,125.097486408944,40.75327613256965,38.63171985691744,35.02068085737838
El Salvador,SLV,2010,15.9,126.895517965726,2.88837850918774,91.6,3040.07300952878,68.1448218125398,65.4327927543162,126.895517965726,42.75937227824542,40.75327613256965,38.63171985691744
El Salvador,SLV,2011,18.89999962,136.551339569766,3.38252387840188,92.6,3330.60049486653,69.7446217742312,66.334413642034,136.551339569766,45.80971891246827,42.75937227824542,40.75327613256965
El Salvador,SLV,2012,20.3213877242007,141.462796298644,3.95978066642405,93.7,3497.91256915509,70.8309781500769,67.2232666950659,141.462796298644,47.37399735420093,45.80971891246827,42.75937227824542
El Salvador,SLV,2013,23.1093,146.475563213174,4.6332539426429,95.0,3582.26694005169,72.2452860122263,68.0878511957995,146.475563213174,49.208547436027196,47.37399735420093,45.80971891246827
El Salvador,SLV,2014,24.7617121459061,149.171006440904,5.17470921011106,95.1,3666.01248913873,71.3858349113676,68.9166664266223,149.171006440904,50.53341955383502,49.208547436027196,47.37399735420093
El Salvador,SLV,2015,26.8026049600572,150.947947466847,5.7085946935124,95.4,3790.34089108162,70.725825383614,69.6982116699219,150.0,51.899229242591275,50.53341955383502,49.208547436027196
El Salvador,SLV,2016,28.99710083,155.419607147465,6.37509676170817,96.0,3901.34014965811,68.2966095615156,70.3990173339844,150.0,53.17286869084664,51.899229242591275,50.53341955383502
El Salvador,SLV,2017,33.8207289048526,152.538724748062,7.26258313909333,96.8,4020.12671373919,66.1074423967185,71.0856704711914,150.0,54.576724452641514,53.17286869084664,51.899229242591275
El Salvador,SLV,2018,43.79999924,151.668612868534,7.91447387354624,97.0,4183.54620971358,66.9325713689265,71.7577209472656,150.0,59.33377032509975,54.576724452641514,53.17286869084664
El Salvador,SLV,2019,50.4911940673888,167.088631599992,8.43878438871173,97.4,4320.11671534627,64.8486537180759,72.4148941040039,150.0,62.283940833726774,59.33377032509975,54.576724452641514
El Salvador,SLV,2020,54.60136976,159.575329772708,8.53679094316574,99.7,3997.19279583709,65.1837191291627,73.0570220947266,150.0,63.63842499883391,62.283940833726774,59.33377032509975
El Salvador,SLV,2021,57.26380157,176.973446325336,9.07178351163771,97.9,4642.60743101342,64.9813787512946,73.6838531494141,150.0,64.49870274583398,63.63842499883391,62.283940833726774
El Salvador,SLV,2022,60.05609894,183.248955984561,9.73832698625659,100.0,5074.60050994225,65.2267824913058,74.1465021298679,150.0,66.3195961777729,64.49870274583398,63.63842499883391
El Salvador,SLV,2023,62.61989975,179.705636976149,11.6271746145254,98.3,5319.7195268688,65.5709865566541,74.6080675149903,150.0,67.66929500068865,66.3195961777729,64.49870274583398
El Salvador,SLV,2024,66.47769928,176.517423814642,12.4640729621203,98.7,5503.10317151907,62.1425847697468,75.0674905102199,150.0,69.50701188189547,67.66929500068865,66.3195961777729
San Marino,SMR,2008,54.52,82.1588498703747,16.4977610181475,100.0,75902.1677701187,62.9629592895508,96.3901700249324,82.1588498703747,60.98555535585291,52.49786132948348,53.09485020977681
San Marino,SMR,2009,54.21,99.531405782652,18.0990362246594,100.0,62429.0202738462,63.9632110595703,96.8391666956869,99.531405782652,62.25305610235517,60.98555535585291,52.49786132948348
San Marino,SMR,2011,49.6,110.245888899251,20.3239143274581,100.0,55601.4008139955,65.9253387451172,97.0999984741211,110.245888899251,64.05798157030937,62.25305610235517,60.98555535585291
San Marino,SMR,2016,55.0,107.051901290946,35.127777289892,100.0,44359.4574206971,65.9253387451172,97.0999984741211,107.051901290946,69.83027702231351,64.05798157030937,62.25305610235517
San Marino,SMR,2017,60.18230057,110.535807784048,30.5427889929606,100.0,45192.0530047599,65.9253387451172,97.0999984741211,110.535807784048,67.47013192846572,69.83027702231351,64.05798157030937
San Marino,SMR,2019,67.85070038,111.822930193634,31.9770294058234,100.0,46626.9998571568,61.0058309037901,97.0999984741211,111.822930193634,72.8520671450279,67.47013192846572,69.83027702231351
San Marino,SMR,2020,77.94999695,112.168886076677,31.6373781241911,100.0,44426.6259613672,61.8604651162791,97.0999984741211,112.168886076677,76.29343423277044,72.8520671450279,67.47013192846572
San Marino,SMR,2021,81.66999817,115.700566932778,34.7101700798334,100.0,54168.9744311193,61.0071942446043,97.1035668453272,115.700566932778,78.99027185820259,76.29343423277044,72.8520671450279
San Marino,SMR,2022,97.32790375,120.269873863303,35.7876210032268,100.0,54264.5837022908,61.6779239246356,97.1141889380465,120.269873863303,87.2352977112597,78.99027185820259,76.29343423277044
San Marino,SMR,2023,97.33640289,120.269873863303,,100.0,59871.3288101478,60.7940446650124,97.1317310361655,,98.0870673257801,87.2352977112597,78.99027185820259
San Marino,SMR,2024,97.35220337,120.269873863303,,100.0,59871.3288101478,60.3746397694525,97.1560555881096,,98.06879595216036,98.0870673257801,87.2352977112597
"Somalia, Fed. Rep.",SOM,2007,1.122200012,5.29914466505961,,20.2,479.635628065289,6.01468992233276,36.5641925012053,5.29914466505961,5.733849985950795,4.488396828019014,4.368640530036872
"Somalia, Fed. Rep.",SOM,2008,1.142699957,5.37593658761268,,22.9,507.03744334738,6.01468992233276,37.1754203605454,5.37593658761268,6.752699922359351,5.733849985950795,4.488396828019014
"Somalia, Fed. Rep.",SOM,2009,1.160599947,5.35899363283001,,25.5,246.513251675105,6.01468992233276,37.8418671506609,5.35899363283001,7.24738800006708,6.752699922359351,5.733849985950795
"Somalia, Fed. Rep.",SOM,2011,1.25,14.5762796961332,,52.0,235.325945610434,6.01468992233276,39.380318284448,14.5762796961332,14.823415591290097,7.24738800006708,6.752699922359351
"Somalia, Fed. Rep.",SOM,2012,1.376700044,18.457350680033,0.320997403131009,51.8,350.261946720512,6.01468992233276,40.2722730087349,18.457350680033,11.949871465865812,14.823415591290097,7.24738800006708
"Somalia, Fed. Rep.",SOM,2013,1.5,40.2732207402969,0.466215173532281,51.5,393.398703952979,6.01468992233276,41.2593474250273,40.2732207402969,14.465755547867605,11.949871465865812,14.823415591290097
"Somalia, Fed. Rep.",SOM,2014,1.629999995,41.2309585125849,0.524757653796535,51.4,429.431656725102,6.01468992233276,42.3515167236328,41.2309585125849,14.363530996481874,14.465755547867605,11.949871465865812
"Somalia, Fed. Rep.",SOM,2015,1.75999999,42.2685278435236,0.593903235635527,51.2,445.583080073396,6.01468992233276,43.8618107408479,42.2685278435236,14.268291437290689,14.363530996481874,14.465755547867605
"Somalia, Fed. Rep.",SOM,2016,1.879999995,46.366719307758,0.641171280544494,51.1,460.928490585175,6.01468992233276,45.942842729174,46.366719307758,14.728617182221207,14.268291437290689,14.363530996481874
"Somalia, Fed. Rep.",SOM,2019,2.731400013,51.3194116563494,0.611316681940227,49.2,539.954816211694,6.01468992233276,51.6421170703225,51.3194116563494,14.043901086818575,14.728617182221207,14.268291437290689
"Somalia, Fed. Rep.",SOM,2020,15.02369976,53.1133178401473,0.714663593733325,49.9,518.16113333875,6.01468992233276,52.286318011754,53.1133178401473,18.024334667211228,14.043901086818575,14.728617182221207
"Somalia, Fed. Rep.",SOM,2021,23.87479973,51.2059481348129,0.68899907598855,49.3,549.056994756254,6.01468992233276,52.9060649733324,51.2059481348129,19.630869708004667,18.024334667211228,14.043901086818575
"Somalia, Fed. Rep.",SOM,2022,27.6,49.6800986995936,0.668468085170923,48.9,573.141165798229,6.01468992233276,53.5010115886789,49.6800986995936,22.227719104319345,19.630869708004667,18.024334667211228
"Somalia, Fed. Rep.",SOM,2023,26.12010002,53.9579646939598,0.722963033976147,50.3,596.885985135589,3.34785008430481,54.0714435506882,53.9579646939598,20.61173001750201,22.227719104319345,19.630869708004667
"Somalia, Fed. Rep.",SOM,2024,27.94020081,53.9579646939598,,54.4,629.538899449007,3.34785008430481,54.6176465524521,,29.89030864808569,20.61173001750201,22.227719104319345
Serbia,SRB,2006,27.2,89.3758549177073,1.6375541739356,99.6,4492.7136699046,88.9565811157227,58.1709152910668,89.3758549177073,44.77904797765839,42.123713031782756,49.63088247038027
Serbia,SRB,2007,33.15,114.29611072521,4.40450123718982,99.6,6081.08765700202,89.437370300293,58.5577111784378,114.29611072521,51.64265412785247,44.77904797765839,42.123713031782756
Serbia,SRB,2008,35.6,130.694616797607,6.21192878485846,99.6,7376.73517910716,90.4638137817383,58.8944613226962,130.694616797607,55.23717140371035,51.64265412785247,44.77904797765839
Serbia,SRB,2009,38.1,135.323308847551,8.06268345735953,99.6,6414.0448463847,91.4844589233398,59.1643483956067,135.323308847551,56.841523028088204,55.23717140371035,51.64265412785247
Serbia,SRB,2010,40.9,136.015037810579,11.7956770547049,99.7,5970.92660940072,91.4276275634766,59.3505550689338,136.015037810579,59.26341149335316,56.841523028088204,55.23717140371035
Serbia,SRB,2011,42.2,141.043436487447,13.442273512,99.7,7082.2861666075,93.6310501098633,59.4349187787267,141.043436487447,62.092069374926325,59.26341149335316,56.841523028088204
Serbia,SRB,2012,48.09999847,127.199184289925,14.8105248871613,99.8,6263.04086072815,94.1696166992188,59.3468437194824,127.199184289925,62.913262129283204,62.092069374926325,59.26341149335316
Serbia,SRB,2013,53.450364175,128.668140961621,16.4163582396862,99.9,7040.41812068781,94.4092102050781,59.6111068725586,128.668140961621,64.079957912315,62.913262129283204,62.092069374926325
Serbia,SRB,2014,62.0750804639377,131.35311754636,16.7418077691238,99.7,6886.67809068704,94.3444137573242,59.8779373168945,131.35311754636,68.47634760037778,64.079957912315,62.913262129283204
Serbia,SRB,2015,65.3170254003801,129.383588087229,18.6568767159217,99.9,5820.3215576888,96.6696090698242,60.1388092041016,129.383588087229,70.81303573840324,68.47634760037778,64.079957912315
Serbia,SRB,2016,67.0568413716938,129.17749484679,20.6094025912635,99.9,5982.37030126471,96.234733581543,60.3853870034026,129.17749484679,72.26995745745984,70.81303573840324,68.47634760037778
Serbia,SRB,2017,70.3308355269141,123.142754551775,21.1492657800305,100.0,6548.03653824187,95.4950866699219,60.621208190918,123.142754551775,70.5893780240249,72.26995745745984,70.81303573840324
Serbia,SRB,2018,73.360709154564,121.074823902706,22.2890953800272,100.0,7559.86165747394,95.0872421264648,60.8433609008789,121.074823902706,73.98394060772688,70.5893780240249,72.26995745745984
Serbia,SRB,2019,77.4167736219802,122.047741314232,23.4424592934158,99.8,7755.632986437,94.4721908569336,61.0492248535156,122.047741314232,75.1617523080943,73.98394060772688,70.5893780240249
Serbia,SRB,2020,78.36804864,120.216859464106,25.1834994361532,100.0,8098.70955668849,92.2411727905273,61.223201751709,120.216859464106,75.35618302295566,75.1617523080943,73.98394060772688
Serbia,SRB,2021,81.16588116,125.075587327252,26.4794202826056,100.0,9680.52798074468,92.3795013427734,61.363899230957,125.075587327252,77.35780474570682,75.35618302295566,75.1617523080943
Serbia,SRB,2022,83.53825397,129.813149647571,29.3457941392192,100.0,10024.8191112596,91.9540023803711,61.9013813540396,129.813149647571,80.43029232059459,77.35780474570682,75.35618302295566
Serbia,SRB,2023,85.35746686,128.471147595832,31.2695286708104,100.0,12281.707946167,91.9540023803711,62.1434649229738,128.471147595832,81.167647805749,80.43029232059459,77.35780474570682
Serbia,SRB,2024,87.69071294,123.822194984291,33.3746847922718,100.0,13677.7794863909,89.8402786254883,62.3830029804177,123.822194984291,81.89492098089688,81.167647805749,80.43029232059459
South Sudan,SSD,2015,3.0,26.0993389998038,0.00135043147636101,4.8,1080.14718624765,11.5348100662231,18.8092619601773,26.0993389998038,2.392442350509725,2.4378163918683224,2.5676911997855476
South Sudan,SSD,2016,3.5,24.930513119821,0.00138502850665672,5.3,1080.14718624765,11.5348100662231,19.0769476614377,24.930513119821,2.2632623969618715,2.392442350509725,2.4378163918683224
South Sudan,SSD,2017,4.1,27.1848244017002,0.00194947848526301,4.2,1080.14718624765,11.5348100662231,19.3489927232944,27.1848244017002,1.6033490968261073,2.2632623969618715,2.392442350509725
South Sudan,SSD,2018,4.800000191,18.9297575209348,0.00197570339239139,6.3,1080.14718624765,11.5348100662231,19.6254143932663,18.9297575209348,0.3264553285348359,1.6033490968261073,2.2632623969618715
South Sudan,SSD,2019,6.671000004,21.3171365460584,0.00191876265903664,6.8,1080.14718624765,11.5348100662231,19.9062299188719,21.3171365460584,1.6971129323093,0.3264553285348359,1.6033490968261073
Sao Tome and Principe,STP,2004,13.3228526892178,4.91106813354047,,54.7,726.560882130444,39.6760902404785,57.8774845467458,4.91106813354047,22.234512671059157,19.858225038378485,18.07080037578905
Sao Tome and Principe,STP,2005,13.75949955,7.39487376190152,,55.8,844.169181884274,43.0029182434082,59.4188016908917,7.39487376190152,22.65031409832762,22.234512671059157,19.858225038378485
Sao Tome and Principe,STP,2006,14.18200016,11.1230514736957,0.07546577476183,56.9,861.970707697664,43.0029182434082,60.9734167306206,11.1230514736957,18.87749472766896,22.65031409832762,22.234512671059157
Sao Tome and Principe,STP,2007,14.5904831987414,17.736593989393,0.181496758986447,58.0,878.885791918745,46.4745101928711,62.4779478773056,17.736593989393,20.084745964385363,18.87749472766896,22.65031409832762
Sao Tome and Principe,STP,2008,15.47999954,29.0869022342672,0.197936625755928,59.1,1081.8684584729,43.6149482727051,63.8690133423199,29.0869022342672,22.306177758242775,20.084745964385363,18.87749472766896
Sao Tome and Principe,STP,2009,16.40999985,45.4470827031312,0.249082107133419,56.9,1128.28046213305,49.2131805419922,65.0832313370367,45.4470827031312,24.23510732762167,22.306177758242775,20.084745964385363
Sao Tome and Principe,STP,2010,18.75,56.5065290810882,0.321778638298809,61.4,1045.20958234528,50.2788581848145,66.0572200728291,56.5065290810882,27.327930902689246,24.23510732762167,22.306177758242775
Sao Tome and Principe,STP,2011,20.16119957,61.9653216553819,0.396985709591756,62.6,1219.80189089671,48.8370208740234,66.7275977610702,61.9653216553819,28.701469501245004,27.327930902689246,24.23510732762167
Sao Tome and Principe,STP,2012,21.57239914,64.4914721889368,0.410686289517998,57.9,1210.7926479817,56.3386497497559,67.0335889448132,64.4914721889368,28.1769155620515,28.701469501245004,27.327930902689246
Sao Tome and Principe,STP,2013,23.0,64.8875473729989,0.506347464120778,65.0,1382.5757842916,63.3046607971191,67.1306686401367,64.8875473729989,29.83204237755399,28.1769155620515,28.701469501245004
Sao Tome and Principe,STP,2014,24.40999985,65.3056660923834,0.559036830362815,68.6,1489.67633417608,74.2815475463867,67.2606735229492,65.3056660923834,30.875263796921036,29.83204237755399,28.1769155620515
Sao Tome and Principe,STP,2015,25.81999969,92.3511291071491,0.656045453864627,67.3,1298.10946596396,82.4009170532227,67.3915710449219,92.3511291071491,35.00861120441001,30.875263796921036,29.83204237755399
Sao Tome and Principe,STP,2016,28.0,87.4112004084658,0.69959595265331,69.4,1434.87018050521,83.8791198730469,67.5218887329102,87.4112004084658,35.51591217878889,35.00861120441001,30.875263796921036
Sao Tome and Principe,STP,2017,32.61640167,84.0522781079383,0.714596318307001,74.3,1555.79477812888,90.4435729980469,67.6520004272461,84.0522781079383,37.04467072298466,35.51591217878889,35.00861120441001
Sao Tome and Principe,STP,2018,37.99380112,77.3644421396185,0.740768934329906,71.0,1825.59971753966,90.4435729980469,67.7828826904297,77.3644421396185,37.24823209818807,37.04467072298466,35.51591217878889
Sao Tome and Principe,STP,2019,44.25790024,77.6791069955762,0.769475894129115,75.1,1935.2931816596,90.4435729980469,67.9129943847656,77.6791069955762,40.872528284392544,37.24823209818807,37.04467072298466
Sao Tome and Principe,STP,2020,51.55469894,80.1172764274381,1.15528778715478,76.8,2167.22001796925,90.4435729980469,68.0436706542969,80.1172764274381,43.869284649708135,40.872528284392544,37.24823209818807
Sao Tome and Principe,STP,2021,54.94950104,85.2577705092336,1.54216281238596,78.5,2362.58827248102,90.4435729980469,68.1738967895508,85.2577705092336,45.522298356457696,43.869284649708135,40.872528284392544
Sao Tome and Principe,STP,2022,58.56779861,86.7784626941517,2.02470117761428,78.0,2389.73729784737,90.4435729980469,68.3720919798341,86.7784626941517,48.25434216007052,45.522298356457696,43.869284649708135
Sao Tome and Principe,STP,2023,58.70130157,63.4540500972405,2.50139688397417,81.3,2990.6606143535,90.4435729980469,68.6043921103568,63.4540500972405,43.93930152560464,48.25434216007052,45.522298356457696
Sao Tome and Principe,STP,2024,59.11759949,62.4367400312479,2.9940221452347,77.7,3502.6176807171,90.4435729980469,68.8710170184884,62.4367400312479,42.29064437199642,43.93930152560464,48.25434216007052
Suriname,SUR,2004,6.0760478144456,41.410678253357,0.0817243050028895,95.0,2887.7721728844,70.4287109375,66.743604713168,41.410678253357,28.871610938048768,26.88014540388398,25.26756643755843
Suriname,SUR,2005,6.40308628759062,44.8255676249198,0.213166240783497,94.9,3453.42865937765,68.3932418823242,66.7321826490881,44.8255676249198,27.958319339694555,28.871610938048768,26.88014540388398
Suriname,SUR,2006,9.49960041,60.952729253691,0.505907652805635,91.0,5002.65798695759,69.8493118286133,66.6967982269052,60.952729253691,30.68268354782294,27.958319339694555,28.871610938048768
Suriname,SUR,2007,14.11,71.560932250629,0.791878210826039,94.7,5530.17615638309,70.2995910644531,66.6433180134835,71.560932250629,34.90749095235566,30.68268354782294,27.958319339694555
Suriname,SUR,2008,21.05999947,122.310305354168,1.07139200923229,94.7,6576.08546307249,70.8968505859375,66.5776961831642,122.310305354168,44.79733333258761,34.90749095235566,30.68268354782294
Suriname,SUR,2009,31.36,140.536602596179,1.66842051040532,94.6,7129.5768626291,68.5604400634766,66.5058869102882,140.536602596179,51.584006392244234,44.79733333258761,34.90749095235566
Suriname,SUR,2010,31.59,94.7707224465971,2.75365823942625,91.2,7943.60482816915,70.6480069546381,66.4338443691967,94.7707224465971,45.052133573844316,51.584006392244234,44.79733333258761
Suriname,SUR,2011,32.0,95.9107913617333,4.16345329328077,94.6,7949.88867218383,68.2217083635148,66.3675227342307,95.9107913617333,46.616046212231105,45.052133573844316,51.584006392244234
Suriname,SUR,2012,34.68119812,101.14390730725,5.20197002308787,94.6,8851.24050668908,68.4763406082679,66.3132562693376,101.14390730725,48.45268516108925,46.616046212231105,45.052133573844316
Suriname,SUR,2013,37.40000153,152.648413061052,6.51910301922604,94.6,9043.19281529222,68.5071438994946,66.2683575134509,150.0,56.20889310171211,48.45268516108925,46.616046212231105
Suriname,SUR,2014,40.08000183,161.251918320811,8.06433391904034,94.6,9108.18905406764,67.3043899536133,66.2249266178037,150.0,57.91339970965649,56.20889310171211,48.45268516108925
Suriname,SUR,2015,42.76380157,129.027366336157,9.05924243544402,95.0,8813.61705392067,70.1560287475586,66.1828815074718,129.027366336157,56.60910856351415,57.91339970965649,56.20889310171211
Suriname,SUR,2016,45.40000153,137.281393501056,12.1167421230202,95.8,5644.2061057532,71.6250318633699,66.1426466980469,137.281393501056,60.28895823231268,56.60910856351415,57.91339970965649
Suriname,SUR,2017,48.94520187,134.049784997128,11.9951895949727,96.6,6049.52128553675,71.6250318633699,66.1046467051207,134.049784997128,59.81499192314409,60.28895823231268,56.60910856351415
Suriname,SUR,2018,55.10210037,125.480181413914,12.2059071279522,97.4,6665.74180472239,74.745979309082,66.0693060442846,125.480181413914,62.21390321353434,59.81499192314409,60.28895823231268
Suriname,SUR,2019,62.03350067,134.34912375695,13.2740587155479,97.9,6629.66775248603,74.4114544472174,66.0370492311305,134.34912375695,66.5284908554744,62.21390321353434,59.81499192314409
Suriname,SUR,2023,87.4,157.24614636039,17.5373597122531,99.6,5521.97602122638,76.1109237670898,65.7562408447266,150.0,80.75648148437999,66.5284908554744,62.21390321353434
Slovak Republic,SVK,2004,52.89,79.5225777793981,1.46509381072083,100.0,7996.74076556872,93.7951812744141,55.5843833415875,79.5225777793981,59.72849681045361,52.53474009625612,50.62284300803902
Slovak Republic,SVK,2005,55.19,84.445444645828,3.37638642325815,99.9,9087.20357002472,95.3483963012695,55.4189847597721,84.445444645828,58.876183274619784,59.72849681045361,52.53474009625612
Slovak Republic,SVK,2006,56.08,91.0056192794065,5.66531010930944,99.9,10629.1782325838,95.5382995605469,55.2464278407442,91.0056192794065,60.13163377209693,58.876183274619784,59.72849681045361
Slovak Republic,SVK,2007,61.8,112.852224819086,10.1667119521503,100.0,14330.2064943926,95.3289337158203,55.0707354484001,112.852224819086,66.73281502232206,60.13163377209693,58.876183274619784
Slovak Republic,SVK,2008,66.05,102.619815137048,11.24139264415,100.0,17973.8436435514,94.7546234130859,54.895930446636,102.619815137048,66.84815173997188,66.73281502232206,60.13163377209693
Slovak Republic,SVK,2009,70.0,102.091819368094,14.3926739711792,100.0,16586.7527805228,94.39501953125,54.7260356993483,102.091819368094,68.22632829171816,66.84815173997188,66.73281502232206
Slovak Republic,SVK,2010,75.71,109.888273989767,16.2644145767381,100.0,16899.448680529,94.7793426513672,54.5650740704331,109.888273989767,72.18467196137578,68.22632829171816,66.84815173997188
Slovak Republic,SVK,2011,74.4399971746757,110.836202084841,17.6561458836789,100.0,18469.4354316836,94.9994125366211,54.4167387988534,110.836202084841,73.55707746794877,72.18467196137578,68.22632829171816
Slovak Republic,SVK,2012,76.7099901181121,112.758768895687,19.3434773928924,100.0,17516.9691054078,95.0492630004883,54.2764528316182,112.758768895687,74.85828768559738,73.55707746794877,72.18467196137578
Slovak Republic,SVK,2013,77.8826,114.749126777911,20.4985858774048,100.0,18312.7805149823,93.529670715332,54.1384024098892,114.749126777911,73.60224422448883,74.85828768559738,73.55707746794877
Slovak Republic,SVK,2014,79.9843017656729,117.780685215586,21.9975144176702,100.0,18770.9289896545,92.7571029663086,54.0029125499893,117.780685215586,75.84581418357209,73.60224422448883,74.85828768559738
Slovak Republic,SVK,2015,77.6346820339875,123.158867497202,23.5008610259474,100.0,16442.0760860018,91.8957290649414,53.8700628001622,123.158867497202,76.91698441997617,75.84581418357209,73.60224422448883
Slovak Republic,SVK,2016,80.475857275668,128.792489910653,24.626445872585,100.0,16636.0769133073,91.4534378051758,53.7399327086517,128.792489910653,79.3724866317015,76.91698441997617,75.84581418357209
Slovak Republic,SVK,2017,81.6256675172655,130.944551759663,25.8590797873319,100.0,17645.5298716761,91.2535934448242,53.6126018237016,130.944551759663,77.96935243279273,79.3724866317015,76.91698441997617
Slovak Republic,SVK,2018,80.4489224826099,133.040480361667,27.6953839189658,100.0,19573.3717031314,91.7815399169922,53.4881496935559,133.040480361667,81.05343782118983,77.96935243279273,79.3724866317015
Slovak Republic,SVK,2019,82.8536605021784,135.755672834643,29.181106904051,100.0,19406.0589683582,91.3246917724609,53.3666558664583,135.755672834643,81.70638016439496,81.05343782118983,77.96935243279273
Slovak Republic,SVK,2020,89.92090413,133.632904273198,31.192548373756,100.0,19735.4858280801,90.813346862793,53.2481998906526,133.632904273198,84.54667109678341,81.70638016439496,81.05343782118983
Slovak Republic,SVK,2021,88.92560523,135.268252737261,32.6060735005904,100.0,22123.3342114545,91.0899124145508,53.1901479870605,135.268252737261,84.6378641199939,84.54667109678341,81.70638016439496
Slovak Republic,SVK,2022,89.06766196,136.029289645522,33.9988127597088,100.0,21317.7943982363,92.2043075561523,53.1902831072528,136.029289645522,85.45349315044882,84.6378641199939,84.54667109678341
Slovak Republic,SVK,2023,87.2131343,138.232946210214,33.17259432898,100.0,24614.8734642794,92.6436767578125,53.190805019646,138.232946210214,84.3322719389393,85.45349315044882,84.6378641199939
Slovak Republic,SVK,2024,89.82507032,139.967676092657,33.8136036435218,100.0,25992.6748502048,93.1929931640625,53.1919702985684,139.967676092657,85.8895709149047,84.3322719389393,85.45349315044882
Slovenia,SVN,2004,40.81,92.7311397535546,5.77207938621902,100.0,17103.8297783905,98.896858215332,50.7124410611224,92.7311397535546,59.630299175551414,52.43412253865346,52.46505486559324
Slovenia,SVN,2005,46.81,88.0975344957269,9.84769499337478,100.0,17969.7095907161,98.4314880371094,50.648781400021,88.0975344957269,59.917137291818044,59.630299175551414,52.43412253865346
Slovenia,SVN,2006,54.01,90.8371665317101,13.9689503443139,100.0,19563.005059144,97.2324523925781,50.5672552816963,90.8371665317101,63.616315922511035,59.917137291818044,59.630299175551414
Slovenia,SVN,2007,56.74,95.7428364606947,17.1127091320542,100.0,23725.1596001515,99.2364883422852,50.4707127083144,95.7428364606947,65.24383268296543,63.616315922511035,59.917137291818044
Slovenia,SVN,2008,58.0,101.472234498799,21.0012913038218,100.0,27461.9764165315,99.93359375,50.3620036820409,101.472234498799,66.78628167158506,65.24383268296543,63.616315922511035
Slovenia,SVN,2009,64.0,103.184650482804,22.0587657348566,100.0,24501.7897290425,98.9675598144531,50.2439782050416,103.184650482804,68.22277500867374,66.78628167158506,65.24383268296543
Slovenia,SVN,2010,70.0,103.782526953769,23.0130215414954,100.0,23329.8417691156,98.5378189086914,50.1194862794826,103.782526953769,71.05663297578384,68.22277500867374,66.78628167158506
Slovenia,SVN,2011,67.3399948092396,105.844580545528,24.1297849867532,100.0,24940.6284841605,98.4782180786133,49.9463818748723,105.844580545528,72.62355480760012,71.05663297578384,68.22277500867374
Slovenia,SVN,2012,68.3499745287825,109.148058194505,24.8054736692412,100.0,22442.1417859955,98.1137313842773,49.7619476318359,109.148058194505,73.17897594652584,72.62355480760012,71.05663297578384
Slovenia,SVN,2013,72.6756,111.044907196462,25.5111136181393,100.0,23236.9655321695,110.558929443359,50.0466580754027,111.044907196462,72.47894016691845,73.17897594652584,72.62355480760012
Slovenia,SVN,2014,71.5862515855601,113.019086174171,27.0022702087688,100.0,24013.0682060959,110.182746887207,50.983470916748,113.019086174171,73.52200559443312,72.47894016691845,73.17897594652584
Slovenia,SVN,2015,73.0986599745829,114.271192414174,27.6233320566015,100.0,20697.2748530619,109.655220031738,53.6612160294144,114.271192414174,75.3827269440004,73.52200559443312,72.47894016691845
Slovenia,SVN,2016,75.4985042610791,115.736307790972,28.5889065200718,100.0,21447.8377796036,115.216941833496,53.647274017334,115.736307790972,76.95686282471138,75.3827269440004,73.52200559443312
Slovenia,SVN,2017,78.8854263554775,118.461993493049,29.180424842781,100.0,23303.077705959,114.595596313477,55.2451133728027,118.461993493049,75.97071524936626,76.95686282471138,75.3827269440004
Slovenia,SVN,2018,79.7499765956562,119.153401263409,29.6086313428343,100.0,25888.0481065655,113.556167602539,55.1913430955675,119.153401263409,79.44855657615608,75.97071524936626,76.95686282471138
Slovenia,SVN,2019,83.1083578026717,120.568876746571,30.1395433223627,100.0,25814.1687167572,111.369567871094,55.4523277282715,120.568876746571,79.81629492184939,79.44855657615608,75.97071524936626
Slovenia,SVN,2020,86.60130109,121.331428226248,30.9930132861242,100.0,25392.0651093612,110.359169006348,55.384391784668,121.331428226248,81.16471395107901,79.81629492184939,79.44855657615608
Slovenia,SVN,2021,89.00399524,123.362924143622,31.5502669986288,100.0,29192.8401933019,108.17887878418,55.3046289429588,123.362924143622,82.27884215069544,81.16471395107901,79.81629492184939
Slovenia,SVN,2022,88.91248552,126.45918075971,32.0104972135392,100.0,28360.3041467268,107.874809265137,55.3377817873563,126.45918075971,83.19441869100422,82.27884215069544,81.16471395107901
Slovenia,SVN,2023,90.37794678,129.227963043737,31.8814801387465,100.0,32660.4753581346,107.626876831055,55.5378927789875,129.227963043737,83.68056320727862,83.19441869100422,82.27884215069544
Slovenia,SVN,2024,90.76355487,130.86090177123,34.2332575162942,100.0,34301.0318686594,107.626876831055,55.7577708405917,130.86090177123,84.81361488421693,83.68056320727862,83.19441869100422
Sweden,SWE,2004,83.89,97.6783137909993,15.6774527541615,100.0,42758.0048564929,101.425491333008,84.2670710494849,97.6783137909993,88.92739615638102,84.93274451727005,81.04446305729007
Sweden,SWE,2005,84.83,100.822047425123,27.929833436529,100.0,43378.4077394363,101.482162475586,84.3499984741211,100.822047425123,91.37197629744102,88.92739615638102,84.93274451727005
Sweden,SWE,2006,87.76,105.79670579871,27.4100136080972,100.0,46531.3762240485,101.204086303711,84.4553200620359,105.79670579871,87.8739860249774,91.37197629744102,88.92739615638102
Sweden,SWE,2007,82.01,110.587549083029,30.3915033589943,100.0,53568.3057787832,100.998710632324,84.5906875454778,110.587549083029,84.22411625698861,87.8739860249774,91.37197629744102
Sweden,SWE,2008,90.0,108.612891679953,31.4844304168158,100.0,55817.1759726485,101.521087646484,84.7517366727063,108.612891679953,85.75184915250705,84.22411625698861,87.8739860249774
Sweden,SWE,2009,91.0,112.273275734132,31.6719577060978,100.0,46707.6425044751,101.434310913086,84.9341031919813,112.273275734132,84.13875592155799,85.75184915250705,84.22411625698861
Sweden,SWE,2010,90.0,117.211932910169,31.9840349438999,100.0,52542.5759090299,102.25106048584,85.1334228515625,117.211932910169,84.30228341418592,84.13875592155799,85.75184915250705
Sweden,SWE,2011,92.7699860554046,121.218520944341,32.0391154481002,100.0,60379.4814599322,102.14037322998,85.3600748880524,121.218520944341,88.88900024028597,84.30228341418592,84.13875592155799
Sweden,SWE,2012,93.1799880065108,124.465204900222,32.2829791143157,100.0,57749.5615420853,103.106872558594,85.6250668883122,124.465204900222,88.93125126713787,88.88900024028597,84.30228341418592
Sweden,SWE,2013,94.7836,125.141584605994,32.7855388506159,100.0,60843.9888799369,132.713500976562,85.9249771259894,125.141584605994,86.06741782991966,88.93125126713787,88.88900024028597
Sweden,SWE,2014,92.5236065037579,126.980024510044,33.841393015349,100.0,59583.4584491714,133.660247802734,86.2563838747314,126.980024510044,86.68836564665703,86.06741782991966,88.93125126713787
Sweden,SWE,2015,90.6101966398616,128.974452830716,35.6778078349251,100.0,51188.1652120493,137.462966918945,86.6158654081858,128.974452830716,87.99536827090529,86.68836564665703,86.06741782991966
Sweden,SWE,2016,89.6509476102355,126.401633330915,37.0821744423215,100.0,51703.5088332851,137.561157226562,87.0,126.401633330915,87.78505113149083,87.99536827090529,86.68836564665703
Sweden,SWE,2017,93.0062669652127,124.472904877796,38.3266046004608,100.0,53210.2233318965,142.641586303711,87.237373786911,124.472904877796,85.66374151659468,87.78505113149083,87.99536827090529
Sweden,SWE,2018,89.2469631588137,124.086284526267,38.7413375683818,100.0,54018.4554391861,140.821746826172,87.4737430925296,124.086284526267,88.02322383478145,85.66374151659468,87.78505113149083
Sweden,SWE,2019,94.4934434072202,125.456729050381,39.2905524546107,100.0,51648.9892820514,136.641006469727,87.7088420242759,125.456729050381,88.67589662476253,88.02322383478145,85.66374151659468
Sweden,SWE,2020,94.53943122,123.548656971054,40.3679810262741,100.0,52568.5726980146,136.426132202148,87.9424046895699,123.548656971054,88.3161732946158,88.67589662476253,88.02322383478145
Sweden,SWE,2021,94.6703163,124.96149481991,40.8351431063991,100.0,60647.5416365347,138.688186645508,88.1741651958315,124.96149481991,88.36120822560227,88.3161732946158,88.67589662476253
Sweden,SWE,2022,95.00970335,140.781664517726,40.6093424279832,100.0,54836.8907235124,139.406524658203,88.4038576504809,140.781664517726,91.13814999158868,88.36120822560227,88.3161732946158
Sweden,SWE,2023,95.70327461,140.265691285045,40.7340135908716,100.0,54950.2834725622,134.244293212891,88.631216160938,140.265691285045,91.04750813677578,91.13814999158868,88.36120822560227
Sweden,SWE,2024,95.52930428,140.686673016562,40.6156538715616,100.0,57222.7100565003,131.96354675293,88.8559748346228,140.686673016562,90.9584689688305,91.04750813677578,91.13814999158868
Eswatini,SWZ,2004,3.22868507316111,13.511511341749,,31.4,2525.5640452625,48.3460006713867,22.3077107838089,13.511511341749,11.984998055890685,9.834800777376804,8.893099515489094
Eswatini,SWZ,2005,3.697000027,18.5353032653644,,34.2,2871.06877437449,50.5027885437012,22.2102447619336,18.5353032653644,13.144521336213003,11.984998055890685,9.834800777376804
Eswatini,SWZ,2006,3.69653878906882,23.0534582031581,,35.2,2964.95865200682,54.4987907409668,22.1505527018245,23.0534582031581,14.096468558137563,13.144521336213003,11.984998055890685
Eswatini,SWZ,2007,4.1,34.8398512888453,,39.8,3109.11097608864,58.3698616027832,22.139989967508,34.8398512888453,17.373121021006742,14.096468558137563,13.144521336213003
Eswatini,SWZ,2008,6.85,48.4152042043874,0.0703038272784314,42.6,2946.8606613746,58.3698616027832,22.1692008829856,48.4152042043874,17.702742690438022,17.373121021006742,14.096468558137563
Eswatini,SWZ,2009,8.94,60.1212682768811,0.136089754088348,38.6,3189.79679956637,59.5709686279297,22.2343865624794,60.1212682768811,19.217894658082077,17.702742690438022,17.373121021006742
Eswatini,SWZ,2010,11.04,65.2905141006612,0.329060405703234,45.6,3922.74039390733,64.5977020263672,22.3330792067471,65.2905141006612,21.862983063187812,19.217894658082077,17.702742690438022
Eswatini,SWZ,2011,18.13,68.5737493883254,0.717817419954501,51.2,4225.06049411911,67.2353363037109,22.4634753665393,68.5737493883254,26.493735096906924,21.862983063187812,19.217894658082077
Eswatini,SWZ,2012,20.78179932,71.6279475345304,0.305108362852056,54.3,4224.54789174487,69.2019271850586,22.6237715926065,71.6279475345304,28.05730344164852,26.493735096906924,21.862983063187812
Eswatini,SWZ,2013,24.70000076,79.0272480287436,0.371684705174382,57.5,3949.94310039907,70.8080825805664,22.8121644356992,79.0272480287436,30.983495722995073,28.05730344164852,26.493735096906924
Eswatini,SWZ,2014,25.0,80.6829892484285,0.448825529196101,65.0,3771.07228381938,73.7052383422852,23.026850446568,80.6829892484285,32.57832048021868,30.983495722995073,28.05730344164852
Eswatini,SWZ,2015,25.64299965,82.3406804087808,0.525020278908273,64.1,3419.82276559528,76.2872772216797,23.2660261759632,82.3406804087808,32.72477172020681,32.57832048021868,30.983495722995073
Eswatini,SWZ,2016,28.56999969,86.5588465316001,0.608956709267538,63.4,3238.17611961364,82.023935767308,23.5278881746356,86.5588465316001,34.319947491495554,32.72477172020681,32.57832048021868
Eswatini,SWZ,2017,35.33160019,88.7130405501664,1.34191565323629,73.5,3853.09956569679,82.023935767308,23.8052004963161,88.7130405501664,38.921640798202894,34.319947491495554,32.72477172020681
Eswatini,SWZ,2018,39.38100052,89.2003705956478,1.8710289504324,74.0,3972.65450620357,82.023935767308,24.0579295404227,89.2003705956478,40.75127149676539,38.921640798202894,34.319947491495554
Eswatini,SWZ,2019,43.93389893,91.0519258836113,2.04369280109571,77.0,3913.14577547336,82.023935767308,24.3459549517751,91.0519258836113,43.691897565279625,40.75127149676539,38.921640798202894
Eswatini,SWZ,2020,49.01300049,104.747264466614,2.29004241533492,80.0,3466.56936278145,82.023935767308,24.6652798922192,104.747264466614,47.684866590902104,43.691897565279625,40.75127149676539
Eswatini,SWZ,2021,53.99530029,118.627490794327,2.55280778191155,82.9,3984.00229174306,82.023935767308,25.0156180525173,118.627490794327,52.08957334984157,47.684866590902104,43.691897565279625
Eswatini,SWZ,2022,57.34370041,121.491701239707,2.18530055779024,82.3,3894.1620089869,82.023935767308,25.396682918542,121.491701239707,54.08396611526068,52.08957334984157,47.684866590902104
Eswatini,SWZ,2023,61.33330154,128.399211381334,2.76365982774566,86.4,3755.52111232464,82.023935767308,25.8081878500755,128.399211381334,57.52428210866799,54.08396611526068,52.08957334984157
Eswatini,SWZ,2024,63.40309906,139.833459658744,2.5065536335855,89.3,3909.55892378182,82.023935767308,26.2498461258639,139.833459658744,60.585851585175476,57.52428210866799,54.08396611526068
Seychelles,SYC,2004,24.2721392249906,61.6736240301284,0.395889105676301,95.2,10827.671636033,77.4061813354492,42.9237756892027,61.6736240301284,41.239090468766605,44.32085889471155,45.34377615678373
Seychelles,SYC,2005,25.4132681462836,65.8772657002666,1.06199448838304,95.5,11802.1118276833,84.5365982055664,42.8510349075107,65.8772657002666,40.21672880510057,41.239090468766605,44.32085889471155
Seychelles,SYC,2006,34.95197117065,77.8329810894847,2.73864981797661,99.0,12782.9938926475,77.854362487793,42.7880431397027,77.8329810894847,47.168553600675814,40.21672880510057,41.239090468766605
Seychelles,SYC,2007,38.38,84.4863777495955,3.81882188306293,96.1,12669.3026687222,84.6312103271484,42.7361330057413,84.4863777495955,48.99100320993226,47.168553600675814,40.21672880510057
Seychelles,SYC,2008,40.44,101.003814278151,3.69217802846121,96.5,11265.4376270005,81.1551132202148,42.696637125589,101.003814278151,51.82323772518468,48.99100320993226,47.168553600675814
Seychelles,SYC,2010,41.0,123.813585199693,7.15270977456276,97.0,10934.79494629,76.172233581543,42.660307244583,123.813585199693,55.62035107366944,51.82323772518468,48.99100320993226
Seychelles,SYC,2011,43.16400146,130.476995382586,9.7006926121372,98.1,12110.0937461973,74.46608040201,42.6739844860866,130.476995382586,59.13950751849269,55.62035107366944,51.82323772518468
Seychelles,SYC,2012,47.07600021,137.106577057151,10.6255588037331,98.3,12337.1554669388,84.5009231567383,42.7261758463169,137.106577057151,61.777080632673524,59.13950751849269,55.62035107366944
Seychelles,SYC,2013,50.40000153,133.985679723389,12.1565631336135,98.0,14821.2921476077,84.6974263853466,42.815069634181,133.985679723389,61.82669409994651,61.777080632673524,59.13950751849269
Seychelles,SYC,2014,51.25469971,144.60603512527,11.3010491715558,100.0,15188.1902175113,89.3980343980344,42.9386256186342,144.60603512527,64.03594243832369,61.82669409994651,61.777080632673524
Seychelles,SYC,2015,54.25960159,138.248624452112,12.5151543411359,100.0,15333.1051727105,92.0911695105244,43.094803568632,138.248624452112,65.14171949924626,64.03594243832369,61.82669409994651
Seychelles,SYC,2016,56.51470184,138.276832299833,12.7798872711048,100.0,16566.9946042294,101.712798026857,43.2815632531296,138.276832299833,66.17077562005056,65.14171949924626,64.03594243832369
Seychelles,SYC,2017,62.55310059,148.791660366282,13.5385628007507,100.0,17480.3651911372,112.311212814645,43.4968644410824,148.791660366282,68.91710293183169,66.17077562005056,65.14171949924626
Seychelles,SYC,2018,69.23660278,155.551112656467,17.114916550765,100.0,18440.2340460932,108.274060095805,43.7386669014459,150.0,74.49159378736229,68.91710293183169,66.17077562005056
Seychelles,SYC,2019,76.63420105,164.617084572886,22.9273268168296,100.0,19141.5118743615,100.825877494838,44.0049304031754,150.0,79.01894998142801,74.49159378736229,68.91710293183169
Seychelles,SYC,2020,79.25170135,152.5450781854,29.067843812089,100.0,14041.4754074575,102.18818380744,44.2936147152263,150.0,81.72604681125529,79.01894998142801,74.49159378736229
Seychelles,SYC,2021,81.99530029,149.479213250181,33.5645230796751,100.0,14982.9111487767,102.952278242114,44.6026796065539,149.479213250181,84.41029439241457,81.72604681125529,79.01894998142801
Seychelles,SYC,2022,84.83380127,163.429518331448,29.8314239734867,100.0,16682.6990711785,76.8818747010999,44.9108209981157,150.0,84.26964457344334,84.41029439241457,81.72604681125529
Seychelles,SYC,2023,86.001297,129.24400747161,30.7719361318005,100.0,18130.5297135548,74.2514404458298,45.0971081321658,129.24400747161,81.4003154773828,84.26964457344334,84.41029439241457
Seychelles,SYC,2024,87.81800079,125.616862703001,31.5968654633563,100.0,18364.5259678223,70.824577331543,45.2898622460415,125.616862703001,81.63469878442204,81.4003154773828,84.26964457344334
Syrian Arab Republic,SYR,2004,4.32159377785571,12.7938920890283,0.00327209516343434,92.3,1368.11263904001,63.2146301269531,53.5,12.7938920890283,22.6131355294604,26.532363117139266,23.46887227661681
Syrian Arab Republic,SYR,2005,5.648099899,15.6797370651604,0.0143509457884519,92.0,1533.90017615946,66.2456588745117,53.8227202374695,15.6797370651604,22.983795433380884,22.6131355294604,26.532363117139266
Syrian Arab Republic,SYR,2006,7.832600117,23.807072172145,0.0265722572394124,99.5,1718.78469956591,67.4928436279297,54.059770380523,23.807072172145,26.461016094361064,22.983795433380884,22.6131355294604
Syrian Arab Republic,SYR,2007,11.5,29.8536903030412,0.0333123844068162,91.5,1937.61199094087,68.0717620849609,54.2883969431774,29.8536903030412,27.18056348785715,26.461016094361064,22.983795433380884
Syrian Arab Republic,SYR,2008,14.0,32.6121929526333,0.0510940646583256,91.3,2429.1247629459,68.490966796875,54.5858464394493,32.6121929526333,28.596554645337694,27.18056348785715,26.461016094361064
Syrian Arab Republic,SYR,2009,17.3,45.6016523479648,0.157696905337583,91.1,2462.20127278738,69.7070083618164,55.0293653833552,45.6016523479648,31.582995164511395,28.596554645337694,27.18056348785715
Syrian Arab Republic,SYR,2010,20.7,52.0228671102636,0.310540399541491,92.7,2730.61487784917,70.8321380615234,55.6962002889119,52.0228671102636,34.16946662685629,31.582995164511395,28.596554645337694
Syrian Arab Republic,SYR,2011,22.5,56.4601130740851,0.530201417967525,91.5,2952.14372909443,72.3000030517578,58.4817704183521,56.4601130740851,35.032810176724254,34.16946662685629,31.582995164511395
Syrian Arab Republic,SYR,2012,24.30010033,57.0304708357464,1.06395659743909,90.7,1897.66115018696,73.1369705200195,65.0896662830335,57.0304708357464,35.33626642298294,35.032810176724254,34.16946662685629
Syrian Arab Republic,SYR,2013,26.20000076,56.7277291919289,1.59757846490112,90.4,985.892669221634,47.5814208984375,73.0620491886137,56.7277291919289,35.61829866183378,35.33626642298294,35.032810176724254
Syrian Arab Republic,SYR,2014,28.09000015,69.2511845049776,2.47214378026187,90.2,1060.59105887433,47.5814208984375,76.0,69.2511845049776,38.18218939280089,35.61829866183378,35.33626642298294
Syrian Arab Republic,SYR,2015,29.97979927,73.6810937543276,3.75431321223408,90.0,847.731545352582,47.5814208984375,75.7529067188542,73.6810937543276,39.95766699483715,38.18218939280089,35.61829866183378
Syrian Arab Republic,SYR,2016,31.8696003,69.5528574436978,5.26009550775525,89.8,656.349017520952,47.5814208984375,75.15400963398,69.5528574436978,40.576247025610385,39.95766699483715,38.18218939280089
Syrian Arab Republic,SYR,2017,32.70000076,80.032591460097,7.40231248726896,89.6,851.501972646386,47.5814208984375,74.5395596323392,80.032591460097,41.7994822305067,40.576247025610385,39.95766699483715
Syrian Arab Republic,SYR,2018,33.77000046,87.4952069545959,6.78669179370865,86.0,1098.06667935023,47.5814208984375,74.0612602381775,87.4952069545959,42.77766624352682,41.7994822305067,40.576247025610385
Chad,TCD,2004,0.360920107034467,1.2399148551477,,3.5,445.850767157087,15.217809677124,21.7377792120134,1.2399148551477,0.4750608666120673,0.7212178010650502,0.8266925632007494
Chad,TCD,2005,0.399257700084004,2.03328940137249,,4.8,838.092107712557,15.5320997238159,21.7519046977973,2.03328940137249,0.8995514152505755,0.4750608666120673,0.7212178010650502
Chad,TCD,2006,0.581045764229641,4.35334898001424,,5.1,906.897260572747,15.8697900772095,21.7629797848529,4.35334898001424,1.4927772294568524,0.8995514152505755,0.4750608666120673
Chad,TCD,2007,0.847224520710968,8.28716997272972,,5.5,980.483531485103,18.2909908294678,21.7709046834576,8.28716997272972,2.2927916688152914,1.4927772294568524,0.8995514152505755
Chad,TCD,2008,1.19,13.9417805187318,,5.9,1166.36883453841,20.7904891967773,21.7755796038887,13.9417805187318,3.907677509437009,2.2927916688152914,1.4927772294568524
Chad,TCD,2009,1.5,19.1808238172742,0.00249710898678416,6.3,1035.63719694254,22.7542705535889,21.7784396568755,19.1808238172742,3.886201058185529,3.907677509437009,2.2927916688152914
Chad,TCD,2010,1.700000048,23.3525805934177,0.00268830849761321,6.4,1141.80069268412,22.369271805704,21.8472378191095,23.3525805934177,3.832050961321986,3.886201058185529,3.907677509437009
Chad,TCD,2011,1.899999976,28.7390189115685,0.123865180054531,9.0,1308.1421872538,22.8224817551818,21.9558736797638,28.7390189115685,5.140075661163541,3.832050961321986,3.886201058185529
Chad,TCD,2012,2.099999905,33.3228572133612,0.147256096776337,7.8,1354.34344701937,22.1087903431339,22.1061904148178,33.3228572133612,5.16475882003753,5.140075661163541,3.832050961321986
Chad,TCD,2013,2.5,33.3154384690936,0.107288841149774,8.1,1304.88742971475,24.5326035474767,22.2975929852391,33.3154384690936,4.742245441587527,5.16475882003753,5.140075661163541
Chad,TCD,2014,2.900000095,37.0123277165075,0.071402000947516,8.4,1278.78981422494,22.8485794067383,22.5294513486009,37.0123277165075,5.1160189129667,4.742245441587527,5.16475882003753
Chad,TCD,2015,3.5,37.3152541289811,0.0773982341569324,7.7,993.990730610869,22.2454248795188,22.8011258828974,37.3152541289811,4.903082025837132,5.1160189129667,4.742245441587527
Chad,TCD,2016,5.800000191,36.9555838356879,0.0339141052177506,9.2,861.831767630746,22.530490847167,23.1119734707179,36.9555838356879,5.845166855652389,4.903082025837132,5.1160189129667
Chad,TCD,2017,6.351900101,40.7648866631048,0.00211870387298428,10.9,854.46120040098,20.5855678473561,23.461349471105,40.7648866631048,6.037557397546441,5.845166855652389,4.903082025837132
Chad,TCD,2018,6.956299782,43.2279057924006,0.00206727545659399,10.1,948.656629871231,20.0021180694774,23.8486084924975,43.2279057924006,5.7471488679678115,6.037557397546441,5.845166855652389
Chad,TCD,2019,7.618199825,45.9378876746208,0.00040754624616045,8.4,893.336441643325,20.192877474143,24.2731047386633,45.9378876746208,6.243519690370038,5.7471488679678115,6.037557397546441
Chad,TCD,2020,8.343099594,50.434327397335,0.0,10.9,866.947814890409,20.192877474143,24.7341921795416,50.434327397335,5.915465169617136,6.243519690370038,5.7471488679678115
Chad,TCD,2021,9.653699875,58.0323175441615,0.0,11.3,946.358500208374,23.1541767734797,25.2312246423075,58.0323175441615,5.966108546645351,5.915465169617136,6.243519690370038
Chad,TCD,2022,11.17029953,65.4377795535985,0.0,11.7,966.036468278568,23.1541767734797,25.7635558629694,65.4377795535985,9.03781921753723,5.966108546645351,5.915465169617136
Chad,TCD,2023,12.03590012,70.1873962423852,0.0,12.0,949.991054236266,24.1941648001316,26.3305395171046,70.1873962423852,8.418467580453097,9.03781921753723,5.966108546645351
Chad,TCD,2024,12.62689972,72.9289782617702,0.0,13.4,980.668312111718,23.49298947746,26.9315292389497,72.9289782617702,7.906637452753075,8.418467580453097,9.03781921753723
Togo,TGO,2004,1.5,5.83805025815816,,24.8,604.311329116751,41.9863700866699,34.9007435603688,5.83805025815816,7.6360986479552535,6.877356688112828,6.417553765771739
Togo,TGO,2005,1.799999952,7.41937343863111,,26.5,595.200212014134,44.2280082702637,35.3487650305291,7.41937343863111,8.208825515240559,7.6360986479552535,6.877356688112828
Togo,TGO,2006,2.0,11.7790568369439,,27.9,596.249203137762,46.0299682617188,35.795057579151,11.7790568369439,9.38651426038413,8.208825515240559,7.6360986479552535
Togo,TGO,2007,2.200000048,19.2348550759298,0.0194074537549949,30.0,654.083697666439,42.7597885131836,36.2392154091353,19.2348550759298,8.957523916255997,9.38651426038413,8.208825515240559
Togo,TGO,2008,2.400000095,24.3301576494957,0.0300055960201055,31.8,771.351190404751,42.7597885131836,36.6808327233827,24.3301576494957,10.31080735520016,8.957523916255997,9.38651426038413
Togo,TGO,2009,2.599999905,33.384906435038,0.0635849487130764,33.7,770.172869777254,42.7597885131836,37.1195037247939,33.384906435038,11.872986447852234,10.31080735520016,8.957523916255997
Togo,TGO,2010,3.0,38.6520343582485,0.404376324713075,30.8,750.323421086121,42.7597885131836,37.5545882975638,38.6520343582485,11.727673144042178,11.872986447852234,10.31080735520016
Togo,TGO,2011,3.5,38.9697843149559,0.492143829355825,39.7,834.14671980279,52.7706298828125,37.9872305648732,38.9697843149559,13.767000693072102,11.727673144042178,11.872986447852234
Togo,TGO,2012,4.0,46.6464180614517,0.584347876051159,39.1,813.611525037432,52.7706298828125,38.4194359598204,46.6464180614517,14.491349414776362,13.767000693072102,11.727673144042178
Togo,TGO,2013,4.5,58.5138554393817,0.0949153119330303,41.0,885.698522723929,52.7706298828125,38.8516767884103,58.5138554393817,16.05451507276684,14.491349414776362,13.767000693072102
Togo,TGO,2014,5.699999809,60.4368580586019,0.168753220162062,45.7,921.539748631461,52.7706298828125,39.2839506458368,60.4368580586019,17.531270545902714,16.05451507276684,14.491349414776362
Togo,TGO,2015,7.119999886,63.3574638254671,0.862199121906724,44.7,813.894676975085,52.7706298828125,39.7162551272934,63.3574638254671,18.34619941086804,17.531270545902714,16.05451507276684
Togo,TGO,2016,11.31000042,70.0588130571426,0.620529481672155,46.8,843.114204338675,52.7706298828125,40.1485878279739,70.0588130571426,21.239607531538397,18.34619941086804,17.531270545902714
Togo,TGO,2017,12.3602249692905,75.3357270694068,0.627393839501362,48.0,872.076408845752,60.769472220228,40.5809463430719,75.3357270694068,21.82473446532209,21.239607531538397,18.34619941086804
Togo,TGO,2018,15.5,74.3997114343066,0.316705449644003,50.0,942.480774393154,60.769472220228,41.013328267781,74.3997114343066,22.726347684915062,21.82473446532209,21.239607531538397
Togo,TGO,2019,20.72730064,73.7224727486533,0.376920048379618,52.5,917.718016777619,60.769472220228,41.445731197295,73.7224727486533,25.557542906958208,22.726347684915062,21.82473446532209
Togo,TGO,2020,29.02370071,75.164019137873,0.607931974735055,54.1,961.219781201934,60.769472220228,41.8781527268075,75.164019137873,28.282463550143767,25.557542906958208,22.726347684915062
Togo,TGO,2021,30.33839989,70.4496733018494,0.749325974933037,55.7,1076.29520076949,63.0669365853803,42.3105904515122,70.4496733018494,27.097618125344976,28.282463550143767,25.557542906958208
Togo,TGO,2022,35.60749817,72.2147547047011,1.03723561669214,57.2,1071.61539220759,63.0669365853803,42.7332327975627,72.2147547047011,31.127896499443025,27.097618125344976,28.282463550143767
Togo,TGO,2023,37.57020187,75.7906769713952,1.22815843837127,59.2,1182.32951436696,63.4192515229188,43.2496853032436,75.7906769713952,31.50619645659885,31.127896499443025,27.097618125344976
Togo,TGO,2024,39.48320007,80.8035554767112,1.41538265577438,61.1,1266.08777721447,63.4192515229188,43.8148491605996,80.8035554767112,32.599857633895354,31.50619645659885,31.127896499443025
Thailand,THA,2004,10.6773033237281,41.1989375977806,0.251749192809814,92.2,2641.56268717857,67.444221496582,36.785516284484,41.1989375977806,30.5857865141483,28.351376802630256,33.88595429604188
Thailand,THA,2005,15.0260043588909,46.1396976737352,0.841437002536603,92.8,2867.70383436062,71.8262786865234,38.1301594392881,46.1396976737352,32.093536978218935,30.5857865141483,28.351376802630256
Thailand,THA,2006,17.1607147169285,60.2776989983143,1.34231492826242,99.1,3331.32043511773,71.6298599243164,39.4424037014582,60.2776989983143,36.132489595006405,32.093536978218935,30.5857865141483
Thailand,THA,2007,20.03,78.9450134968359,1.92741409494272,94.1,3918.52817434581,75.7808074951172,40.7036878697821,78.9450134968359,38.88857515837888,36.132489595006405,32.093536978218935
Thailand,THA,2008,18.2,91.4482689471417,3.06537150418746,94.8,4309.13509292986,75.2078475952148,41.8954507430475,91.4482689471417,40.16498670749196,38.88857515837888,36.132489595006405
Thailand,THA,2009,20.1,96.8163056134753,3.8523728631431,99.0,4135.43986952819,76.6007080078125,42.9991311200422,96.8163056134753,42.450931802192926,40.16498670749196,38.88857515837888
Thailand,THA,2010,22.4,104.588624052335,4.74172823236676,99.7,4973.86288823778,78.3943786621094,44.0018736622496,104.588624052335,44.85211210947448,42.450931802192926,40.16498670749196
Thailand,THA,2011,23.669925618731,112.233203232914,5.64433790742555,99.3,5373.6232832898,86.9894790649414,44.8048723557374,112.233203232914,46.901038214736914,44.85211210947448,42.450931802192926
Thailand,THA,2012,26.46,122.431994954555,6.50814220580194,99.1,5725.52802835463,85.5365295410156,45.373565813715,122.431994954555,49.48190496437664,46.901038214736914,44.85211210947448
Thailand,THA,2013,28.94,134.367308785551,7.43359084502317,99.4,6018.08244729255,83.854850769043,45.8321343847773,134.367308785551,51.700646012362036,49.48190496437664,46.901038214736914
Thailand,THA,2014,34.8860535783465,138.28115031927,7.74748143833759,99.5,5801.1978916205,123.525459289551,46.3138799467897,138.28115031927,54.966521522212545,51.700646012362036,49.48190496437664
Thailand,THA,2015,39.3161267365004,145.932577028654,8.83035128821556,99.6,5688.85335397884,124.330596923828,46.9521043776171,145.932577028654,58.575564690448566,54.966521522212545,51.700646012362036
Thailand,THA,2016,47.5049656215909,168.88127084564,10.187716904417,99.9,5833.57715617098,122.563217163086,47.8801095551247,150.0,63.15073663356739,58.575564690448566,54.966521522212545
Thailand,THA,2017,52.8919293439676,170.783699598766,11.5345396717409,99.9,6413.09182530343,79.5062371844027,49.2311973571777,150.0,64.45756508022492,63.15073663356739,58.575564690448566
Thailand,THA,2018,56.8174809301456,175.266001933225,12.8740610702362,99.8,7099.77650081458,80.6045305135668,54.5843734741211,150.0,67.46678311567544,64.45756508022492,63.15073663356739
Thailand,THA,2019,66.6524194587528,181.221874232713,14.1338059581469,99.9,7605.69657797759,81.7206425877734,55.9266166687012,150.0,71.60677809574531,67.46678311567544,64.45756508022492
Thailand,THA,2020,77.84374066,162.327737376294,16.021813562656,100.0,6983.03412836245,82.3668560969625,57.2358779907227,150.0,76.36867422369619,71.60677809574531,67.46678311567544
Thailand,THA,2021,85.26956666,168.485285358167,17.3168855632327,100.0,7055.18760721422,84.6644528199547,58.5087776184082,150.0,79.9859460971478,76.36867422369619,71.60677809574531
Thailand,THA,2022,87.97724503,176.22279253783,17.5125815621477,99.9,6910.00995211206,88.0661686868399,59.742374420166,150.0,81.14042825061435,79.9859460971478,76.36867422369619
Thailand,THA,2023,89.53525238,168.642808295144,14.5089451983046,100.0,7210.54130832685,93.3356315272258,60.9341926574707,150.0,80.6832417994379,81.14042825061435,79.9859460971478
Thailand,THA,2024,90.86718789,160.639312286761,14.8870491187484,100.0,7386.63615126055,92.507325535959,61.8689338391321,150.0,81.35086437439966,80.6832417994379,81.14042825061435
Tajikistan,TJK,2004,0.0774799071356825,1.98805781036491,,98.5,305.745158587502,79.29443359375,26.5327772632159,1.98805781036491,25.07437093603653,20.151095977003838,24.829437652613358
Tajikistan,TJK,2005,0.298690023682825,3.82686953407502,,99.3,333.927150941684,79.9551315307617,26.5324878262051,3.82686953407502,25.547173953548484,25.07437093603653,20.151095977003838
Tajikistan,TJK,2006,3.77240620666448,30.4637604522579,,98.6,401.018403316427,80.7600173950195,26.5321180842215,30.4637604522579,31.66751198212257,25.547173953548484,25.07437093603653
Tajikistan,TJK,2007,7.19761951797855,29.6445453922502,0.0506638634052204,98.6,516.997210618914,81.424560546875,26.5315339938424,29.6445453922502,26.72002288138851,31.66751198212257,25.547173953548484
Tajikistan,TJK,2008,8.78,50.0588479537033,0.0498473577970575,98.6,703.327375898643,82.2941436767578,26.5306015116451,50.0588479537033,30.113308213821504,26.72002288138851,31.66751198212257
Tajikistan,TJK,2009,10.07,65.4185519002754,0.0587431894614718,99.0,664.795655734657,83.1336364746094,26.529186594207,65.4185519002754,32.70564697529321,30.113308213821504,26.72002288138851
Tajikistan,TJK,2010,11.55000019,77.6363373335646,0.0614207187243413,98.8,737.338883219356,83.9114990234375,26.5274312963978,77.6363373335646,34.89193937995863,32.70564697529321,30.113308213821504
Tajikistan,TJK,2011,13.02999973,80.8201119902975,0.0641551173610521,98.9,833.601978202852,85.0206298828125,26.4792213439941,80.8201119902975,35.65608520521625,34.89193937995863,32.70564697529321
Tajikistan,TJK,2012,14.51000023,81.4565956633347,0.0673813750891555,99.1,952.452819695469,86.3469314575195,26.4102249145508,81.4565956633347,35.971449180959326,35.65608520521625,34.89193937995863
Tajikistan,TJK,2013,16.0,91.7287717099905,0.0705877427548984,99.0,1028.19704279396,86.9873504638672,26.4883155822754,91.7287717099905,37.71220879946799,35.971449180959326,35.65608520521625
Tajikistan,TJK,2014,17.48999977,94.9385868130658,0.0723988173119103,99.1,1081.54402932039,86.9873504638672,26.5633735656738,94.9385868130658,38.564005841977874,37.71220879946799,35.971449180959326
Tajikistan,TJK,2015,18.97999954,98.2086665185843,0.0694135939582408,98.0,956.916310930656,86.9873504638672,26.478832244873,98.2086665185843,39.27924479288562,38.564005841977874,37.71220879946799
Tajikistan,TJK,2016,20.46999931,106.027422075203,0.067677077920342,99.3,788.710481734485,86.9873504638672,26.3718509674072,106.027422075203,41.256907865111245,39.27924479288562,38.564005841977874
Tajikistan,TJK,2017,21.95999908,109.003509375909,0.0660360517220772,99.3,829.45714764957,86.9873504638672,26.2731513977051,109.003509375909,41.535053230089844,41.256907865111245,39.27924479288562
Tajikistan,TJK,2018,32.59999847,107.442164151643,,99.3,834.288404578801,86.9873504638672,26.2338752746582,107.442164151643,56.63860877878134,41.535053230089844,41.256907865111245
Tajikistan,TJK,2019,22.68630028,115.372919483658,0.0629593012189131,99.4,871.022372934846,86.9873504638672,26.1300735473633,115.372919483658,42.76335236225552,56.63860877878134,41.535053230089844
Tajikistan,TJK,2020,27.54409981,62.2826230779409,0.369964643651705,99.5,834.311715460625,90.9012072790342,26.1925442328719,62.2826230779409,35.572969535250536,42.76335236225552,56.63860877878134
Tajikistan,TJK,2021,36.70560074,64.0874682499327,0.495991334524208,99.6,896.748053372182,91.2751683038557,26.1991525151375,64.0874682499327,38.44154487908702,35.572969535250536,42.76335236225552
Tajikistan,TJK,2022,48.91429901,63.8442080716763,0.585196433548591,100.0,1052.17949484894,90.888637681585,26.1957126615618,63.8442080716763,44.951736487271674,38.44154487908702,35.572969535250536
Tajikistan,TJK,2023,54.41550064,76.215892145748,0.983936262867068,100.0,1178.47990060249,88.4022015902249,26.1890127571429,76.215892145748,47.98164990916144,44.951736487271674,38.44154487908702
Tajikistan,TJK,2024,55.79339981,76.215892145748,,99.9,1362.02559981695,86.9035257819264,26.1788063651548,,67.71886443651697,47.98164990916144,44.951736487271674
Timor-Leste,TLS,2006,0.5,5.02766238274334,0.00296949509367733,36.7,464.667001844159,59.4707984924316,27.121697883382,5.02766238274334,7.745061889792507,6.707069105147863,7.700101317122593
Timor-Leste,TLS,2007,1.0,7.7834467289422,0.00497567393015547,36.6,540.154584237662,59.4707984924316,28.0011655196859,7.7834467289422,8.248849004355836,7.745061889792507,6.707069105147863
Timor-Leste,TLS,2008,1.5,12.1075638131048,0.00687698621406412,43.1,628.153219252849,57.0646095275879,28.8076745459306,12.1075638131048,10.557418111714753,8.248849004355836,7.745061889792507
Timor-Leste,TLS,2009,2.0,33.1410054194348,0.0444850781369536,46.3,686.579295832381,67.0938568115234,29.4007657042596,33.1410054194348,14.144301587462234,10.557418111714753,8.248849004355836
Timor-Leste,TLS,2010,3.0,43.6092152609205,0.0460965871008842,38.0,813.060177250597,68.3026309590313,29.6398840020416,43.6092152609205,13.800732173868404,14.144301587462234,10.557418111714753
Timor-Leste,TLS,2011,4.0,55.3186027470553,0.0495403109510208,52.7,939.045241112693,70.1640602638495,29.633352306451,55.3186027470553,18.71893205256505,13.800732173868404,14.144301587462234
Timor-Leste,TLS,2012,7.0,54.7192006238518,0.0528687928732867,56.0,1022.61903188429,70.0278421982138,29.6136082349605,54.7192006238518,20.150377050532548,18.71893205256505,13.800732173868404
Timor-Leste,TLS,2013,11.0,56.0975925502397,0.0604127919771812,59.2,1204.56841532931,67.8276665960217,29.5836906253246,56.0975925502397,22.19666864651713,20.150377050532548,18.71893205256505
Timor-Leste,TLS,2014,17.5,116.401176746315,0.0869783730136906,62.4,1224.74957758801,69.3739464182596,29.5463092024041,116.401176746315,34.04802289550534,22.19666864651713,20.150377050532548
Timor-Leste,TLS,2015,18.60000038,114.23397124462,0.0853019298316946,67.3,1319.59297370991,72.9840325557506,29.5043315008419,114.23397124462,35.05903716569958,34.04802289550534,22.19666864651713
Timor-Leste,TLS,2016,21.20000076,121.477605038459,,76.5,1335.54390089814,77.3856943732818,29.4462907628171,121.477605038459,48.78155301247169,35.05903716569958,34.04802289550534
Timor-Leste,TLS,2017,24.20000076,124.360491266698,0.267315808941898,79.5,1266.17767952941,81.1665700933061,29.3600996787092,124.360491266698,40.77238252097561,48.78155301247169,35.05903716569958
Timor-Leste,TLS,2018,27.60000038,115.089356319443,0.00548606969346194,85.2,1219.46598597604,83.0952419040915,29.248617510057,115.089356319443,41.378326325088665,40.77238252097561,48.78155301247169
Timor-Leste,TLS,2019,28.00460052,109.555438546595,0.00684118083393226,90.6,1562.36458881813,85.1248242560832,29.1148755245217,109.555438546595,42.146914198092546,41.378326325088665,40.77238252097561
Timor-Leste,TLS,2020,32.01269913,103.911005065408,0.00625917666940914,96.0,1630.86935439232,84.7410404382553,28.9619049897647,103.911005065408,42.97682799979029,42.146914198092546,41.378326325088665
Timor-Leste,TLS,2021,35.04199982,102.668836319816,0.0101471033723194,100.0,2684.92673717299,84.7410404382553,28.7927371734472,102.668836319816,44.147645447509504,42.97682799979029,42.146914198092546
Tonga,TON,2004,3.95237389457043,15.6084933045274,0.317880290470253,88.3,2195.44890047673,97.9341201782227,23.1191794451059,15.6084933045274,22.331877347666026,20.705753552306252,19.454649443958388
Tonga,TON,2005,4.907800198,28.2688722544501,0.610385063073123,89.0,2477.72620144825,97.9341201782227,23.1473956500293,28.2688722544501,24.10910443719837,22.331877347666026,20.705753552306252
Tonga,TON,2006,5.853899956,28.2824955530667,0.595747884765607,92.3,2750.34778600857,97.8654708862305,23.1801421282521,28.2824955530667,24.996060472001588,24.10910443719837,22.331877347666026
Tonga,TON,2007,7.179900169,43.5929389277215,0.730843468320747,90.5,2797.06560109144,102.244041442871,23.2239976577967,43.5929389277215,27.205904079410985,24.996060472001588,24.10910443719837
Tonga,TON,2008,8.11076994380395,47.1612782657447,0.673705849373949,91.2,3218.45303993196,103.846702575684,23.2889000757567,47.1612782657447,28.163231046476714,27.205904079410985,24.996060472001588
Tonga,TON,2009,10.0,49.4389149557382,0.932809716146003,92.0,2914.23774004564,104.440650939941,23.3612068183251,49.4389149557382,29.380781435757555,28.163231046476714,27.205904079410985
Tonga,TON,2010,16.0,50.5586592178771,1.02420856610801,92.8,3416.08356601207,105.640548706055,23.4243619099178,50.5586592178771,32.202127047912285,29.380781435757555,28.163231046476714
Tonga,TON,2011,25.0,51.1294970716743,1.20851538533048,92.2,3849.99375750134,107.053398132324,23.46075468367,51.1294970716743,35.80767774257163,32.202127047912285,29.380781435757555
Tonga,TON,2012,30.0,52.1124139214591,1.39586823003908,92.8,4384.17058724217,94.5147705078125,23.4589062635692,52.1124139214591,37.61180195104073,35.80767774257163,32.202127047912285
Tonga,TON,2013,32.75400162,53.6991725657932,1.58762771064084,95.1,4219.24670113014,95.4586410522461,23.4170795020344,53.6991725657932,38.89572296589451,37.61180195104073,35.80767774257163
Tonga,TON,2014,35.95439911,63.7844834863848,1.68841279816901,95.9,4136.59010898445,96.7714748784441,23.3431040935971,63.7844834863848,41.5232424667533,38.89572296589451,37.61180195104073
Tonga,TON,2015,38.65129852,69.2709364249022,2.31679155473868,100.0,4123.90347238813,103.261224756552,23.2434422818439,69.2709364249022,44.3949819546161,41.5232424667533,38.89572296589451
Tonga,TON,2016,39.95000076,75.8121375232175,2.84295515712066,97.0,3987.98618837043,103.261224756552,23.1277038505921,75.8121375232175,45.39424951631621,44.3949819546161,41.5232424667533
Tonga,TON,2017,46.20080185,102.450738448688,2.84748851512966,98.2,4365.92929788648,103.261224756552,22.9711300654966,102.450738448688,51.17376985678766,45.39424951631621,44.3949819546161
Tonga,TON,2018,48.80789948,102.245967016208,2.38616234239867,99.0,4675.04776047973,103.261224756552,22.7017138925547,102.245967016208,52.23815545079698,51.17376985678766,45.39424951631621
Tonga,TON,2019,51.56299973,58.772203768371,3.5043390209049,98.4,4788.83350468584,96.0933090863485,22.3288155626206,58.772203768371,46.97585164821215,52.23815545079698,51.17376985678766
Tonga,TON,2020,54.47370148,58.6543555589192,4.73018996442897,99.9,4792.35872413906,90.4639980016237,21.8766206823411,58.6543555589192,48.20494226928933,46.97585164821215,52.23815545079698
Tonga,TON,2021,57.549,60.9801876955162,6.4574841217177,100.0,4922.8015864044,106.143896523848,21.258003897665,60.9801876955162,49.12113887862546,48.20494226928933,46.97585164821215
Tonga,TON,2022,61.60739899,61.7257858761257,8.17387330781973,100.0,5298.01942454298,96.996718063038,21.147219451842,61.7257858761257,52.84186801833114,49.12113887862546,48.20494226928933
Tonga,TON,2023,64.13140106,61.7257858761257,,100.0,5651.59357939286,91.8606656320055,21.147944541337,,74.24001751870986,52.84186801833114,49.12113887862546
Tonga,TON,2024,67.4417038,61.7257858761257,,100.0,6215.38990974121,92.4258049730721,21.1505271125521,,76.25319380657956,74.24001751870986,52.84186801833114
Tunisia,TUN,2004,8.52881775162591,36.746361434496,0.0279259736441369,99.0,3067.41936376975,80.0033264160156,64.9272741461338,36.746361434496,30.04480273610863,25.98852012615872,23.297238178731988
Tunisia,TUN,2005,9.655099869,55.3921457734954,0.171352425319868,99.2,3146.8260743927,83.4392318725586,65.2340901739004,55.3921457734954,31.726124833661064,30.04480273610863,25.98852012615872
Tunisia,TUN,2006,12.98639965,70.9332705740445,0.423770177288547,99.4,3322.56933570096,85.9542694091797,65.5209809651521,70.9332705740445,35.26171951328796,31.726124833661064,30.04480273610863
Tunisia,TUN,2007,17.1,75.1086269269129,0.918585878049383,99.4,3726.91672935667,89.6093063354492,65.8000030517578,75.1086269269129,37.72992270611418,35.26171951328796,31.726124833661064
Tunisia,TUN,2008,27.53,81.5940606878641,2.15627307594354,99.4,4255.05008019523,91.0540390014648,66.0676053984361,81.5940606878641,43.54860822686891,37.72992270611418,35.26171951328796
Tunisia,TUN,2009,34.07,91.9849726040992,3.50106251421857,99.5,4080.09032448781,88.8368377685547,66.3362197875977,91.9849726040992,47.81542357666777,43.54860822686891,37.72992270611418
Tunisia,TUN,2010,36.8,103.234503500842,4.47896057767152,99.5,4291.86120891575,88.1112289428711,66.6280059814453,103.234503500842,50.72857699480558,47.81542357666777,43.54860822686891
Tunisia,TUN,2011,39.1,113.794012236779,5.13830793305368,99.5,4420.64772206537,89.3414688110352,66.9191886197857,113.794012236779,53.496239491145886,50.72857699480558,47.81542357666777
Tunisia,TUN,2012,41.4416008,116.660316175441,4.78950869178639,99.5,4297.26782454273,89.3414688110352,67.2098922729492,116.660316175441,54.30175664127432,53.496239491145886,50.72857699480558
Tunisia,TUN,2013,43.79999924,114.100647129197,4.66714973152741,99.7,4369.79345826358,87.2357025146484,67.4999542236328,114.100647129197,54.172888581179805,54.30175664127432,53.496239491145886
Tunisia,TUN,2014,46.15999985,126.692106854109,5.03392320650315,99.8,4458.97895464547,84.9663467407227,67.7524643379101,126.692106854109,56.97966676008997,54.172888581179805,54.30175664127432
Tunisia,TUN,2015,46.4999943435776,128.008569175385,5.03388625276524,99.9,4014.94773686432,85.7816009521484,67.8807907104492,128.008569175385,57.41182185092758,56.97966676008997,54.172888581179805
Tunisia,TUN,2016,49.5999948415756,123.883093580407,5.55369160408213,100.0,3847.80354448809,90.3264236450195,68.0623356528248,123.883093580407,58.2754966851426,57.41182185092758,56.97966676008997
Tunisia,TUN,2017,55.5001550633671,123.034053994945,6.8819804955977,100.0,3619.03247319953,90.3264236450195,68.2877807617188,123.034053994945,59.873334472105405,58.2754966851426,57.41182185092758
Tunisia,TUN,2018,64.1908102327387,125.532926143303,8.6185014951323,99.8,3628.10366464236,90.3264236450195,68.5485240272509,125.532926143303,65.02350684173211,59.873334472105405,58.2754966851426
Tunisia,TUN,2019,66.6999983024144,124.386924181822,10.0541966829532,100.0,3528.87213306798,90.3264236450195,68.8206382576031,124.386924181822,66.16271518950057,65.02350684173211,59.873334472105405
Tunisia,TUN,2020,68.55639648,124.041976750236,11.1467984493476,99.9,3548.65363663803,90.3264236450195,69.1043166438476,124.041976750236,66.61094935853222,66.16271518950057,65.02350684173211
Tunisia,TUN,2021,68.31552226,129.846077003661,12.4220429522978,99.9,3906.93926319391,90.3264236450195,69.3997523770568,129.846077003661,67.50686049751108,66.61094935853222,66.16271518950057
Tunisia,TUN,2024,76.5,117.606816067203,14.9741523024679,100.0,4187.64079392362,90.3264236450195,70.3585355691955,117.606816067203,69.27052966868206,67.50686049751108,66.61094935853222
Turkiye,TUR,2004,14.58,50.5995404724097,0.842555693712634,99.7,5979.6054216148,88.3136901855469,62.4388481173262,50.5995404724097,36.050466574142575,33.03378499366292,32.30716497780966
Turkiye,TUR,2005,15.46,62.9009716591727,2.29305950995764,99.7,7331.85429430255,84.943717956543,63.3302470273874,62.9009716591727,36.94208347305812,36.050466574142575,33.03378499366292
Turkiye,TUR,2006,18.24,75.1837213345885,3.95984178763961,99.7,7990.08251407245,88.5527877807617,64.2873893939536,75.1837213345885,40.123813748625565,36.94208347305812,36.050466574142575
Turkiye,TUR,2007,28.63,87.5975882376437,6.71903551441963,99.7,9766.91734545294,90.7344512939453,65.3389618154687,87.5975882376437,47.10364894123779,40.123813748625565,36.94208347305812
Turkiye,TUR,2008,34.37,91.981497306586,8.04468546010892,99.7,10913.4079047769,89.0569686889648,66.513650890377,91.981497306586,50.21079649354683,47.10364894123779,40.123813748625565
Turkiye,TUR,2009,36.4,86.6344934581247,8.90126340981216,99.7,9076.92472236977,80.1907424926758,67.8401432171223,86.6344934581247,49.85871726254868,50.21079649354683,47.10364894123779
Turkiye,TUR,2010,39.82,84.215890954924,9.67754012450092,100.0,10698.9699409757,84.2024002075195,69.3471253941487,84.215890954924,51.22694751377426,49.85871726254868,50.21079649354683
Turkiye,TUR,2011,43.065710430925,88.0166628392838,10.2288570173419,100.0,11373.6355760885,87.80322265625,71.0028723528334,88.0166628392838,53.96125264528858,51.22694751377426,49.85871726254868
Turkiye,TUR,2012,45.13,90.0040810031246,10.4644431033188,100.0,11776.7593362033,85.0204315185547,73.7788680234324,90.0040810031246,54.633923378921374,53.96125264528858,51.22694751377426
Turkiye,TUR,2013,46.25,91.1758435342703,11.640102340966,100.0,12635.5570016068,102.209701538086,78.5218368384696,91.1758435342703,54.159380803184604,54.633923378921374,53.96125264528858
Turkiye,TUR,2014,51.0373665521645,92.1219361989572,11.3618631179594,100.0,12209.3862327674,105.97550201416,83.6024850744433,92.1219361989572,56.27956145798014,54.159380803184604,54.633923378921374
Turkiye,TUR,2015,53.7449791423583,92.0327105332494,11.8786301825878,100.0,11064.6494504662,107.243186950684,87.2167107972537,92.0327105332494,57.813264389219434,56.27956145798014,54.159380803184604
Turkiye,TUR,2016,58.3477340145685,91.9286950751339,12.859061240418,100.0,10984.3643169061,108.547561645508,88.1020958581776,91.9286950751339,60.0302470310199,57.813264389219434,56.27956145798014
Turkiye,TUR,2017,64.6846176835371,93.6407569517097,14.3528880563786,100.0,10756.3877677883,112.977333068848,88.0320472717286,93.6407569517097,61.49942873255569,60.0302470310199,57.813264389219434
Turkiye,TUR,2018,71.0427608433809,94.9085818111026,15.8823338271459,100.0,9684.11819884721,112.115409851074,88.1655749576173,94.9085818111026,66.32107826204701,61.49942873255569,60.0302470310199
Turkiye,TUR,2019,73.9767022871511,94.6498130829997,16.6733436685105,100.0,9395.23378001368,111.910400390625,88.6618152857124,94.6498130829997,67.02296205288867,66.32107826204701,61.49942873255569
Turkiye,TUR,2020,77.6695605,95.3960853737199,19.4384064376386,100.0,8798.11791709313,112.527458190918,88.9303114965222,95.3960853737199,69.1496744912929,67.02296205288867,66.32107826204701
Turkiye,TUR,2021,81.40843745,99.5415432248525,20.9211211378579,100.0,9981.76398411336,114.147331237793,89.1762048153239,99.5415432248525,71.13064382177839,69.1496744912929,67.02296205288867
Turkiye,TUR,2022,83.43716576,103.720593629066,21.8230372591075,100.0,10897.8397861365,116.040176391602,89.0381164550781,103.720593629066,73.64862789350089,71.13064382177839,69.1496744912929
Turkiye,TUR,2023,85.96074155,105.684032912794,22.4591697943845,100.0,13375.0947282864,118.411979675293,89.0218446796121,105.684032912794,74.34368084433862,73.64862789350089,71.13064382177839
Turkiye,TUR,2024,87.3078767,107.826875714392,23.4317347919186,100.0,15892.7157287241,118.411979675293,89.3443122873887,107.826875714392,75.27984474156817,74.34368084433862,73.64862789350089
Tuvalu,TUV,2014,24.10000038,34.5957756737072,4.09686817188638,97.9,3518.13249227107,79.6419067382812,58.2999596618832,34.5957756737072,33.66607277631892,32.08475301858611,31.329657945855573
Tuvalu,TUV,2015,27.29999924,60.2024993158807,4.10471586244641,98.1,3352.66722400181,87.6274566650391,58.9148502652344,60.2024993158807,38.696148514865655,33.66607277631892,32.08475301858611
Tuvalu,TUV,2016,31.0,69.5333943275389,4.11710887465691,97.3,3779.15293916285,77.9319915771484,59.4744768348285,69.5333943275389,41.341126450462916,38.696148514865655,33.66607277631892
Tuvalu,TUV,2017,35.20000076,73.6038273990248,4.14021529119514,98.7,4166.79162422818,77.9319915771484,59.9531274910912,73.6038273990248,42.68339704754206,41.341126450462916,38.696148514865655
Tanzania,TZA,2010,2.900000095,46.8823991552172,0.0168772457192924,14.8,736.530151367188,31.8920497894287,28.1968953939105,46.8823991552172,9.288794601615168,8.07746703903473,6.8054394244081475
Tanzania,TZA,2011,3.200000048,55.7610427273527,0.0614129670738248,14.2,775.392761230469,31.8920497894287,28.865726405543,55.7610427273527,10.414804251082819,9.288794601615168,8.07746703903473
Tanzania,TZA,2012,3.950000048,57.4558483868666,0.0872309140026673,15.3,861.969909667969,31.8920497894287,29.4878764597911,57.4558483868666,10.852614767798018,10.414804251082819,9.288794601615168
Tanzania,TZA,2013,4.400000095,56.2075025692215,0.11556786021862,16.4,963.05712890625,32.3857446198788,30.0725108782502,56.2075025692215,10.571749441234221,10.852614767798018,10.414804251082819
Tanzania,TZA,2014,7.0,63.2804353521698,0.168018787598672,23.5,1022.74841308594,29.6310806274414,30.6443077170742,63.2804353521698,13.843256141248972,10.571749441234221,10.852614767798018
Tanzania,TZA,2015,10.0,76.2492627491202,0.203764013437506,26.2,939.127319335938,26.090669631958,31.2061566592472,76.2492627491202,17.29469329983712,13.843256141248972,10.571749441234221
Tanzania,TZA,2016,13.5042328468919,74.3983656514054,0.591695,32.8,953.0107421875,25.6429992626308,31.7577303242916,74.3983656514054,19.82423634962312,17.29469329983712,13.843256141248972
Tanzania,TZA,2017,14.46339989,71.7911684370749,1.37184,32.1,986.674011230469,26.3711632016128,32.2987013317296,71.7911684370749,19.06145621935615,19.82423634962312,17.29469329983712
Tanzania,TZA,2018,15.49069977,75.7301934140355,1.49944,34.9,1023.10626220703,28.5933897410534,32.8287423010834,75.7301934140355,20.20098174592718,19.06145621935615,19.82423634962312
Tanzania,TZA,2019,16.59090042,80.5835569684446,1.75692,37.7,1063.32250976563,30.1824263288684,33.3475258518752,80.5835569684446,22.251546645485412,20.20098174592718,19.06145621935615
Tanzania,TZA,2020,19.48139954,84.0050558283384,1.86248,39.9,1117.41528320313,30.9205938581875,33.8547246036273,84.0050558283384,22.894669182042907,22.251546645485412,20.20098174592718
Tanzania,TZA,2021,22.87540054,86.0162814148027,1.97842,42.7,1159.85656738281,28.231330871582,34.3500111758619,86.0162814148027,24.073385528538523,22.894669182042907,22.251546645485412
Tanzania,TZA,2022,26.86059952,93.0159746238635,0.110774196881278,45.8,1207.52062988281,28.231330871582,34.8234736377147,93.0159746238635,27.682522165396676,24.073385528538523,22.894669182042907
Tanzania,TZA,2023,28.43190002,105.40028112088,0.10501728326893,48.3,1224.00219726563,28.231330871582,35.4748019434954,105.40028112088,29.808125141236765,27.682522165396676,24.073385528538523
Tanzania,TZA,2024,31.16209984,126.559163217786,0.246433216306666,52.4,1192.60668945313,28.231330871582,36.1684458862992,126.559163217786,34.756113808175925,29.808125141236765,27.682522165396676
Uganda,UGA,2004,0.719970679914031,4.29039148738249,,11.6,292.38185796262,19.1225490570068,13.1221118400615,4.29039148738249,3.4270338558712576,2.9245484992331714,2.2525674970832377
Uganda,UGA,2005,1.742200017,4.70366701141629,0.00303969965764757,8.9,330.405402707025,19.1225490570068,13.7907239496723,4.70366701141629,2.5434131155385336,3.4270338558712576,2.9245484992331714
Uganda,UGA,2006,2.52940011,6.97651521394924,0.00420226392280365,9.0,346.518255310647,19.1225490570068,14.5851520274647,6.97651521394924,3.2213537100966825,2.5434131155385336,3.4270338558712576
Uganda,UGA,2007,3.67196535074744,14.147698933985,0.00627246156684067,14.8,401.389130865581,24.0911102294922,15.494298100139,14.147698933985,5.788568719046886,3.2213537100966825,2.5434131155385336
Uganda,UGA,2008,3.880000114,28.0124073852685,0.0157107735008433,15.9,472.842681495852,24.0911102294922,16.5070641943955,28.0124073852685,8.229183345376494,5.788568719046886,3.2213537100966825
Uganda,UGA,2009,4.099999905,29.8359001233373,0.0190772032476649,10.0,798.947089938247,24.0911102294922,17.6123523369348,29.8359001233373,7.197249605420483,8.229183345376494,5.788568719046886
Uganda,UGA,2010,4.300000191,39.6046507276973,0.043222146830449,12.1,823.488144282,24.0911102294922,18.7990645544572,39.6046507276973,8.349923006099335,7.197249605420483,8.229183345376494
Uganda,UGA,2011,4.599999905,50.0591238800663,0.106474251498514,14.6,835.620060555838,24.0911102294922,20.0561028736631,50.0591238800663,10.339201140694493,8.349923006099335,7.197249605420483
Uganda,UGA,2012,4.800000191,47.6342672974029,0.1118312903834,20.5,795.222867553127,24.0911102294922,21.372369321253,47.6342672974029,10.916659431079783,10.339201140694493,8.349923006099335
Uganda,UGA,2013,5.099999905,51.1323160552035,0.117440503367543,13.9,818.285427416713,24.0911102294922,22.7367659239271,51.1323160552035,9.61223486718163,10.916659431079783,10.339201140694493
Uganda,UGA,2014,5.400000095,55.9572451997482,0.151661444002794,20.4,896.054795546394,24.0911102294922,24.1938503391826,55.9572451997482,11.457880274898926,9.61223486718163,10.916659431079783
Uganda,UGA,2015,5.699999809,53.8755501186925,0.215083639463292,18.5,862.934610355811,24.0911102294922,24.9777856560427,53.8755501186925,10.590870736204588,11.457880274898926,9.61223486718163
Uganda,UGA,2016,5.9,58.8633638178484,0.237414982677972,26.7,752.696571725656,24.0911102294922,25.6953567134098,58.8633638178484,12.938314188828592,10.590870736204588,11.457880274898926
Uganda,UGA,2017,7.417900085,62.0968142578109,,32.4,765.218332297361,24.0911102294922,26.4139260579546,62.0968142578109,17.844422320922114,12.938314188828592,10.590870736204588
Uganda,UGA,2018,9.326299667,58.8753608703264,,41.9,792.16570022814,24.0911102294922,27.1280475018884,58.8753608703264,19.892075574304027,17.844422320922114,12.938314188828592
Uganda,UGA,2019,11.72579956,59.0598078769828,0.0752797052682096,41.3,822.171150036357,24.0911102294922,27.8369781799403,59.0598078769828,17.0579851363442,19.892075574304027,17.844422320922114
Uganda,UGA,2020,7.4,62.2824129624858,0.077818750062982,42.1,845.766463890124,24.0911102294922,28.5399752271502,62.2824129624858,14.225823569235516,17.0579851363442,19.892075574304027
Uganda,UGA,2021,10.0,65.6220730009172,0.0838841644026815,45.2,882.791717542504,24.0911102294922,29.2362957789022,65.6220730009172,14.975574811731367,14.225823569235516,17.0579851363442
Uganda,UGA,2022,9.636899948,70.1401117953081,0.0850849430150062,47.1,963.067314117178,24.0911102294922,29.9251969709665,70.1401117953081,17.02442480665374,14.975574811731367,14.225823569235516
Uganda,UGA,2023,9.286999702,76.2966796632588,0.0912969650305002,51.5,1002.30913917142,24.0911102294922,30.6059359395495,76.2966796632588,17.257135660859646,17.02442480665374,14.975574811731367
Uganda,UGA,2024,8.949831061,83.165031466902,0.207613333991268,55.3,1077.91278438613,24.0911102294922,31.2777698213557,83.165031466902,17.889178610060345,17.257135660859646,17.02442480665374
Ukraine,UKR,2004,3.4894778812677,29.0897362980988,,99.4,1401.01806640625,98.8390197753906,67.5970968423685,29.0897362980988,33.022960713156344,29.575879571472516,27.82274888633662
Ukraine,UKR,2005,3.749799967,64.0053648197035,0.277231826563428,99.9,1875.33508300781,95.1181106567383,67.8136046317755,64.0053648197035,30.37594371219349,33.022960713156344,29.575879571472516
Ukraine,UKR,2006,4.50612456357379,105.276792245749,1.11548751663283,99.5,2366.494140625,97.1627883911133,68.0293347798948,105.276792245749,36.44543368622845,30.37594371219349,33.022960713156344
Ukraine,UKR,2007,6.55,119.08760668951,1.72464510306964,99.8,3160.32763671875,97.6914291381836,68.2102322372037,119.08760668951,39.38014180613514,36.44543368622845,30.37594371219349
Ukraine,UKR,2008,11.0,120.558086000585,3.4642209843887,99.8,4017.806640625,97.740348815918,68.3752085755346,120.558086000585,42.055416839592155,39.38014180613514,36.44543368622845
Ukraine,UKR,2009,17.9,119.456421121144,4.14770623244446,99.9,2607.08764648438,97.3778762817383,68.5251442249547,119.456421121144,44.81939000334425,42.055416839592155,39.38014180613514
Ukraine,UKR,2010,23.3,117.767819669863,6.45490404640707,100.0,3039.63232421875,98.1416817681323,68.637397133357,117.767819669863,47.618020265041494,44.81939000334425,42.055416839592155
Ukraine,UKR,2011,28.7082628400713,121.941606633464,6.95621082243456,100.0,3656.69799804688,96.1171826388401,68.7234299826222,121.941606633464,51.06428649716774,47.618020265041494,44.81939000334425
Ukraine,UKR,2012,35.27,130.859020572585,8.03755151150735,99.9,3951.34228515625,99.4775493061556,68.8241983107739,130.859020572585,55.176571088135375,51.06428649716774,47.618020265041494
Ukraine,UKR,2013,40.954128997,138.441124320457,8.85842948316205,100.0,4129.89697265625,99.4303801060075,68.9326288082226,138.441124320457,57.8899979692059,55.176571088135375,51.06428649716774
Ukraine,UKR,2014,46.2359754571651,144.278847394403,9.3062102695115,100.0,3054.908203125,98.2963249258606,69.0554339301313,144.278847394403,61.19222863351405,57.8899979692059,55.176571088135375
Ukraine,UKR,2015,48.8846436813218,142.003037907188,11.6437042355302,100.0,2094.47387695313,90.502896110392,69.1587317201337,142.003037907188,63.13908489815694,61.19222863351405,57.8899979692059
Ukraine,UKR,2016,53.0009695981884,133.168953931474,12.0342584918375,100.0,2158.46118164063,88.5457508688536,69.2102241609089,133.168953931474,63.6606368758257,63.13908489815694,61.19222863351405
Ukraine,UKR,2017,58.8894794459775,131.356511508927,12.3535432124088,100.0,2604.28759765625,86.788702271804,69.2633108489282,131.356511508927,64.32068019160515,63.6606368758257,63.13908489815694
Ukraine,UKR,2018,62.5531553933869,127.753861022152,12.8032560497243,100.0,3059.0517578125,85.8331876808318,69.3157992777909,127.753861022152,66.48411607820708,64.32068019160515,63.6606368758257
Ukraine,UKR,2019,70.1248442995263,130.629436256062,16.1591311845578,100.0,3619.86157226563,84.4568283620119,69.3527648708735,130.629436256062,70.81467011051119,66.48411607820708,64.32068019160515
Ukraine,UKR,2020,75.03790912,129.341230786476,18.617022844321,100.0,3709.76928710938,84.4283338575221,69.3839100516745,129.341230786476,72.94097124060438,70.81467011051119,66.48411607820708
Ukraine,UKR,2021,79.21829353,135.025688989835,18.2677942438439,100.0,4775.94580078125,84.6516335033103,69.4027032653896,135.025688989835,75.20993585894769,72.94097124060438,70.81467011051119
Ukraine,UKR,2022,80.47429657,120.261144906234,17.5398140646824,100.0,4199.6708984375,84.6516335033103,69.42345912103,120.261144906234,73.36567288227725,75.20993585894769,72.94097124060438
Ukraine,UKR,2023,81.58059692,133.38012811971,21.3774151510902,100.0,5139.59814453125,87.0823822021484,69.4754455027606,133.38012811971,76.84671947636545,73.36567288227725,75.20993585894769
Ukraine,UKR,2024,82.47489929,133.38012811971,21.6539327212609,100.0,5391.62255859375,86.1695022583008,69.5315643200148,,75.1362103759222,76.84671947636545,73.36567288227725
Uruguay,URY,2004,17.0630983403661,18.2680768579424,0.822381446099902,98.0,4168.66065438387,108.258857727051,91.8009434091917,18.2680768579424,31.44338649959574,37.223273434203406,35.35446192233003
Uruguay,URY,2005,20.0881895579305,35.1492237286165,1.47724841445128,98.0,5284.25677987129,102.750953674316,92.0812710048572,35.1492237286165,34.46019949441448,31.44338649959574,37.223273434203406
Uruguay,URY,2006,29.39999962,70.8316385499829,3.24006096964103,98.5,6001.33294783172,102.318283081055,92.4845482788191,70.8316385499829,43.90987252304441,34.46019949441448,31.44338649959574
Uruguay,URY,2007,34.0,91.1740061842348,5.00790099883071,98.7,7222.05403645877,92.9150619506836,92.9603688038713,91.1740061842348,49.0037452527461,43.90987252304441,34.46019949441448
Uruguay,URY,2008,39.3,106.227376666968,7.40514515121388,98.8,9423.96562595893,88.0473403930664,93.45975578621,106.227376666968,53.871372552154604,49.0037452527461,43.90987252304441
Uruguay,URY,2009,41.8,124.212899282829,9.59139794041916,99.1,9881.39573127081,89.2928771972656,93.9337324320314,124.212899282829,57.3289774108275,53.871372552154604,49.0037452527461
Uruguay,URY,2010,46.4,133.706525080004,11.5576240440188,99.3,12641.0576849008,98.6642990112305,94.3333219475319,133.706525080004,61.155001105149104,57.3289774108275,53.871372552154604
Uruguay,URY,2011,51.4046610563616,143.001961329496,14.2140328992358,99.2,15132.2675725587,101.560180664062,94.6036824756941,143.001961329496,66.49441543398166,61.155001105149104,57.3289774108275
Uruguay,URY,2012,54.453768680746,149.770867131119,17.4092710291806,99.6,16259.5940814256,102.977226257324,94.7606597546186,149.770867131119,69.81293821874772,66.49441543398166,61.155001105149104
Uruguay,URY,2013,57.69,157.471339957678,22.0329969745948,99.6,18335.2594772322,104.664520263672,94.8844735142936,150.0,70.65288302685431,69.81293821874772,66.49441543398166
Uruguay,URY,2014,61.4624951684405,163.782686705197,25.0350829208297,99.7,18322.4276767157,106.469367980957,94.9897821210514,150.0,73.98999260733103,70.65288302685431,69.81293821874772
Uruguay,URY,2015,64.5707870971624,153.368406394623,26.7496571424669,99.7,17125.9016800298,108.043296813965,95.0800002298303,150.0,76.76654135476416,73.98999260733103,70.65288302685431
Uruguay,URY,2016,66.40000153,151.414841550708,27.2743360055965,99.7,17009.7584207276,112.032577514648,95.1585424955685,150.0,77.73883935776102,76.76654135476416,73.98999260733103
Uruguay,URY,2017,70.3223543994698,150.440084782428,28.1333463973666,99.8,19184.6626114272,116.472846984863,95.2288235732042,150.0,76.95689821575002,77.73883935776102,76.76654135476416
Uruguay,URY,2018,80.7268428795854,131.363332934653,28.7930537740968,99.8,19249.9404677501,117.769058227539,95.2942581176758,131.363332934653,81.33377752361415,76.95689821575002,77.73883935776102
Uruguay,URY,2019,83.3515337667548,133.236724531865,29.8012543248776,99.9,18315.7350377437,119.848533190039,95.3479309082031,133.236724531865,81.73103455471093,81.33377752361415,76.95689821575002
Uruguay,URY,2020,85.47100067,133.90170192835,31.2948224284548,100.0,15757.5341990356,116.991828918457,95.3997650146484,133.90170192835,82.72297275236454,81.73103455471093,81.33377752361415
Uruguay,URY,2021,87.64440155,138.112989243956,32.5451063460216,100.0,17881.8119616753,119.826342137062,95.4497146606445,138.112989243956,84.54575826980324,82.72297275236454,81.73103455471093
Uruguay,URY,2022,89.87304314,139.828801269747,33.4865565704576,100.0,21009.2883798725,121.137930191204,95.4977416992188,139.828801269747,86.19941840490172,84.54575826980324,82.72297275236454
Uruguay,URY,2023,90.92590332,141.71948663565,32.4032099586757,100.0,23378.6399733516,119.105005958635,95.5439605712891,141.71948663565,86.25820622625105,86.19941840490172,84.54575826980324
Uruguay,URY,2024,91.99109007,145.501755749445,33.0440254320868,100.0,24308.4954958447,119.105005958635,95.5981951588181,145.501755749445,87.55604731416071,86.25820622625105,86.19941840490172
United States,USA,2005,67.9681015,68.8835039746019,17.2991096639721,100.0,44123.3996470026,95.0524826049805,80.1961581748464,68.8835039746019,72.13862663878228,71.67330350596748,67.10883151139265
United States,USA,2006,68.93119812,76.8586480652849,20.1645830201257,100.0,46301.9876485519,95.0524826049805,80.3713066436159,76.8586480652849,71.72158436943123,72.13862663878228,71.67330350596748
United States,USA,2007,75.0,82.5922706237223,23.7552995298973,100.0,48050.227412195,95.0524826049805,80.5153172872016,82.5922706237223,74.47228275109961,71.72158436943123,72.13862663878228
United States,USA,2008,74.0,85.680465188068,25.290984615215,100.0,48570.0594269601,95.0524826049805,80.6219682896606,85.680465188068,73.31941442312636,74.47228275109961,71.72158436943123
United States,USA,2009,71.0,89.0461412720864,25.9694510145971,100.0,47194.9500893872,95.0524826049805,80.6850378350499,89.0461412720864,70.58539863481413,73.31941442312636,74.47228275109961
United States,USA,2010,71.69,91.6593077558393,27.1720060120338,100.0,48642.6312088213,95.0524826049805,80.6997744673366,91.6593077558393,71.47468146386407,70.58539863481413,73.31941442312636
United States,USA,2011,69.7294607619268,94.682964660635,28.117023946999,100.0,50024.8812320773,95.0524826049805,80.6957554256024,94.682964660635,73.82588892908814,71.47468146386407,70.58539863481413
United States,USA,2012,74.7,96.1284261999864,29.1736109719443,100.0,51708.3940614082,95.0524826049805,80.6837493386238,96.1284261999864,75.87928469243339,73.82588892908814,71.47468146386407
United States,USA,2013,71.4,97.0595305732914,29.9996164764959,100.0,53297.3862901595,96.1864929199219,80.660889281215,97.0595305732914,71.3485176338242,75.87928469243339,73.82588892908814
United States,USA,2014,73.0,99.839569071329,30.270920842,100.0,55153.3940182967,96.9245376586914,80.6242231779766,99.839569071329,73.36891201029603,71.3485176338242,75.87928469243339
United States,USA,2015,74.5542024462761,101.831958781319,31.3412129772455,100.0,56849.4697923159,97.6525497436523,80.5707989535091,101.831958781319,75.62375589628925,73.36891201029603,71.3485176338242
United States,USA,2016,85.5444212887222,102.751864866695,32.1144006365866,100.0,57976.628204291,98.7699279785156,80.4976645324131,102.751864866695,80.56809406560777,75.62375589628925,73.36891201029603
United States,USA,2017,87.2748891687657,102.380562632686,32.5702836317829,100.0,60047.7190728307,98.9523391723633,80.4018678392891,102.380562632686,78.02283309425337,80.56809406560777,75.62375589628925
United States,USA,2018,88.498903165152,103.935307364,33.0559177307939,100.0,62875.6661382728,99.2755813598633,80.2804567987377,103.935307364,82.23892556566793,78.02283309425337,80.56809406560777
United States,USA,2019,89.4302848575712,105.32074052965,33.835216356436,100.0,65227.9565911038,100.063430786133,80.1304793353594,105.32074052965,81.43832376213133,82.23892556566793,78.02283309425337
United States,USA,2020,90.34470367,103.855170008567,35.7156999293054,100.0,64465.2971415748,100.509819030762,79.997451762548,103.855170008567,81.80122457556166,81.43832376213133,82.23892556566793
United States,USA,2021,91.2684021,106.324514306135,37.0074278936277,100.0,71441.2319805947,101.192489624023,80.0074765140272,106.324514306135,82.36388974188726,81.80122457556166,81.43832376213133
United States,USA,2022,92.72850037,108.785640656159,37.4887954801437,100.0,78008.6895811877,97.4734878540039,80.0324978239707,108.785640656159,84.10337454432252,82.36388974188726,81.80122457556166
United States,USA,2023,93.52559662,112.410910606372,38.0939254696383,100.0,82586.7847707894,97.4734878540039,80.071561119178,112.410910606372,84.35929270062113,84.10337454432252,82.36388974188726
United States,USA,2024,94.69380188,113.190481805755,38.8571729185246,100.0,86169.6641581917,97.4734878540039,80.1247798047184,113.190481805755,85.01736831616948,84.35929270062113,84.10337454432252
Uzbekistan,UZB,2004,2.59372542084924,2.09033264372718,0.0211837790801537,99.5,462.171492867885,96.2950973510742,50.5696510233382,2.09033264372718,21.500638353057607,21.03582358132719,25.78135298287162
Uzbekistan,UZB,2005,3.34350988825952,2.73172471423598,0.0313806876547859,99.4,542.835808692209,87.8653335571289,51.0781236333777,2.73172471423598,21.73436294110785,21.500638353057607,21.03582358132719
Uzbekistan,UZB,2006,6.38832196706805,9.47736216612708,0.0323569650043262,99.5,649.118167003925,88.7272109985352,51.4638817209862,9.47736216612708,23.901004963528074,21.73436294110785,21.500638353057607
Uzbekistan,UZB,2007,7.49060468138629,21.020299595125,0.0708376212623368,99.5,824.028192334768,89.7682189941406,51.7087010288873,21.020299595125,25.890223932047675,23.901004963528074,21.73436294110785
Uzbekistan,UZB,2008,9.0801145234501,45.0095498148121,0.239900135203875,99.5,1074.72928796701,88.2303695678711,51.7943572998047,45.0095498148121,29.822113321220673,25.890223932047675,23.901004963528074
Uzbekistan,UZB,2009,11.9,58.7627376005608,0.317598905743188,99.5,1205.7993547038,89.0436019897461,51.6105041503906,58.7627376005608,32.78523056010545,29.822113321220673,25.890223932047675
Uzbekistan,UZB,2010,15.89999962,73.8123181598383,0.415705113729521,99.6,1956.78127255673,89.9835586547852,51.3321647644043,73.8123181598383,36.527630264612164,32.78523056010545,29.822113321220673
Uzbekistan,UZB,2011,18.6,88.2684522563008,0.512642664609435,99.7,2338.55462817306,89.7831726074219,51.3395500183105,88.2684522563008,39.39144835107881,36.527630264612164,32.78523056010545
Uzbekistan,UZB,2012,23.60000038,69.2849333824939,0.753795814305037,99.7,2573.95586785056,92.0473722973161,51.3359680175781,69.2849333824939,38.49146761797324,39.39144835107881,36.527630264612164
Uzbekistan,UZB,2013,26.79999924,72.3319640163618,1.03047816642845,99.8,2781.38869470315,92.0626676426806,51.1276969909668,72.3319640163618,39.89767189059479,38.49146761797324,39.39144835107881
Uzbekistan,UZB,2014,35.5,71.5984657244746,2.71465494120139,99.8,3021.00331668049,91.7418371921357,50.8868713378906,71.5984657244746,43.67145160814722,39.89767189059479,38.49146761797324
Uzbekistan,UZB,2015,42.79999924,70.8415066778981,5.81406186655157,99.9,3172.89899391083,92.2428124917835,50.6597328186035,70.8415066778981,47.71455418035356,43.67145160814722,39.89767189059479
Uzbekistan,UZB,2016,46.79130173,74.3669818295078,8.77864127770599,99.9,3128.42307170099,92.8148657883702,50.6572189331055,74.3669818295078,50.98742234080278,47.71455418035356,43.67145160814722
Uzbekistan,UZB,2017,48.6999988524556,76.2604866788199,10.4346190212708,100.0,2271.4730109511,93.8775736591193,50.6787376403809,76.2604866788199,50.9546630310612,50.98742234080278,47.71455418035356
Uzbekistan,UZB,2018,55.2000006732722,71.744368617656,12.7372983265011,100.0,1894.09088741408,94.9465096520158,50.5814971923828,71.744368617656,54.83426712934072,50.9546630310612,50.98742234080278
Uzbekistan,UZB,2019,70.3999986481458,101.259829415713,10.5554301857614,100.0,2128.66067138334,96.2074737548828,50.5920104980469,101.259829415713,64.2939473194534,54.83426712934072,50.9546630310612
Uzbekistan,UZB,2020,71.09999824,99.4063901870675,15.8070422134311,100.0,2087.96374711792,90.0642970154019,50.7670402526855,99.4063901870675,65.63376293443272,64.2939473194534,54.83426712934072
Uzbekistan,UZB,2021,76.59043014,102.410090312681,21.8944210928633,99.9,2370.36480555669,97.2589036917117,50.9269905090332,102.410090312681,69.87936258708027,65.63376293443272,64.2939473194534
Uzbekistan,UZB,2022,83.90000012,105.471643327627,25.7992232452287,100.0,2698.60262953369,97.3779819618405,50.9847412109375,105.471643327627,75.55727963050761,69.87936258708027,65.63376293443272
Uzbekistan,UZB,2023,89.01361047,106.884847592051,30.2699233460544,100.0,3015.97705069457,97.3839945834102,50.9964841114568,106.884847592051,78.66168929814125,75.55727963050761,69.87936258708027
Uzbekistan,UZB,2024,89.50550079,110.492018573638,34.7381414135069,100.0,3337.45492058664,96.8399222342106,50.9986686706543,110.492018573638,80.78210507878691,78.66168929814125,75.55727963050761
St. Vincent and the Grenadines,VCT,2004,7.37116584201749,63.8099880356272,1.16984978065317,84.9,4873.48947742443,94.3642807006836,45.3517185236482,63.8099880356272,32.023363107237415,29.945604268491056,21.77256700895469
St. Vincent and the Grenadines,VCT,2005,9.19827808234299,62.8012449977768,3.24321920853713,86.2,5157.39373878102,89.9227676391602,45.4681221654846,62.8012449977768,31.902702801931472,32.023363107237415,29.945604268491056
St. Vincent and the Grenadines,VCT,2006,12.0,78.2348634992055,5.01544449800918,87.5,5744.8278621257,89.9227676391602,45.5853616874371,78.2348634992055,35.79102305254513,31.902702801931472,32.023363107237415
St. Vincent and the Grenadines,VCT,2007,16.0,99.067523827456,7.14778850723117,88.8,6398.19123532172,104.393867492676,45.7034351404912,99.067523827456,40.98887793749048,35.79102305254513,31.902702801931472
St. Vincent and the Grenadines,VCT,2008,21.0,117.175847533955,8.43390856360558,90.1,6598.90531450859,108.906349182129,45.8223405756329,117.175847533955,45.89579892217957,40.98887793749048,35.79102305254513
St. Vincent and the Grenadines,VCT,2009,31.0,109.597495203967,10.4128207912549,91.4,6463.78777336717,111.075256347656,45.9420760438477,109.597495203967,49.40182919652978,45.89579892217957,40.98887793749048
St. Vincent and the Grenadines,VCT,2010,33.70000076,119.85467310543,11.3696923398721,92.7,6551.96835992405,110.652717590332,46.0626395961215,119.85467310543,52.38528684802831,49.40182919652978,45.89579892217957
St. Vincent and the Grenadines,VCT,2011,36.70000076,120.539739732416,12.1162516346743,94.1,6527.68996854448,108.306083679199,46.18402928344,120.539739732416,55.24075532207537,52.38528684802831,49.40182919652978
St. Vincent and the Grenadines,VCT,2012,40.0,116.789287816363,12.5220718069453,95.4,6713.80768643865,105.851867675781,46.3063114823836,116.789287816363,56.16931030639435,55.24075532207537,52.38528684802831
St. Vincent and the Grenadines,VCT,2013,43.5,115.945808480141,13.505340546539,96.8,7072.46737188939,108.723846435547,46.4319347036311,115.945808480141,56.513436645318585,56.16931030639435,55.24075532207537
St. Vincent and the Grenadines,VCT,2014,47.4,106.957734691031,13.684846794067,98.1,7168.82875342911,111.371963500977,46.5579930468544,106.957734691031,57.40847642407543,56.513436645318585,56.16931030639435
St. Vincent and the Grenadines,VCT,2015,49.40000153,105.99382946896,15.8563949139865,99.4,7353.73556054184,114.022842407227,46.6845638727475,105.99382946896,59.566007174180484,57.40847642407543,56.513436645318585
St. Vincent and the Grenadines,VCT,2016,51.5,105.923892091134,20.5596667575624,99.7,7656.90042881178,114.022842407227,46.8116589511271,105.923892091134,62.321055463979526,59.566007174180484,57.40847642407543
St. Vincent and the Grenadines,VCT,2017,53.70000076,109.635350122559,18.2400651126695,100.0,7988.04445019298,114.022842407227,46.9392900518098,109.635350122559,60.70363082049188,62.321055463979526,59.566007174180484
St. Vincent and the Grenadines,VCT,2018,56.0,107.164096601414,23.4574843222843,100.0,8428.12677153069,114.022842407227,47.0674689446123,107.164096601414,65.09245268029169,60.70363082049188,62.321055463979526
St. Vincent and the Grenadines,VCT,2019,59.57630157,92.5177839430914,20.8463332917335,100.0,8740.59425232061,127.1875,47.1962073993512,92.5177839430914,62.305971574788714,65.09245268029169,60.70363082049188
St. Vincent and the Grenadines,VCT,2020,63.38100052,96.9437629194598,23.8906168498735,100.0,8351.20324040982,127.844391153744,47.3255171858432,96.9437629194598,64.90219192023919,62.305971574788714,65.09245268029169
St. Vincent and the Grenadines,VCT,2021,68.83339691,95.5173520288601,27.1020312910221,100.0,8641.27904024443,130.489101541733,47.4554100739049,95.5173520288601,67.30710464751121,64.90219192023919,62.305971574788714
St. Vincent and the Grenadines,VCT,2022,74.75479889,102.334241420536,28.9967269662701,100.0,9693.55867833025,128.182294394971,47.585897833353,102.334241420536,72.29300946364842,67.30710464751121,64.90219192023919
St. Vincent and the Grenadines,VCT,2023,75.53679657,101.631416361537,30.4935700680004,100.0,10582.3656725229,125.381038491346,47.7169922340041,101.631416361537,72.02826734447626,72.29300946364842,67.30710464751121
St. Vincent and the Grenadines,VCT,2024,76.19010162,108.354536057883,29.4605231772283,100.0,11501.2265187188,124.871794871795,47.8487050456749,108.354536057883,72.67497148481777,72.02826734447626,72.29300946364842
"Venezuela, RB",VEN,2004,8.40446959241215,31.9692942191133,0.798034595558425,99.1,4269.08970872392,71.0196380615234,88.5835546444319,31.9692942191133,29.821267824981852,27.651879128023857,27.575809765250437
"Venezuela, RB",VEN,2005,12.5529979098299,46.6505354851398,1.32980141271847,98.8,5432.4854184654,73.3435287475586,88.638673298371,46.6505354851398,32.594736793286984,29.821267824981852,27.651879128023857
"Venezuela, RB",VEN,2006,15.2247114771787,69.0162817672167,1.97478127020455,99.3,6739.38065342218,75.8546676635742,88.6870816028803,69.0162817672167,36.81148759492934,32.594736793286984,29.821267824981852
"Venezuela, RB",VEN,2007,20.83,86.1507478490553,3.10246568790753,98.9,8331.62096991844,78.2070236206055,88.7282308562487,86.1507478490553,41.71057552322108,36.81148759492934,32.594736793286984
"Venezuela, RB",VEN,2008,25.88,97.7210881589364,3.97495217742432,98.9,11262.4514256759,79.8805770874023,88.7615723567652,97.7210881589364,45.55955813726858,41.71057552322108,36.81148759492934
"Venezuela, RB",VEN,2009,32.7,98.8932952316626,4.92838214157542,99.0,11596.6021921731,80.7918167114258,88.7865574027187,98.8932952316626,48.5039716379483,45.55955813726858,41.71057552322108
"Venezuela, RB",VEN,2010,37.37,96.7619972595105,5.80665024566429,99.1,13646.3046622664,80.7240982055664,88.8026372923982,96.7619972595105,50.44084406651361,48.5039716379483,45.55955813726858
"Venezuela, RB",VEN,2011,40.22,98.6184338835709,6.22108895422792,98.8,10843.9229703167,81.6782836914062,88.8079278904659,98.6184338835709,52.23008344499587,50.44084406651361,48.5039716379483
"Venezuela, RB",VEN,2012,49.0500830729861,103.435247267139,6.89152396038334,99.3,12582.0125686037,83.8216934204102,88.8401868543141,103.435247267139,56.491832215324266,52.23008344499587,50.44084406651361
"Venezuela, RB",VEN,2013,54.90000153,103.28923003251,7.4666228138768,99.4,8642.37380007027,91.4725494384766,88.8786817039721,103.28923003251,58.078558294611796,56.491832215324266,52.23008344499587
"Venezuela, RB",VEN,2014,57.0,100.905474597326,7.9330889563685,100.0,7101.15006382986,90.8081207275391,88.9163913525251,100.905474597326,58.76659227373977,58.078558294611796,56.491832215324266
"Venezuela, RB",VEN,2015,58.0,95.1577930404332,8.47031913288859,100.0,4096.61989137473,88.8302230834961,88.9539804079292,95.1577930404332,58.662394941205726,58.76659227373977,58.078558294611796
"Venezuela, RB",VEN,2016,60.0,89.713138519105,8.49644019382612,99.4,3671.23004093383,85.1329498291016,88.9914428378712,89.713138519105,58.505937837926616,58.662394941205726,58.76659227373977
"Venezuela, RB",VEN,2019,49.05009842,63.8474442929871,8.85037434042832,99.8,2523.11527549578,85.1329498291016,89.1030100517924,63.8474442929871,49.01566739068626,58.505937837926616,58.662394941205726
"Venezuela, RB",VEN,2020,72.44110107,58.1625657953324,9.00606477756336,99.9,1506.04169391285,85.1329498291016,89.1399056567545,58.1625657953324,57.36884889284582,49.01566739068626,58.505937837926616
"Venezuela, RB",VEN,2021,74.11219788,60.2344883065715,9.2424360147272,100.0,2004.93572921136,85.1329498291016,89.1766444746891,60.2344883065715,57.11658209404077,57.36884889284582,49.01566739068626
"Venezuela, RB",VEN,2022,75.82180023,66.4667731210739,9.58036143387288,100.0,3155.04190923584,96.7906723022461,89.2132204732836,66.4667731210739,60.20377578769952,57.11658209404077,57.36884889284582
"Venezuela, RB",VEN,2023,76.33190155,70.2197325918151,10.638053537183,100.0,3617.47038396528,97.229606628418,89.249627620225,70.2197325918151,59.84629279744132,60.20377578769952,57.11658209404077
"Venezuela, RB",VEN,2024,76.67890167,71.0075917225029,12.9446636524427,100.0,4244.45723136019,97.7908172607422,89.285859883201,71.0075917225029,60.24128022520122,59.84629279744132,60.20377578769952
Viet Nam,VNM,2015,45.0,129.627056599416,8.24967739226207,99.3,2577.56885340113,89.4548341262217,32.3810945365679,129.627056599416,58.197109899176496,58.47855080756467,55.28289681231203
Viet Nam,VNM,2016,53.0,128.297962650408,9.679017739946,99.2,2735.0604380416,90.1583347107672,32.8476189285136,128.297962650408,61.819883886633534,58.197109899176496,58.47855080756467
Viet Nam,VNM,2017,58.1400000036297,126.097912313395,11.8410316814328,100.0,2956.10992127753,91.0725198149335,33.3625963003742,126.097912313395,63.031018999118224,61.819883886633534,58.197109899176496
Viet Nam,VNM,2018,69.8479286837965,146.137840768403,13.5025072757898,100.0,3222.31003125366,92.8377710790826,33.9410227821412,146.137840768403,72.63522381322198,63.031018999118224,61.819883886633534
Viet Nam,VNM,2019,68.6615802057338,140.192561828615,15.2328957557438,99.4,3440.90025375434,94.654621676317,34.6239134999511,140.192561828615,71.21854238820946,72.63522381322198,63.031018999118224
Viet Nam,VNM,2020,70.30000012,141.655558720912,17.0262915402718,99.8,3534.03953482647,93.1921389514105,35.5706676299742,141.655558720912,72.1838290967692,71.21854238820946,72.63522381322198
Viet Nam,VNM,2021,74.20999985,136.806313165021,19.5362327330994,100.0,3704.1935590038,92.7690209240401,36.6540656426603,136.806313165021,73.8232551768695,72.1838290967692,71.21854238820946
Viet Nam,VNM,2022,78.58999918,137.852422819653,21.3681380805533,100.0,4147.69777213621,93.4123434096522,37.5478515625,137.852422819653,76.6464299589665,73.8232551768695,72.1838290967692
Viet Nam,VNM,2023,78.08,130.991428667547,22.6806675035061,99.8,4322.82572261566,93.4123434096522,38.1298904418945,130.991428667547,75.34740601142435,76.6464299589665,73.8232551768695
Viet Nam,VNM,2024,84.15,127.606471743496,23.711259212336,100.0,4716.6599379632,93.4123434096522,38.4900703430176,127.606471743496,77.5546773223263,75.34740601142435,76.6464299589665
Vanuatu,VUT,2004,4.74660261917533,5.10619266835512,0.0111807341367258,29.2,1774.31867585894,40.8122901916504,22.7291073078871,5.10619266835512,8.45502512257296,7.648663114491713,8.988768633924995
Vanuatu,VUT,2005,5.082300186,6.02201556272537,0.0279939267413171,31.0,1873.99142640619,40.8122901916504,23.0020186653551,6.02201556272537,8.839378697907318,8.45502512257296,7.648663114491713
Vanuatu,VUT,2006,5.850599766,6.94692089309615,0.0439971656562756,26.4,2034.79289624351,40.8122901916504,23.2888338847199,6.94692089309615,8.302309114552644,8.839378697907318,8.45502512257296
Vanuatu,VUT,2007,6.800000191,11.7500316347006,0.0587501581735028,33.6,2333.70506748914,40.8122901916504,23.5955155378332,11.7500316347006,10.751380048264263,8.302309114552644,8.839378697907318
Vanuatu,VUT,2008,7.26911992337492,15.8662999788449,0.088146110993583,36.5,2603.60883136724,40.8122901916504,23.9280261965467,15.8662999788449,12.29606986227148,10.751380048264263,8.302309114552644
Vanuatu,VUT,2009,7.5,56.5812031916676,0.214840309198173,33.3,2546.38324565986,40.8122901916504,24.2861753285463,56.5812031916676,17.06629271469534,12.29606986227148,10.751380048264263
Vanuatu,VUT,2010,8.0,71.3269366374534,0.209865350391189,44.1,2815.18828985779,55.240120859084,24.742504119873,71.3269366374534,21.01415846449639,17.06629271469534,12.29606986227148
Vanuatu,VUT,2011,9.199999809,56.2507701027625,0.138413136515603,42.0,3163.1861645138,55.240120859084,24.7861634049013,56.2507701027625,18.861704271094574,21.01415846449639,17.06629271469534
Vanuatu,VUT,2012,10.59799957,58.6958530715236,0.124556518524769,43.9,3004.78416664293,55.240120859084,24.8183551383933,58.6958530715236,19.744905094503814,18.861704271094574,21.01415846449639
Vanuatu,VUT,2013,11.30000019,50.0011788653029,0.121816081294551,31.7,3392.56675091682,55.240120859084,24.8407362750263,50.0011788653029,15.743728316786129,19.744905094503814,18.861704271094574
Vanuatu,VUT,2014,18.79999924,59.9642637565324,1.75568705810022,49.1,3378.36411965135,55.240120859084,24.8549637694775,59.9642637565324,24.145862715132097,15.743728316786129,19.744905094503814
Vanuatu,VUT,2015,22.35140038,65.6961078688167,1.61480039533861,52.3,3214.41948587141,57.2510185241699,24.8626945764242,65.6961078688167,26.857006440161385,24.145862715132097,15.743728316786129
Samoa,WSM,2004,3.07552941044897,8.59065015114175,0.0171813003022835,90.5,2189.26042607992,81.9052886962891,21.5282844040566,8.59065015114175,20.952105224027804,25.277988386885188,24.05371726625401
Samoa,WSM,2005,3.35259211246829,12.8357346853641,0.0347634481061943,91.1,2550.04221437511,81.7751388549805,21.2352904191687,12.8357346853641,21.375602020005342,20.952105224027804,25.277988386885188
Samoa,WSM,2006,4.46917387320954,24.2396475395426,0.0522084716236302,96.4,2663.29135939532,81.539176940918,20.9567957063672,24.2396475395426,24.389184932728494,21.375602020005342,20.952105224027804
Samoa,WSM,2007,4.75,45.5621897400306,0.0688730775139998,92.5,3038.61904093377,80.4865264892578,20.6944481303605,45.5621897400306,26.516694745784584,24.389184932728494,21.375602020005342
Samoa,WSM,2008,5.031599998,45.5621897400306,0.0841631291851431,98.1,3373.60639884263,80.4865264892578,20.4038457706991,,27.208025037118773,26.516694745784584,24.389184932728494
Samoa,WSM,2009,6.0,45.5621897400306,0.104431552949408,97.9,3279.18269477295,82.5911865234375,20.1045321482817,,27.621056292190634,27.208025037118773,26.516694745784584
Samoa,WSM,2010,7.0,46.6265678183429,0.103614595151873,96.4,3524.2479246203,84.0352967940982,19.8302101862085,46.6265678183429,28.276132446939194,27.621056292190634,27.208025037118773
Samoa,WSM,2011,11.0,46.6265678183429,,96.7,3821.50678264479,82.7630728993357,19.6174273708146,,39.48198040614223,28.276132446939194,27.621056292190634
Samoa,WSM,2012,12.92249966,51.0447943490519,0.551659558875917,96.8,3934.60320799981,82.3821348963746,19.478718368689,51.0447943490519,30.76915789278886,39.48198040614223,28.276132446939194
Samoa,WSM,2013,15.30000019,50.3797889725019,0.624407367805193,97.0,4023.5254013825,82.3821348963746,19.3865949620667,50.3797889725019,31.20648298043394,30.76915789278886,39.48198040614223
Samoa,WSM,2014,21.20000076,53.2521483525548,1.01031309207797,97.9,3982.68080202084,87.4514117977902,19.3126679480432,53.2521483525548,34.07634044910732,31.20648298043394,30.76915789278886
"Yemen, Rep.",YEM,2004,0.881222988679516,6.68019390846876,,49.6,627.632023395762,41.5881881713867,28.4506523754813,6.68019390846876,13.86872030994669,13.856815364352654,13.594250948650505
"Yemen, Rep.",YEM,2005,1.048599958,9.99363977799995,0.00657303384344552,54.8,734.159908450927,40.5307083129883,28.8523786558834,9.99363977799995,12.416752132386332,13.86872030994669,13.856815364352654
"Yemen, Rep.",YEM,2006,1.24782404904485,12.6482202861877,0.0118123866784992,55.8,809.713127624703,40.5307083129883,29.2379493450977,12.6482202861877,13.029751009818959,12.416752132386332,13.86872030994669
"Yemen, Rep.",YEM,2007,5.01,17.8838117249543,0.0452338305298913,57.2,890.305768114988,40.5307083129883,29.6091538946366,17.8838117249543,15.639911878308332,13.029751009818959,12.416752132386332
"Yemen, Rep.",YEM,2008,6.89,25.6650810066812,0.103536401268225,58.4,1071.63583282105,37.9779014587402,29.9646637170333,25.6650810066812,17.8855986109159,15.639911878308332,13.029751009818959
"Yemen, Rep.",YEM,2009,9.96,32.0622049201079,0.208271269780564,59.6,969.243509864478,37.9779014587402,30.3031502248211,32.0622049201079,20.194814013894756,17.8855986109159,15.639911878308332
"Yemen, Rep.",YEM,2010,12.35,41.4324574134328,0.313967200967826,60.8,1155.20305261418,39.0662307739258,30.6232848305331,41.4324574134328,22.42393824286836,20.194814013894756,17.8855986109159
"Yemen, Rep.",YEM,2011,14.90499973,42.3015755016596,0.39517241426816,62.0,1186.47500581215,40.6695289611816,30.9237389467026,42.3015755016596,23.67516148677109,22.42393824286836,20.194814013894756
"Yemen, Rep.",YEM,2012,17.44650078,48.8857444140036,0.588387412982935,52.4,1245.05068272078,40.9747505187988,31.2031839858628,48.8857444140036,23.195471817146228,23.67516148677109,22.42393824286836
"Yemen, Rep.",YEM,2013,20.0,57.4650413919417,0.876063250129158,75.6,1378.75002954928,42.7084617614746,31.4427187944215,57.4650413919417,29.82622962872821,23.195471817146228,23.67516148677109
"Yemen, Rep.",YEM,2014,22.54999924,56.5732322792042,1.12484789327073,66.1,1430.16420964026,42.7084617614746,31.8626162180918,56.5732322792042,28.514765037609827,29.82622962872821,23.195471817146228
"Yemen, Rep.",YEM,2015,24.08539963,48.2100525815999,1.26767609842289,67.4,1362.1738120601,42.7084617614746,32.3883178702702,48.2100525815999,28.0073198459091,28.514765037609827,29.82622962872821
"Yemen, Rep.",YEM,2016,24.57920074,51.1789525743709,0.860253866438112,68.9,975.359417003225,43.6906890869141,32.9512008005236,51.1789525743709,28.64931722926508,28.0073198459091,28.514765037609827
"Yemen, Rep.",YEM,2019,17.49099922,43.3990001198471,1.08796548403869,72.8,975.359417003225,43.6906890869141,34.9067561732024,43.3990001198471,24.147414637464085,28.64931722926508,28.0073198459091
South Africa,ZAF,2004,8.4251186825406,42.5360187041727,0.122470421913257,80.6,5221.46333731721,78.2966613769531,59.0977390950102,42.5360187041727,27.228571920280764,24.88216541122625,24.061943873640804
South Africa,ZAF,2005,7.48854252992921,68.6197925954101,0.333986441269902,80.8,5836.87663325127,80.4203414916992,59.8241758378997,68.6197925954101,28.80477146665028,27.228571920280764,24.88216541122625
South Africa,ZAF,2006,7.60713967477381,79.3267335992398,0.670247096714953,80.7,6077.38293388876,83.7833480834961,60.5276465215157,79.3267335992398,30.26265961090236,28.80477146665028,27.228571920280764
South Africa,ZAF,2007,8.06537517355504,83.7149918944889,0.748091416929475,82.0,6591.85535960564,85.5366287231445,61.1840533154988,83.7149918944889,31.220773782409225,30.26265961090236,28.80477146665028
South Africa,ZAF,2008,8.43,88.0374704690533,0.833421387107038,81.9,6184.75474328399,84.0473480224609,61.7692983894896,88.0374704690533,31.956827847964643,31.220773782409225,30.26265961090236
South Africa,ZAF,2009,10.0,89.7686684071896,0.929854627958011,82.6,6374.70560042992,85.9605407714844,62.2592839131287,89.7686684071896,32.87797021798002,31.956827847964643,31.220773782409225
South Africa,ZAF,2010,24.0,96.2325212467793,1.41945452406807,82.8,7973.47195771517,86.5922045596808,62.6299120560569,96.2325212467793,39.790944326517604,32.87797021798002,31.956827847964643
South Africa,ZAF,2011,33.97,120.765642853915,1.71147559482032,83.6,8646.05571071635,88.9442291259766,62.850627754452,120.765642853915,47.484049698876916,39.790944326517604,32.87797021798002
South Africa,ZAF,2012,41.0,127.16760060932,2.0586596396561,85.2,8076.97678479741,92.1625137329102,62.9616560303263,127.16760060932,51.4674755173299,47.484049698876916,39.790944326517604
South Africa,ZAF,2013,46.5,140.576037974212,2.95399728205402,85.2,7331.65467384919,92.1625137329102,63.0524024097034,140.576037974212,55.568610550977816,51.4674755173299,47.484049698876916
South Africa,ZAF,2014,49.0,142.60448245213,3.06919322257941,85.9,6856.73137092522,101.163200378418,63.1352327065742,142.60448245213,56.85633461835032,55.568610550977816,51.4674755173299
South Africa,ZAF,2015,51.91910172,155.137526067883,2.48458942184794,85.3,6112.27382485974,104.622812990742,63.2096349937231,150.0,58.817789782861674,56.85633461835032,55.568610550977816
South Africa,ZAF,2016,54.0,143.92861725374,2.00974331775672,83.9,5651.20585165749,103.855987548828,63.2750973439347,143.92861725374,58.265301157825256,58.817789782861674,56.85633461835032
South Africa,ZAF,2017,56.16740036,153.547950468153,1.94879126044618,84.4,6618.33508255701,105.623168945312,63.3311078299936,150.0,59.490059559196624,58.265301157825256,58.817789782861674
South Africa,ZAF,2018,62.40000153,157.691905248121,1.88868165955195,84.7,6914.1780318076,101.399612936693,63.3771545246841,150.0,61.94803149516048,59.490059559196624,58.265301157825256
South Africa,ZAF,2019,69.69689941,162.73854828041,2.09833928490665,85.0,6533.71121032856,103.78912033531,63.4127255007908,150.0,65.18518928008366,61.94803149516048,59.490059559196624
South Africa,ZAF,2020,72.1128006,158.447269436121,2.15159473337087,90.0,5580.60383075189,103.501178102472,63.4373088310982,150.0,66.66263034135493,65.18518928008366,61.94803149516048
South Africa,ZAF,2021,74.96859741,163.12806305125,2.75540858002384,89.3,6828.75624590017,106.443303990911,63.4503925883909,150.0,67.87984565919177,66.66263034135493,65.18518928008366
South Africa,ZAF,2022,78.29319763,160.728511675754,3.12297476001713,86.5,6534.24867783397,104.535066506498,63.4766699210327,150.0,68.77007740580169,67.87984565919177,66.66263034135493
South Africa,ZAF,2023,78.33670044,171.508619260428,3.4056617766544,87.7,6034.27208964673,104.133480684239,63.5823705163545,150.0,69.10119391123767,68.77007740580169,67.87984565919177
South Africa,ZAF,2024,78.35759735,179.336329840585,5.34791194620067,90.2,6267.186814093,104.133480684239,63.6917984858172,150.0,70.18663560994517,69.10119391123767,68.77007740580169
Zambia,ZMB,2024,17.10099983,108.704779873813,0.789797548725881,53.6,1187.10943350064,56.7889289855957,45.4703838491279,108.704779873813,25.864830998698938,24.90918345318453,23.968357070881986
Zimbabwe,ZWE,2004,2.1,3.44289649532877,0.0725139528910804,35.6,469.719298949304,39.1011009216309,32.6278168233873,3.44289649532877,8.289623231485555,8.08232567645744,7.7731978158528605
Zimbabwe,ZWE,2005,2.400000095,5.18375075059487,0.0815881401845262,36.1,461.271387547912,39.1011009216309,32.6482709722903,5.18375075059487,8.583302728083094,8.289623231485555,8.08232567645744
Zimbabwe,ZWE,2006,2.400000095,6.71981716376718,0.0807189047235991,37.2,431.034994414964,39.1011009216309,32.6640794641194,6.71981716376718,8.966256925424068,8.583302728083094,8.289623231485555
Zimbabwe,ZWE,2007,3.0,9.57238712914296,0.118790464710485,37.2,413.521244592925,39.1011009216309,32.67762208489,9.57238712914296,9.546834254731507,8.966256925424068,8.583302728083094
Zimbabwe,ZWE,2008,3.5,12.7687473922863,0.138898009429477,37.7,340.917447588572,39.1011009216309,32.6912786206175,12.7687473922863,10.482274583542871,9.546834254731507,8.966256925424068
Zimbabwe,ZWE,2009,4.0,30.3664594808256,0.358599658063471,43.4,735.821693871697,39.1011009216309,32.7074288573175,30.3664594808256,14.142655657762091,10.482274583542871,9.546834254731507
Zimbabwe,ZWE,2010,6.400000095,57.6496262357609,0.24706982672469,38.9,902.010759067388,39.1011009216309,32.7284525810054,57.6496262357609,17.40214870563964,14.142655657762091,10.482274583542871
Zimbabwe,ZWE,2011,8.399999619,67.6698277302716,0.250084145959699,36.9,1037.77565157218,39.1011009216309,32.7567295776968,67.6698277302716,19.0542474326147,17.40214870563964,14.142655657762091
Zimbabwe,ZWE,2012,12.0,91.2870035773198,0.520376234079784,44.0,1239.22709745709,75.8648109767885,32.7931752128328,91.2870035773198,25.096052960937264,19.0542474326147,17.40214870563964
Zimbabwe,ZWE,2013,15.5,97.2838146490947,0.741525786567077,40.6,1362.99498323368,52.4158515930176,32.9019343169941,97.2838146490947,26.376889084614998,25.096052960937264,19.0542474326147
Zimbabwe,ZWE,2014,16.3647399572904,83.0460608477621,1.0715151211425,32.3,1372.91526173161,52.4158515930176,33.1628075970801,83.0460608477621,22.76369250957199,26.376889084614998,25.096052960937264
Zimbabwe,ZWE,2015,22.74279976,88.5991977366782,1.13887667161631,33.7,1387.12632595026,52.4158515930176,33.5612641766874,88.5991977366782,26.320305204323684,22.76369250957199,26.376889084614998
Zimbabwe,ZWE,2016,23.12000084,88.2100456333277,1.17009972538909,42.5,1408.13945253431,52.4158515930176,34.0799460726314,88.2100456333277,28.13159899880404,26.320305204323684,22.76369250957199
Zimbabwe,ZWE,2017,24.39999962,95.136682697741,1.26454162104636,44.0,3445.44941020134,52.4158515930176,34.7014953017273,95.136682697741,29.229353602015713,28.13159899880404,26.320305204323684
Zimbabwe,ZWE,2018,25.0,85.8627371320218,1.35060459802592,45.4,2270.89531874302,52.4158515930176,35.4085538807905,85.8627371320218,27.902961881879982,29.229353602015713,28.13159899880404
Zimbabwe,ZWE,2019,26.5883007,86.4094297249598,1.33860961244598,46.7,2184.52155388801,52.4158515930176,36.1837638266364,86.4094297249598,29.05330449722843,27.902961881879982,29.229353602015713
Zimbabwe,ZWE,2020,29.29856532,84.9604118996672,1.31037848666133,52.7,2059.63704025274,52.4158515930176,37.0097671560802,84.9604118996672,29.85321191800445,29.05330449722843,27.902961881879982
Zimbabwe,ZWE,2021,32.5923996,90.2538486226365,1.29980547197891,49.0,2613.6167414057,52.4158515930176,37.8692058859373,90.2538486226365,30.113543227711407,29.85321191800445,29.05330449722843
Zimbabwe,ZWE,2022,36.25650024,88.9958314912836,1.62150159909829,50.1,2536.40197087505,52.4158515930176,38.7055207169041,88.9958314912836,32.617476659379555,30.113543227711407,29.85321191800445
Zimbabwe,ZWE,2023,38.67480087,91.6344110473757,1.5745780720211,62.0,2195.22502010174,52.4158515930176,39.2919370795795,91.6344110473757,35.47270382278443,32.617476659379555,30.113543227711407
Zimbabwe,ZWE,2024,41.64279938,94.2451753366358,1.93865437549104,62.0,2496.15514995576,52.4158515930176,39.8933716820696,94.2451753366358,36.35755253171962,35.47270382278443,32.617476659379555
